Ordem,Produto*,Empresa*,No Lote*,"Quantidade Roubada/Furtada/Extraviada*",No Nota Fiscal*,No Boletim de Ocorrência*,"Data do roubo ouextravio*",Cidade*,UF*
1,ACNEBLOCK GEL 1X30,IAG PHARMA,0000187532,3 UN.,785693,2523/2021,19/08/2021,"RUA CORONEL OLIVEIRA LIMA 478,CENTRO - SANTO ANDRÉ",
2,ACNEBLOCK S SABONETE 1X80G,KLEY HERTZ FARMACÊUTICA S.A.,0000155072,6 UNIDADES,699172,1960/2020,27/02/2020,ITAQUAQUECETUBA,SP
3,ACNEBLOCK S SABONETE 1X80G,KLEY HERTZ DISTRIBUIDORA,177289,6 UNIDADES,351827,2021/336080,12/03/2021,CURITIBA,PR
4,ACNEBLOCK S SABONETE 1X80G,IAG PHARMA DISTRIBUIDORA,181991,6 UN,771171,1149-2021,01/06/2021,"AV. DONA BELMIRA MARIN, 1276GRAJAÚ- SP",SP
5,ACNEBLOCK S SABONETE 1X80G,IAG PHARMA,0000181991,3 UN.,785693,2523/2021,19/08/2021,"RUA CORONEL OLIVEIRA LIMA 478,CENTRO - SANTO ANDRÉ",
6,ACNEBLOCK SABONETE 1X70G,IAG PHARMA,0000179869,1 UN.,785693,2523/2021,19/08/2021,"RUA CORONEL OLIVEIRA LIMA 478,CENTRO - SANTO ANDRÉ",
7,ACNEBLOCK SABONETE ESFOLIANTE 1X90G,KLEY HERTZ FARMACÊUTICA S.A.,0000167951,20 UNIDADES,320.870,9755/2020,10/10/2020,SÃO LEOPOLDO,RS
8,ACNEBLOCK SABONETE ESFOLIANTE 1X90G,KLEY HERTZ DISTRIBUIDORA,175539,6 UNIDADES,351827,2021/336082,12/03/2021,CURITIBA,PR
9,ACNEBLOCK SABONETE ESFOLIANTE 1X90G,IAG PHARMA DISTRIBUIDORA,179867,6 UN,771171,1149-2021,01/06/2021,"AV. DONA BELMIRA MARIN, 1276GRAJAÚ- SP",SP
10,ACNEBLOCK SABONETE HERBAL 1X85G,KLEY HERTZ FARMACÊUTICA S.A.,0000151790,6 UNIDADES,699172,1960/2020,27/02/2020,ITAQUAQUECETUBA,SP
11,ACNEBLOCK SABONETE HERBAL 1X85G,KLEY HERTZ DISTRIBUIDORA,171220,6 UNIDADES,351827,2021/336083,12/03/2021,CURITIBA,PR
12,ACNEBLOCK SABONETE HERBAL 1X85G,IAG PHARMA DISTRIBUIDORA,173148,6 UN,771171,1149-2021,01/06/2021,"AV. DONA BELMIRA MARIN, 1276GRAJAÚ- SP",SP
13,ACNEBLOCK SABONETE HERBAL 1X85G,IAG PHARMA,0000177288,1 UN.,785693,2523/2021,19/08/2021,"RUA CORONEL OLIVEIRA LIMA 478,CENTRO - SANTO ANDRÉ",
14,ACNEBLOCK SABONETE HERBAL 1X85G,KLEY HERTZ DISTRIBUIDORA,0000171220,4 UN.,347742,2021/516098,04/05/2021,CURITIBA,PR
15,ACNEBLOCK SABONETE LIQUIDO 1X150ML,KLEY HERTZ DISTRIBUIDORA,171128,6 UNIDADES,351827,2021/336081,12/03/2021,CURITIBA,PR
16,ACNEBLOCK SABONETE LÍQUIDO 1X150ML,KLEY HERTZ DISTRIBUIDORA,171128,6 unidades,338186,2021/378528,01/03/2021,CURITIBA,PR
17,ACNEZIL GEL,"NUTRACOM INDÚSTRIA ECOMÉRCIO LTDA",2109525,6,106674,074-03848/2021,-,SÃO GONÇALO,RJ
18,ACNEZIL GEL,"CIMED INDÚSTRIA DEMEDICAMENTOS LTDA",2115162,4,131.390 / 131.942,071-0362/2021-02,09/09/2021,-,-
19,ACNEZIL GEL ESFOLIANTE,"CIMED INDÚSTRIA DEMEDICAMENTOS LTDA",2112846,2,131942,071-0362/2021-02,09/09/2021,-,-
20,ACNEZIL GEL SECATIVO,"CIMED INDÚSTRIA DEMEDICAMENTOS LTDA",2110971,2,131942,071-0362/2021-02,09/09/2021,-,-
21,ACNEZIL LENÇO DEMAQUILANTE,"CIMED INDÚSTRIA DEMEDICAMENTOS LTDA",2106307,2,131942,071-0362/2021-02,09/09/2021,-,-
22,"ACNEZIL SAB BARRA CART X 90GESFOLIANTE","NUTRACOM INDUSTRIA ECOMÉRCIO LTDA",2100551,4,660813,1461177210630084049,30/06/2021,BOM JESUS DO AMPARO,MG
23,"ACNEZIL SAB BARRA CART X 90GESFOLIANTE",CIMED INDÚSTRIA S.A.,2115719,3,000.741.536,2021-055487745-002,18/11/2021,BETIM,MG
24,ACNEZIL SAB BARRA ESFOLIANTE,"CIMED INDÚSTRIA DEMEDICAMENTOS LTDA",2106972,2,131942,071-0362/2021-02,09/09/2021,-,-
25,ACNEZIL SAB BARRA EXTRA SEC,"CIMED INDÚSTRIA DEMEDICAMENTOS LTDA",2024226,2,131942,071-0362/2021-02,09/09/2021,-,-
26,ACNEZIL SAB BARRA FORM FORTE,"CIMED INDÚSTRIA DEMEDICAMENTOS LTDA",2106974,2,131942,071-0362/2021-02,09/09/2021,-,-
27,ACNEZIL SABONETE LÍQ FACIAL,"CIMED INDÚSTRIA DEMEDICAMENTOS LTDA",2111384,1,131942,071-0362/2021-02,09/09/2021,-,-
28,ACQUAGEL HOT 1X60,KLEY HERTZ FARMACÊUTICA S.A.,0000146766,6 UNIDADES,699044,1960/2020,27/02/2020,ITAQUAQUECETUBA,SP
29,ACTSUN COLOR 60 COM 60ML,DIVCOM S.A,202511,12 UNIDADES,20965,"Conforme RDC 304/2019, quandodo furto ou extravio, a comunicaçãocom as autoridades policiais não érequerimento das Boas Práticas deDistribuição e Armazenamento",21/01/2021,"AV DAS INDUSTRIAS 405, DIST.INDUSTRIAL - CACHOEIRINHA - RS /CEP 94930-230",RS
30,ACTSUN FPS 60,Divcom S.A,201610,12 UNIDADES,112214,"Conforme RDC 304/2019, quandodo furto ou extravio, a comunicaçãocom as autoridades policiais não érequerimento das Boas Práticas deDistribuição e Armazenamento",29/09/2020,"AV DAS INDUSTRIAS 405, DIST.INDUSTRIAL - CACHOEIRINHA - RS /CEP 94930-230",RS
31,Alívio Para Os Pés,Minancora & Cia. Ltda.,26926,360 unidades,56739,2661/2020,12/10/2020,São Paulo,SP
32,ARNICA GEL HERTZ 1X30,IAG PHARMA DISTRIBUIDORA,173060,6 UN,760601,1860-2021,25/03/2021,"RUA HERMENEGILDO PEREIRA DEFRANÇA,184 - PRAIA GRANDE -SP",SP
Ordem,Produto*,Empresa*,No Lote*,"Quantidade Roubada/Furtada/Extraviada*",No Nota Fiscal*,No Boletim de Ocorrência*,"Data do roubo ouextravio*",Cidade*,UF*
33,ARTROTOP CT BG 50G,COSMED IND COSM MED S/A,201706,24,815.637,17565444,18/12/2020,"TRANSPORTADORA TRANSLAGTRANSPORTE E LOGISTICA, VIAACESSO 008 SN, CHÁCARASMARIVÂNIA - APARECIDA DE GOIÂNIA",GO
34,ASEPXIA SAB ANTIAC ENXOFRE 80GR,"GENOMMA LABORATORIES DOBRASIL LTDA",EN9217,2,11344202,161/2020 e 2610/2020,13/03/2020,Mongagua,SP
35,ASEPXIA SAB ANTIAC ESFOLIAN 80GR,"GENOMMA LABORATORIES DOBRASIL LTDA",ES9343,3,11346986,161/2020 e 2610/2020,13/03/2020,Mongagua,SP
36,ASEPXIA SAB ANTIAC ESFOLIAN 80GR,"GENOMMA LABORATORIES DOBRASIL LTDA",ES9343,1,11344202,161/2020 e 2610/2020,13/03/2020,Mongagua,SP
37,ASEPXIA SAB ANTIACNE NEUTRO 80GR,"GENOMMA LABORATORIES DOBRASIL LTDA",NE9134,1,11344202,161/2020 e 2610/2020,13/03/2020,Mongagua,SP
38,ASEPXIA SAB LIMPE PROFUNDA 100ML,"GENOMMA LABORATORIES DOBRASIL LTDA",200106,2,11346986,161/2020 e 2610/2020,13/03/2020,Mongagua,SP
39,ASEPXIA SABONETE DETOX 80G,"GENOMMA LABORATORIES DOBRASIL LTDA",DX9133,2,11344202,161/2020 e 2610/2020,13/03/2020,Mongagua,SP
40,AVENE CLEANANCE GEL 150ML,"LABORATORIOS PIERRE FABREBRASIL",21000362,12,16099914,492/2021,16/08/2021,JUNDIAÍ,SP
41,BABYMED ROSA POM BG 45 G,"NUTRACON INDUSTRIA ECOMERCIO LTDA",2003037,12,455362,2020-021358323-001,05/05/2020,BELO HORIZONTE,MG
42,BANHO BANHO DES AERO OCEAN 80 G,CELLERA,129678,02 CAIXAS,21186,N/A,18/01/2021,SÃO PAULO,SP
43,BB CREAM BASE CLARA 30ML,"L'OREAL BRASIL COMERCIALCOSMETICOS",58U307,1,16531754,9265/2021,28/09/2021,FRANCA,SP
44,BEPANTOL BABY 30G 15% OFF,BAYER S A,2106122,1,16523120,9265/2021,28/09/2021,FRANCA,SP
45,BEPANTOL DERMA LC REVIT F25 50ML,BAYER S A,2011125,1,16328541,8435;8517;8630;8679/2021,08/09/2021,FRANCA,SP
46,BEPANTRIZ DERMA CREME,"CIMED INDÚSTRIA DEMEDICAMENTOS LTDA",2110038,6,131925,071-0362/2021-02,09/09/2021,-,-
47,BEPANTRIZ DERMA SOL FR C/ 50 ML,"NUTRACOM INDUSTRIA ECOMÉRCIO LTDA",2024323,2,592554,2021-009618257-001,24/02/2021,CONTAGEM,MG
48,BEPANTRIZ DERMA SOL FR C/ 50 ML,"NUTRACOM INDÚSTRIA ECOMÉRCIO LTDA",2024323,8,85941,090-01936/2021,14/05/2021,ITAGUAÍ,RJ
49,BIOFLEXIS 40MG 30 CAP DURA (AL),"UNIÃO QUÍMICA FARMACÊUTICANACIONAL",2129247,6 UN,000403740-1,AS0977-1/2021 / 2028924/2021,06/10/2021,SÃO PAULO - SP,SP
50,CALAMED 80 MG + 1 MG LOC FR 100ML,"NUTRACOM INDUSTRIA ECOMÉRCIO LTDA",2012978,1 UNIDADE,562.693,2020-060619004-001,17/12/2020,SANTA LUZIA,MG
51,"CALAMINA AEROSOL LT 92,5G/150ML","NUTRACOM INDUSTRIA ECOMÉRCIO LTDA",2000036,2,592480,2021-009618257-001,24/02/2021,CONTAGEM,MG
52,CARMED ACIDO HIALURONICO GEL BG 10G,"NUTRACOM INDÚSTRIA ECOMÉRCIO LTDA",2102205,2,85941 / 85940,090-01936/2021,14/05/2021,ITAGUAÍ,RJ
53,CARMED LABIAL 10G POM SBR CEREJA,"NUTRACOM INDUSTRIA ECOMÉRCIO LTDA",2022478,2,592621,2021-009618257-001,24/02/2021,CONTAGEM,MG
54,CARMED LABIAL POM 10G SBR BAUNILHA,"CIMED INDÚSTRIA DEMEDICAMENTOS LTDA",2024552,4,131712,071-0362/2021-02,09/09/2021,-,-
55,CARMED LABIAL POM 10G SBR CEREJA,"CIMED INDÚSTRIA DEMEDICAMENTOS LTDA",2102692,2,131942,071-0362/2021-02,09/09/2021,-,-
56,CARMED LABIAL POM 10G SBR MELANCIA,"CIMED INDÚSTRIA DEMEDICAMENTOS LTDA",2114617,2,131942,071-0362/2021-02,09/09/2021,-,-
57,CARMED LABIAL POM 10G SBR MENTA,"NUTRACOM INDÚSTRIA ECOMÉRCIO LTDA",2024430,2,85941 / 85940,090-01936/2021,14/05/2021,ITAGUAÍ,RJ
58,CEDRAFLON C/150ML CREME,Laboratórios Servier do Brasil LTDA.,92633289,7 und,1693986,029-05470/2021-01,08/01/2021,Intendente Magalhães 15 - Campinho,RJ
59,CERAVE CREME HIDRATANTE 454G,"L'OREAL BRASIL COMERCIALCOSMETICOS",58U65V,1,16525863,9265/2021,28/09/2021,FRANCA,SP
60,CERAVE LOCAO FACIAL HIDRAT 52ML,"L'OREAL BRASIL COMERCIALCOSMETICOS",58U407,48,16099914,492/2021,16/08/2021,JUNDIAÍ - SP,SP
61,CERAVE LOCAO HIDRATANTE 200ML,"L'OREAL BRASIL COMERCIALCOSMETICOS",11346623,1,11346623,161/2020 e 2610/2020,13/03/2020,Mongagua,SP
62,CERAVE LOCAO HIDRATANTE 200ML,"L'OREAL BRASIL COMERCIALCOSMETICOS",58U404,1,16531753,9265/2021,28/09/2021,FRANCA,SP
63,CERAVE LOCAO HIDRATANTE 473ML,"L'OREAL BRASIL COMERCIALCOSMETICOS",58U62V,1,16525863,9265/2021,28/09/2021,FRANCA,SP
64,CERAVE LOCAO HIDRATANTE 473ML,"L'OREAL BRASIL COMERCIALCOSMETICOS",58U67V,1,16531753,9265/2021,28/09/2021,FRANCA,SP
65,CERAVE REPARADOR MAOS 100ML,"L'OREAL BRASIL COMERCIALCOSMETICOS",58U407,23,16099914,492/2021,16/08/2021,JUNDIAÍ - SP,SP
66,CERAVE REPARADOR MAOS 50G,"L'OREAL BRASIL COMERCIALCOSMETICOS",58U400,1,16525863,9265/2021,28/09/2021,FRANCA,SP
67,CETAPHIL LOC HIDRATANTE 473ML,"GALDERMA SKIN HEALTH BRASILLTDA",10012221,350,16099914,492/2021,16/08/2021,JUNDIAÍ - SP,SP
Ordem,Produto*,Empresa*,No Lote*,"Quantidade Roubada/Furtada/Extraviada*",No Nota Fiscal*,No Boletim de Ocorrência*,"Data do roubo ouextravio*",Cidade*,UF*
68,CETAPHIL REST PRO LC HIDRA 295ML,"GALDERMA SKIN HEALTH BRASILLTDA",4890721,36,16099914,492/2021,16/08/2021,JUNDIAÍ - SP,SP
69,CETRILAN CREME 120G,THERASKIN FARMACEUTICA LTDA,U302,1,16523120,9265/2021,28/09/2021,FRANCA,SP
70,CICATRICURE AGUA MICELAR 200ML,"GENOMMA LABORATORIES DOBRASIL LTDA",190702,1,11344202,161/2020 e 2610/2020,13/03/2020,Mongagua,SP
71,CICATRICURE CONT OLHOS BLUR 15G,"GENOMMA LABORATORIES DOBRASIL LTDA",4543/19-3,1,11346986,161/2020 e 2610/2020,13/03/2020,Mongagua,SP
72,CICATRICURE CR ANTI RUGAS 30G,"GENOMMA LABORATORIES DOBRASIL LTDA",1192/21-1,1,16330611,8435;8517;8630;8679/2021,08/09/2021,FRANCA,SP
73,CICATRICURE CR ANTI RUGAS 60G,"GENOMMA LABORATORIES DOBRASIL LTDA",4928/20-1,1,16330250,8435;8517;8630;8679/2021,08/09/2021,FRANCA,SP
74,CICATRICURE CR CORP ANTIEST 250G,"GENOMMA LABORATORIES DOBRASIL LTDA",166/20-1,1,11344202,161/2020 e 2610/2020,13/03/2020,Mongagua,SP
75,CICATRICURE CR CORP ANTIEST 250G,"GENOMMA LABORATORIES DOBRASIL LTDA",1329/21-1,1,16330250,8435;8517;8630;8679/2021,08/09/2021,FRANCA,SP
76,CICATRICURE GEL 30G,"GENOMMA LABORATORIES DOBRASIL LTDA",4641/19-2,1,11346986,161/2020 e 2610/2020,13/03/2020,Mongagua,SP
77,CICATRICURE GEL 30G,"GENOMMA LABORATORIES DOBRASIL LTDA",4641/18-2,1,11344202,161/2020 e 2610/2020,13/03/2020,Mongagua,SP
78,CICATRICURE GEL 30G,"GENOMMA LABORATORIES DOBRASIL LTDA",444/21-1,1,16330611,8435;8517;8630;8679/2021,08/09/2021,FRANCA,SP
79,CICATRICURE GEL 30G,"GENOMMA LABORATORIES DOBRASIL LTDA",442/21-1,1,16529156,9265/2021,28/09/2021,FRANCA,SP
80,CICATRICURE GEL 30G,"GENOMMA LABORATORIES DOBRASIL LTDA",442/21-1,3,16531754,9265/2021,28/09/2021,FRANCA,SP
81,CICATRICURE GEL 60G,"GENOMMA LABORATORIES DOBRASIL LTDA",440/21-1,2,16531754,9265/2021,28/09/2021,FRANCA,SP
82,CICATRIMED GEL BG 30 G,"NUTRACOM INDÚSTRIA ECOMÉRCIO LTDA",2102743,2,85941,090-01936/2021,14/05/2021,ITAGUAÍ,RJ
83,CIMED CLEAN ALCOOL GEL 90G,"NUTRACOM INDUSTRIA ECOMÉRCIO LTDA",2006825,30,661089,1461177210630084049,30/06/2021,BOM JESUS DO AMPARO,MG
84,CIMEGRIPE RUB UNG DPL 12 PT X 12G,"NUTRACOM INDUSTRIA ECOMÉRCIO LTDA",2013881,1,660952,1461177210630084049,30/06/2021,BOM JESUS DO AMPARO,MG
85,CIMEGRIPE RUB UNG DPL 12 PT X 12G,"CIMED INDÚSTRIA DEMEDICAMENTOS LTDA",2114862,1,140537,033-07107/2021,07/10/2021,REALENGO,RJ
86,CINARA ÓLEO HIDRATANTE 200 ML,"CIFARMA CIENTÍFICAFARMACÊUTICA",3NH49,60 UN,256.926,,03/09/2021,APARECIDA DE GOIÂNIA,GO
87,Claricure,Cifarma,5LB04,100,194.211,"1,37082E+18",15/08/2020,Professor Jamil,GO
88,CLOTRIMIX ESMALTE 7 ML,FQM DIVCOM,201210,01 UNIDADE,14403492,2021-027858030-001,09/06/2021,UBERLANCIA/MG,MG
89,COLACT 667MG/ML LIQ AMEIXA X120ML (AL),"UNIÃO QUÍMICA FARMACÊUTICANACIONAL",2119163,4 UN,000403533-1,AS0977-1/2021 / 2028924/2021,06/10/2021,SÃO PAULO - SP,SP
90,COLACT 667MG/ML LIQ AMEIXA X120ML (AL),"UNIÃO QUÍMICA FARMACÊUTICANACIONAL",2119163,1 UN,000403673-1,AS0977-1/2021 / 2028924/2021,06/10/2021,SÃO PAULO - SP,SP
91,COLACT 667MG/ML LIQ AMEIXA X120ML (AL),"UNIÃO QUÍMICA FARMACÊUTICANACIONAL",2119163,1 UN,000403688-1,AS0977-1/2021 / 2028924/2021,06/10/2021,SÃO PAULO - SP,SP
92,COLACT 667MG/ML LIQ AMEIXA X120ML (AL),"UNIÃO QUÍMICA FARMACÊUTICANACIONAL",2119163,1 UN,000403689-1,AS0977-1/2021 / 2028924/2021,06/10/2021,SÃO PAULO - SP,SP
93,COLACT 667MG/ML LIQ AMEIXA X120ML (AL),"UNIÃO QUÍMICA FARMACÊUTICANACIONAL",2119163,6 UN,000403794-1,AS0977-1/2021 / 2028924/2021,06/10/2021,SÃO PAULO - SP,SP
94,COLACT 667MG/ML LIQ AMEIXA X120ML (AL),"UNIÃO QUÍMICA FARMACÊUTICANACIONAL",2119163,12 UN,000403904-1,AS0977-1/2021 / 2028924/2021,06/10/2021,SÃO PAULO - SP,SP
95,COLACT 667MG/ML LIQ AMEIXA X120ML (AL),"UNIÃO QUÍMICA FARMACÊUTICANACIONAL",2119163,3 UN,000403922-1,AS0977-1/2021 / 2028924/2021,06/10/2021,SÃO PAULO - SP,SP
96,COLACT 667MG/ML LIQ AMEIXA X120ML (AL),"UNIÃO QUÍMICA FARMACÊUTICANACIONAL",2119163,1 UN,000403687-1,AS0977-1/2021 / 2028924/2021,06/10/2021,SÃO PAULO - SP,SP
97,COLACT 667MG/ML LIQ FRUTAS X120ML (AL),"UNIÃO QUÍMICA FARMACÊUTICANACIONAL",2119153,4 UN,000403533-1,AS0977-1/2021 / 2028924/2021,06/10/2021,SÃO PAULO - SP,SP
98,COLACT 667MG/ML LIQ FRUTAS X120ML (AL),"UNIÃO QUÍMICA FARMACÊUTICANACIONAL",2119153,1 UN,000403673-1,AS0977-1/2021 / 2028924/2021,06/10/2021,SÃO PAULO - SP,SP
99,COLACT 667MG/ML LIQ FRUTAS X120ML (AL),"UNIÃO QUÍMICA FARMACÊUTICANACIONAL",2119153,1 UN,000403688-1,AS0977-1/2021 / 2028924/2021,06/10/2021,SÃO PAULO - SP,SP
100,COLACT 667MG/ML LIQ FRUTAS X120ML (AL),"UNIÃO QUÍMICA FARMACÊUTICANACIONAL",2119153,1 UN,000403689-1,AS0977-1/2021 / 2028924/2021,06/10/2021,SÃO PAULO - SP,SP
101,COLACT 667MG/ML LIQ FRUTAS X120ML (AL),"UNIÃO QUÍMICA FARMACÊUTICANACIONAL",2119153,5 UN,000403794-1,AS0977-1/2021 / 2028924/2021,06/10/2021,SÃO PAULO - SP,SP
102,COLACT 667MG/ML LIQ FRUTAS X120ML (AL),"UNIÃO QUÍMICA FARMACÊUTICANACIONAL",2119153,12 UN,000403904-1,AS0977-1/2021 / 2028924/2021,06/10/2021,SÃO PAULO - SP,SP
103,COLACT 667MG/ML LIQ FRUTAS X120ML (AL),"UNIÃO QUÍMICA FARMACÊUTICANACIONAL",2119153,1 UN,000403687-1,AS0977-1/2021 / 2028924/2021,06/10/2021,SÃO PAULO - SP,SP
Ordem,Produto*,Empresa*,No Lote*,"Quantidade Roubada/Furtada/Extraviada*",No Nota Fiscal*,No Boletim de Ocorrência*,"Data do roubo ouextravio*",Cidade*,UF*
104,COLACT 667MG/ML LIQ X 120ML (AL),"UNIÃO QUÍMICA FARMACÊUTICANACIONAL",2120288,4 UN,000403533-1,AS0977-1/2021 / 2028924/2021,06/10/2021,SÃO PAULO - SP,SP
105,COLACT 667MG/ML LIQ X 120ML (AL),"UNIÃO QUÍMICA FARMACÊUTICANACIONAL",2120288,12 UN,000403904-1,AS0977-1/2021 / 2028924/2021,06/10/2021,SÃO PAULO - SP,SP
106,COND ELSEVE HIDR HIALU 200ML,"L'OREAL BRASIL COMERCIALCOSMETICOS",58U609,4,16525580,9265/2021,28/09/2021,FRANCA,SP
107,COND ELSEVE HIDR HIALU 200ML,"L'OREAL BRASIL COMERCIALCOSMETICOS",58U611,2,16525580,9265/2021,28/09/2021,FRANCA,SP
108,COND ELSEVE LISO SONHOS 200ML,"L'OREAL BRASIL COMERCIALCOSMETICOS",58U307,6,16525580,9265/2021,28/09/2021,FRANCA,SP
109,COND ELSEVE LONGO SONHOS 200ML,"L'OREAL BRASIL COMERCIALCOSMETICOS",58TD04,6,16525580,9265/2021,28/09/2021,FRANCA,SP
110,COND ELSEVE RT5 EXTRA PROF 400ML,"L'OREAL BRASIL COMERCIALCOSMETICOS",58U700,2,16525580,9265/2021,28/09/2021,FRANCA,SP
111,COND TIO NACHO ANTI CLAREA 415ML,GENOMMA,726/21,2,14485627,2021-029556877-001,19.06.2021,JUIZ DE FORA /MG,MG
112,COND TIO NACHO ANTI-IDADE 415ML,"GENOMMA LABORATORIES DOBRASIL LTDA",UIM,2,11344202,161/2020 e 2610/2020,13/03/2020,Mongagua,SP
113,COND TIO NACHO ENGROSSADOR 415,GENOMMA,206/21,2,14485627,2021-029556877-001,19.06.2021,JUIZ DE FORA /MG,MG
114,CR DENT COLG ANTI CARIE 90G C/12,"COLGATE-PALMOLIVE IND E COMLT",1148BR121J,1,16524344,9265/2021,28/09/2021,FRANCA,SP
115,CR DENT COLG ANTI CARIE 90G C/12,"COLGATE-PALMOLIVE IND E COMLT",1148BR121J,1,16531754,9265/2021,28/09/2021,FRANCA,SP
116,CR DENT COLG ANTI CARIE 90G C/12,"COLGATE-PALMOLIVE IND E COMLT",1097BR122B,1,16531754,9265/2021,28/09/2021,FRANCA,SP
117,CR DENT COLG LUM WH INSTANT 70G,"COLGATE-PALMOLIVE IND E COMLT",1039MX112,3,16524344,9265/2021,28/09/2021,FRANCA,SP
118,CR DENT COLG PERIOGARD 90G,"COLGATE-PALMOLIVE IND E COMLT",1119AR1115,1,16329201,8435;8517;8630;8679/2021,08/09/2021,FRANCA,SP
119,CR DENT COLG TOTAL ADV FRESH 90G,"COLGATE-PALMOLIVE IND E COMLT",1182BR122D,3,16524344,9265/2021,28/09/2021,FRANCA,SP
120,CR DENT SENSODYNE ORIGINAL 50G,"GLAXOSMITHKLINE BRASIL PRODCON E L",X56X,1,16330611,8435;8517;8630;8679/2021,08/09/2021,FRANCA,SP
121,CR NIVEA FAC ANTISSINAIS 100G,BDF NIVEA LTDA,10957534,6,16524717,9265/2021,28/09/2021,FRANCA,SP
122,CR NIVEA FAC ANTISSINAIS 100G,BDF NIVEA LTDA,11017934,10,16523371,9265/2021,28/09/2021,FRANCA,SP
123,CR NIVEA FAC NUTRITIVO 100G,BDF NIVEA LTDA,10224534,10,16529357,9265/2021,28/09/2021,FRANCA,SP
124,CR NIVEA FACIAL NOTURNO 100G,BDF NIVEA LTDA,10151674,10,16523371,9265/2021,28/09/2021,FRANCA,SP
125,CR P/CABELO ELSEVE CIC RENO 50ML,LOREAL,58U409,2,14485627,2021-029556877-001,19.06.2021,JUIZ DE FORA /MG,MG
126,"CREME DE ARNICA HERTZ 1X30_PROD.EXTERNA",IAG PHARMA DISTRIBUIDORA,173180,3 UN,760601,1860-2021,25/03/2021,"RUA HERMENEGILDO PEREIRA DEFRANÇA,184 - PRAIA GRANDE -SP",SP
127,Creme Minancora Action,Minancora & Cia. Ltda.,26868,144 unidades,56745,2661/2020,12/10/2020,São Paulo,SP
128,"DENTAL FRESH PERIOTRAT MENTA1x250",KLEY HERTZ DISTRIBUIDORA,0000177577,12 UN.,349284,2021/516098,04/05/2021,CURITIBA,PR
129,"DENTAL FRESH PERIOTRAT S ACL MENTAFORTE",KLEY HERTZ DISTRIBUIDORA,175229,6 unidades,333917,2021/378528,01/03/2021,CURITIBA,PR
130,"DENTAL FRESH PERIOTRAT S ACL MENTAFORTE",KLEY HERTZ DISTRIBUIDORA,175229,6 unidades,333917,2021/378528,01/03/2021,CURITIBA,PR
131,"DENTAL FRESH PERIOTRAT S ALC MENTAFORTE",IAG PHARMA DISTRIBUIDORA,180504,4 unidades,765491,1434-2021,29/04/2021,"AV. Angelo Cristianini,467 - CidadeAdemar -",SP
132,"DENTAL FRESH PERIOTRAT S ALC MENTAFORTE",KLEY HERTZ DISTRIBUIDORA,0000180504,32 UN,43184,7aCRPN MARAU-BO-21-00456,13/06/2021,MARAÚ,BA
133,"DENTAL FRESH PERIOTRAT S ALC MENTAFORTE",KLEY HERTZ DISTRIBUIDORA,0000177580,3 UN.,349284,2021/516098,04/05/2021,CURITIBA,PR
134,"DENTAL FRESH PERIOTRAT SEM ALCOOL1X250",KLEY HERTZ FARMACÊUTICA S.A.,0000167932,30 UNIDADES,320.870,9755/2020,10/10/2020,SÃO LEOPOLDO,RS
135,"DENTAL FRESH PERIOTRAT SEM ALCOOL1X250",KLEY HERTZ FARMACÊUTICA S.A.,0000156658,6 UNIDADES,699141,1960/2020,27/02/2020,ITAQUAQUECETUBA,SP
136,"DENTAL FRESH PERIOTRAT SEM ALCOOL1X250",KLEY HERTZ FARMACÊUTICA S.A.,0000156658,10 UNIDADES,699172,1960/2020,27/02/2020,ITAQUAQUECETUBA,SP
137,"DENTAL FRESH PERIOTRAT SEM ALCOOL1X250",IAG PHARMA DISTRIBUIDORA,179084,20 unidades,765491,1434-2021,29/04/2021,"AV. Angelo Cristianini,467 - CidadeAdemar -",SP
138,"DENTAL FRESH PERIOTRAT SEM ALCOOL1x250",KLEY HERTZ DISTRIBUIDORA,0000177588,12 UN.,349284,2021/516098,04/05/2021,CURITIBA,PR
139,"DENTAL FRESH PERIOTRAT SEM ÁLCOOL1X250",IAG PHARMA DISTRIBUIDORA,184576,6 UN,771171,1149-2021,01/06/2021,"AV. DONA BELMIRA MARIN, 1276GRAJAÚ- SP",SP
Ordem,Produto*,Empresa*,No Lote*,"Quantidade Roubada/Furtada/Extraviada*",No Nota Fiscal*,No Boletim de Ocorrência*,"Data do roubo ouextravio*",Cidade*,UF*
140,"DENTAL FRESH PERIOTRAT SEM ÁLCOOL1X250",IAG PHARMA DISTRIBUIDORA,0000184796,1 UN.,777754,AE0410-1/2021,07/07/2021,"RUA. CAPITÃO JOSÉ GALO 147,RIBEIRÃO PIRES - SP",SP
141,DENTAL FRESH SENSITIVE 1X90G,KLEY HERTZ DISTRIBUIDORA,001,72 UN,43184,7aCRPN MARAU-BO-21-00456,13/06/2021,MARAÚ,BA
142,DEO NIVEA AERO DRY F L+P- 150ML,BDF NIVEA LTDA,12069233,3,16524717,9265/2021,28/09/2021,FRANCA,SP
143,DEO NIVEA AERO DRY M L+P- 150ML,BDF NIVEA LTDA,11528333,2,16524717,9265/2021,28/09/2021,FRANCA,SP
144,DEO NIVEA AERO DRY M L+P- 150ML,BDF NIVEA LTDA,12059533,1,16524717,9265/2021,28/09/2021,FRANCA,SP
145,DEO NIVEA AERO ORIG PROT 150ML,BDF NIVEA LTDA,11641433,2,16524344,9265/2021,28/09/2021,FRANCA,SP
146,DEO NIVEA AERO PRT CR L+P- 150ML,BDF NIVEA LTDA,12057833,3,16524717,9265/2021,28/09/2021,FRANCA,SP
147,DEO NIVEA ROLL B&W FRESH F 50ML,BDF NIVEA LTDA,12758833,3,16524717,9265/2021,28/09/2021,FRANCA,SP
148,DEO NIVEA ROLL B&W FRESH M 50ML,BDF NIVEA LTDA,11920933,1,16524717,9265/2021,28/09/2021,FRANCA,SP
149,DEO NIVEA ROLL B&W FRESH M 50ML,BDF NIVEA LTDA,13222033,2,16524717,9265/2021,28/09/2021,FRANCA,SP
150,DEO NIVEA ROLL DRY COMFORT 50ML,BDF NIVEA LTDA,12762733,3,16524717,9265/2021,28/09/2021,FRANCA,SP
151,DEO NIVEA ROLL DRY FRESH F 50ML,BDF NIVEA LTDA,11457133,3,16524717,9265/2021,28/09/2021,FRANCA,SP
152,DEO NIVEA ROLL DRY FRESH M 50ML,BDF NIVEA LTDA,11842433,3,16524717,9265/2021,28/09/2021,FRANCA,SP
153,DEO NIVEA ROLL INV B&W FEM 50ML,BDF NIVEA LTDA,12011033,1,16524717,9265/2021,28/09/2021,FRANCA,SP
154,DEO NIVEA ROLL INV B&W FEM 50ML,BDF NIVEA LTDA,12438533,2,16524717,9265/2021,28/09/2021,FRANCA,SP
155,DEO NIVEA ROLL INV B&W MEN 50ML,BDF NIVEA LTDA,13028833,3,16524717,9265/2021,28/09/2021,FRANCA,SP
156,DEO NIVEA ROLL ORIG MAS 50ML,BDF NIVEA LTDA,12732933,3,16524717,9265/2021,28/09/2021,FRANCA,SP
157,DEO NIVEA ROLL PEARL BEAU 50ML,BDF NIVEA LTDA,12820733,2,16524344,9265/2021,28/09/2021,FRANCA,SP
158,DEO NIVEA ROLL PEARL BEAU 50ML,BDF NIVEA LTDA,12820733,3,16524717,9265/2021,28/09/2021,FRANCA,SP
159,DEO NIVEA ROLL PROT CARE 50ML,BDF NIVEA LTDA,12728533,1,16524344,9265/2021,28/09/2021,FRANCA,SP
160,DEO NIVEA ROLL PROT CARE 50ML,BDF NIVEA LTDA,12728533,3,16524717,9265/2021,28/09/2021,FRANCA,SP
161,DEO NIVEA ROLL SENSITIVE 50ML,BDF NIVEA LTDA,12961133,3,16524717,9265/2021,28/09/2021,FRANCA,SP
162,DERMA PREVENT BG C/ 45G,"UNIÃO QUÍMICA FARMACÊUTICANACIONAL",2025314,6 UNIDADES,456791,20I0319148773,11/11/2020,JABOATÃO DOS GUARARAPES,PE
163,DERMA PREVENT BG C/ 45G,"UNIÃO QUÍMICA FARMACÊUTICANACIONAL",2030144,68 UNIDADES,456791,20I0319148773,11/11/2020,JABOATÃO DOS GUARARAPES,PE
164,DERMAPEX ODORBLOCK MULHER,KLEY HERTZ DISTRIBUIDORA,135581,12 UN,43184,7aCRPN MARAU-BO-21-00456,13/06/2021,MARAÚ,BA
165,"DERMOVANCE S LOC HIDRATANTEP.SECA/SENS200ML",Divcom S.A,201478,12 UNIDADES,991778,"Conforme RDC 304/2019, quandodo furto ou extravio, a comunicaçãocom as autoridades policiais não érequerimento das Boas Práticas deDistribuição e Armazenamento",27/10/2020,"ANEL VIARIO QD01, PÓLOEMPRESARIAL GOIÁS - APARECIDA DEGOIÁS -GO / CEP 74985-240",GO
166,DEXPANTOL DERMA CREME 1x20,IAG PHARMA DISTRIBUIDORA,175216,3 UN,760601,1860-2021,25/03/2021,"RUA HERMENEGILDO PEREIRA DEFRANÇA,184 - PRAIA GRANDE -SP",SP
167,DEXPANTOL DERMA CREME 1X20,IAG PHARMA,0000177991,3 UN.,785693,2523/2021,19/08/2021,"RUA CORONEL OLIVEIRA LIMA 478,CENTRO - SANTO ANDRÉ",
168,DEXPANTOL DERMA SOLUÇÃO 1X50,IAG PHARMA DISTRIBUIDORA,177569,1 UN,760601,1860-2021,25/03/2021,"RUA HERMENEGILDO PEREIRA DEFRANÇA,184 - PRAIA GRANDE -SP",SP
169,DEXPANTOL DERMA SOLUÇÃO 1X50,IAG PHARMA DISTRIBUIDORA,0000187325,1 UN.,777750,AE0410-1/2021,07/07/2021,"RUA. CAPITÃO JOSÉ GALO 147,RIBEIRÃO PIRES - SP",SP
170,DEXPANTOL DERMA SOLUÇÃO 1X50,IAG PHARMA DISTRIBUIDORA,0000187325,1 UN.,777754,AE0410-1/2021,07/07/2021,"RUA. CAPITÃO JOSÉ GALO 147,RIBEIRÃO PIRES - SP",SP
171,DEXPANTOL DERMA SPRAY 1X50,IAG PHARMA DISTRIBUIDORA,175218,1 UN,760601,1860-2021,25/03/2021,"RUA HERMENEGILDO PEREIRA DEFRANÇA,184 - PRAIA GRANDE -SP",SP
172,DIOSMIN CREME 200G,"ACHE LABORATORIOSFARMACEUTICOS SA",1083L01,1,16325593,8435;8517;8630;8679/2021,08/09/2021,FRANCA,SP
Ordem,Produto*,Empresa*,No Lote*,"Quantidade Roubada/Furtada/Extraviada*",No Nota Fiscal*,No Boletim de Ocorrência*,"Data do roubo ouextravio*",Cidade*,UF*
173,DRAPOLENE CREME 40G,Divcom S.A,161850,1 UNIDADE,4097018,"Conforme RDC 304/2019, quandodo furto ou extravio, a comunicaçãocom as autoridades policiais não érequerimento das Boas Práticas deDistribuição e Armazenamento",25/11/2020,"AV. PRESIDENTE MEDICI - L PAR 4158,PARQUE ALVORADA - TIMON - MA /CEP 65633-020",MA
174,DUO RETIX W SERUM BISN 30G,DIVCOM S.A,1781,1 UNIDADE,2077230,"Conforme RDC 304/2019, quandodo furto ou extravio, a comunicaçãocom as autoridades policiais não érequerimento das Boas Práticas deDistribuição e Armazenamento",22/03/2021,"R DONA FRANCISCA 8300, ZONA -JOINVILLE - SC / CEP 89219-600",SC
175,EFEDERM CREME 1X55,KLEY HERTZ DISTRIBUIDORA,0000169916,1 UN.,351362,"0538047/2021-BO-00600.2021.0021996",09/03/2021,BALNEÁRIO CAMBORIÚ/SC,SC
176,"EFEDERM CREME1X30G",KLEY HERTZ DISTRIBUIDORA,0000180062,2 UN.,354076,2021/516098,04/05/2021,CURITIBA,PR
177,ENDOCARE TENSAGE FPS30,Divcom S.A,1781,12 CAIXAS,000.094.070,"Conforme RDC 304/2019, quandodo furto ou extravio, a comunicaçãocom as autoridades policiais não érequerimento das Boas Práticas deDistribuição e Armazenamento",26/10/2020,"AV CORIFEU AZEVEDO MARQUES3097, BUTANTA - SÃO PAULO - SP /CEP 05339-000",SP
178,EPISOL CLARA PO COMP FPS50 10G,COSMED IND COSM MED S/A,A20323,132,815.801,17565444,18/12/2020,"TRANSPORTADORA TRANSLAGTRANSPORTE E LOGISTICA, VIAACESSO 008 SN, CHÁCARASMARIVÂNIA - APARECIDA DE GOIÂNIA",GO
179,EPISOL CLARA PO COMP FPS50 10G,COSMED IND COSM MED S/A,A20323,360,815.868,17565444,18/12/2020,"TRANSPORTADORA TRANSLAGTRANSPORTE E LOGISTICA, VIAACESSO 008 SN, CHÁCARASMARIVÂNIA - APARECIDA DE GOIÂNIA",GO
180,ESC DENT COLG LUMINOUS LV2 PG1,"COLGATE-PALMOLIVE IND E COMLT",P18370876,2,16524344,9265/2021,28/09/2021,FRANCA,SP
181,ESC DENT J&J CAB PEQ EX MA,"JOHNSON & JOHNSON BRASIL INDLTDA",541444,3,16524344,9265/2021,28/09/2021,FRANCA,SP
182,FISIOGEL AI CREME 100G,MEGALABS FARMACEUTICA S A,440221,1,16525863,9265/2021,28/09/2021,FRANCA,SP
183,FLETOP LOCAO 200 ML OR,DIVCOM S.A.,210363,204 unidades,150160,19679836,01/06/2021,"ROD BR-153 KM 5,5, FAZENDA RETIRO,GOIÂNIA, GOIÁS - CEP: 74675-090",GO
184,FLORASTOR SACHE 4G X 6 (AL),"UNIÃO QUÍMICA FARMACÊUTICANACIONAL",2125694,1 UN,000403519-1,AS0977-1/2021 / 2028924/2021,06/10/2021,SÃO PAULO - SP,SP
185,FLORASTOR SACHE 4G X 6 (AL),"UNIÃO QUÍMICA FARMACÊUTICANACIONAL",2125694,1 UN,000403570-1,AS0977-1/2021 / 2028924/2021,06/10/2021,SÃO PAULO - SP,SP
186,FLORASTOR SACHE 4G X 6 (AL),"UNIÃO QUÍMICA FARMACÊUTICANACIONAL",2125694,1 UN,000403830-1,AS0977-1/2021 / 2028924/2021,06/10/2021,SÃO PAULO - SP,SP
187,FLORASTOR SACHE 4G X 6 (AL),"UNIÃO QUÍMICA FARMACÊUTICANACIONAL",2125694,9 UN,000403922-1,AS0977-1/2021 / 2028924/2021,06/10/2021,SÃO PAULO - SP,SP
188,GEL BOZZANO FIX AZUL 300G,COTY BRASIL COMERCIO LTDA,1190AG,6,16525580,9265/2021,28/09/2021,FRANCA,SP
189,GELO-BIO POM X 20G,"F&F DISTRIBUIDORA DEPRODUTOS FARMACÊUTICOS",2111560,3,239450,2021-045506221-001,20/09/2021,BELO HORIZONTE,MG
190,GELOL GEL MASSAGEADOR BISNAG 60G,HYPERMARCAS S.A,B20B1370,2,15455449,331/2021,17/06/2021,FERRAZ DE VASCONCELOS - SP,SP
191,GLYCARE NIGHT SERUM CT FR C/30 ML,HYPERA S.A.,420747,18 UNI,904391-3,00037729/2021,30/08/2021,BAHIA,BA
192,HASTES FLEXÍVEIS COTONETES 75UN,JOHNSON&JOHNSON INDL LTDA,310820,181,1610727,48801/2020,17/09/2020,"RODOVIA BR 101, KM 41, MUNICIPIODE FLEXEIRAS/AL",AL
193,HELIODERM FACIAL FPS50 COM COR 1X50,KLEY HERTZ FARMACÊUTICA S.A.,0000170064,20 UNIDADES,320.870,9755/2020,10/10/2020,SÃO LEOPOLDO,RS
194,HELIODERM FPS 50 1x100,KLEY HERTZ DISTRIBUIDORA,167932,15 UNIDADES,320779,2021/301157,14/12/2020,"SÃO JOSÉ DOS PINHAIS, BAIRRO TRÊSMARIAS",PR
195,HELIODERM SUNC FPS50 CORPO 1X200,KLEY HERTZ FARMACÊUTICA S.A.,0000170233,6 UNIDADES,320.870,9755/2020,10/10/2020,SÃO LEOPOLDO,RS
196,"HELIODERM SUNCARE ALOE VERA GEL1X120",KLEY HERTZ FARMACÊUTICA S.A.,0000170075,30 UNIDADES,320.870,9755/2020,10/10/2020,SÃO LEOPOLDO,RS
197,HELIODERM SUNCARE FPS 50 CORPO 1X120,KLEY HERTZ FARMACÊUTICA S.A.,0000158697,30 UNIDADES,320.870,9755/2020,10/10/2020,SÃO LEOPOLDO,RS
198,HELIODERM SUNCARE FPS 50 CORPO 1X120,KLEY HERTZ FARMACÊUTICA S.A.,0000152069,12 UNIDADES,699044,1960/2020,27/02/2020,ITAQUAQUECETUBA,SP
Ordem,Produto*,Empresa*,No Lote*,"Quantidade Roubada/Furtada/Extraviada*",No Nota Fiscal*,No Boletim de Ocorrência*,"Data do roubo ouextravio*",Cidade*,UF*
199,HELIODERM SUNCARE FPS 50 CORPO 1X200,KLEY HERTZ FARMACÊUTICA S.A.,0000170315,20 UNIDADES,338.211,695/2020,23/12/2020,FAZENDA RIO GRANDE,PR
200,HELIODERM SUNCARE FPS50 SPRAY  1X200,KLEY HERTZ DISTRIBUIDORA,001094,24 UN,43184,7aCRPN MARAU-BO-21-00456,13/06/2021,MARAÚ,BA
201,HIDR MONANGE FRUTAS VER 400ML,COTY BRASIL COMERCIO LTDA,1011AC,6,16525580,9265/2021,28/09/2021,FRANCA,SP
202,HIDR MONANGE LAVANDA 400ML,COTY BRASIL COMERCIO LTDA,1149AC,6,16525580,9265/2021,28/09/2021,FRANCA,SP
203,HIDR MONANGE ORQUIDEA200ML,COTY BRASIL COMERCIO LTDA,1159AC,3,16525580,9265/2021,28/09/2021,FRANCA,SP
204,HIDRAT 10% LOC FR 150 ML,"NUTRACOM INDUSTRIA ECOMÉRCIO LTDA",2024900,1,592621,2021-009618257-001,24/02/2021,CONTAGEM,MG
205,HIDRAT 10% LOC FR 150 ML,"NUTRACOM INDUSTRIA ECOMÉRCIO LTDA",2024900,2,592625,2021-009618257-001,24/02/2021,CONTAGEM,MG
206,HIDRAT 10% LOC FR 150 ML,"NUTRACOM INDUSTRIA ECOMÉRCIO LTDA",2101429,6,660987,1461177210630084049,30/06/2021,BOM JESUS DO AMPARO,MG
207,HIDRAT 10% LOC FR 150 ML,"CIMED INDÚSTRIA DEMEDICAMENTOS LTDA",2111044,1,140859,033-07107/2021,07/10/2021,REALENGO,RJ
208,HIDRATANTE FACIAL NIVEA GEL 100G,BDF NIVEA LTDA,10958574,10,16529357,9265/2021,28/09/2021,FRANCA,SP
209,HIPOGLOS AMENDOAS 40G,"JOHNSON & JOHNSON BRASIL INDLTDA",2879K,2,11346623,161/2020 e 2610/2020,13/03/2020,Mongagua,SP
210,HIPOGLOS AMENDOAS 40G,JOHNSON,0371K,02 UNIDADE,14403493,2021-027858030-001,09/06/2021,UBERLANCIA/MG,MG
211,HIPOGLOS AMENDOAS 40G,"JOHNSON & JOHNSON BRASIL INDLTDA",1161K,2,16531754,9265/2021,28/09/2021,FRANCA,SP
212,HIPOGLOS POM ORIGINAL 45G,"JOHNSON & JOHNSON BRASIL INDLTDA",0AM7000,1,11346623,161/2020 e 2610/2020,13/03/2020,Mongagua,SP
213,IDEAL SOLEI CLARIFY EXT CLF6040G,"L'OREAL BRASIL COMERCIALCOSMETICOS",58S806,2,11327838,161/2020 e 2610/2020,13/03/2020,Mongagua,SP
214,IMECAP REDUTOR DE MEDIDAS,DIVCOM S.A,16L0010,1 UNIDADE,69389,"Conforme RDC 304/2019, quandodo furto ou extravio, a comunicaçãocom as autoridades policiais não érequerimento das Boas Práticas deDistribuição e Armazenamento",02/12/2020,"RODOVIA PRESIDENTE DUTRA S/N,VILA PRINCIPAL - BARRA MANSA - RJ /CEP 27338-000",RJ
215,IMECAP REDUTOR DE MEDIDAS,DIVCOM S.A,17A0121,8 UNIDADES,69389,"Conforme RDC 304/2019, quandodo furto ou extravio, a comunicaçãocom as autoridades policiais não érequerimento das Boas Práticas deDistribuição e Armazenamento",02/12/2020,"RODOVIA PRESIDENTE DUTRA S/N,VILA PRINCIPAL - BARRA MANSA - RJ /CEP 27338-000",RJ
216,JS BABY OLEO AMENDOA 12X200ML,JOHNSON&JOHNSON INDL LTDA,2030B05,14,1610728,48801/2020,17/09/2020,"RODOVIA BR 101, KM 41, MUNICIPIODE FLEXEIRAS/AL",AL
217,JS BABY SHAMPOO REGULAR 12X400ML,JOHNSON&JOHNSON INDL LTDA,2310B29,4,1610727,48801/2020,17/09/2020,"RODOVIA BR 101, KM 41, MUNICIPIODE FLEXEIRAS/AL",AL
218,JS BABY SHAMPOO REGULAR 12X400ML,JOHNSON&JOHNSON INDL LTDA,2390B36,11,1610727,48801/2020,17/09/2020,"RODOVIA BR 101, KM 41, MUNICIPIODE FLEXEIRAS/AL",AL
219,J'S EXPRESS ILUMINADORA LOÇÃO 200ML,JOHNSON&JOHNSON INDL LTDA,1820B01,8,1610728,48801/2020,17/09/2020,"RODOVIA BR 101, KM 41, MUNICIPIODE FLEXEIRAS/AL",AL
220,KERIUM SH ANTICASPA 200ML,"L'OREAL BRASIL COMERCIALCOSMETICOS",58U26E,6,16099914,492/2021,16/08/2021,JUNDIAÍ - SP,SP
221,KERIUM SH ANTICASPA 200ML,"L'OREAL BRASIL COMERCIALCOSMETICOS",58U26EMQ,23,16099914,492/2021,16/08/2021,JUNDIAÍ - SP,SP
222,KERIUM SH ANTICASPA 200ML,"L'OREAL BRASIL COMERCIALCOSMETICOS",58U4AE,24,16099914,492/2021,16/08/2021,JUNDIAÍ - SP,SP
223,KERIUM SH ANTICASPA 200ML,"L'OREAL BRASIL COMERCIALCOSMETICOS",58U4BE,48,16099914,492/2021,16/08/2021,JUNDIAÍ - SP,SP
224,KIT ACNEZIL,"CIMED INDÚSTRIA DEMEDICAMENTOS LTDA",2107671,1,131942,071-0362/2021-02,09/09/2021,-,-
225,KIT BOMB VITAMINA (SH VITAM+COND VITAM),"NUTRACOM INDÚSTRIA ECOMÉRCIO LTDA",1904852,6,86009,090-01936/2021,14/05/2021,ITAGUAÍ,RJ
226,KIT BOMB VITAMINA (SH VITAM+COND VITAM),"NUTRACOM INDÚSTRIA ECOMÉRCIO LTDA",1905648,3,86009,090-01936/2021,14/05/2021,ITAGUAÍ,RJ
227,KIT DERMAFE + LENÇO INT,"CIMED INDÚSTRIA DEMEDICAMENTOS LTDA",2111554,12,131636,071-0362/2021-02,09/09/2021,-,-
228,KIT DERMAFE + LENÇO INT,"CIMED INDÚSTRIA DEMEDICAMENTOS LTDA",2112697,12,131764,071-0362/2021-02,09/09/2021,-,-
229,KIT DERMAFEME CRANBERRY FR 2 X 200 ML,"NUTRACOM INDÚSTRIA ECOMÉRCIO LTDA",2107869,1,86009,090-01936/2021,14/05/2021,ITAGUAÍ,RJ
230,KIT DERMAFEME CRANBERRY FR 2 X 200 ML,"CIMED INDÚSTRIA DEMEDICAMENTOS LTDA",2110926,60,131636 / 131.764,071-0362/2021-02,09/09/2021,-,-
Ordem,Produto*,Empresa*,No Lote*,"Quantidade Roubada/Furtada/Extraviada*",No Nota Fiscal*,No Boletim de Ocorrência*,"Data do roubo ouextravio*",Cidade*,UF*
231,KIT DERMAFEME CRANBERRY FR 2 X 200 ML,"CIMED INDÚSTRIA DEMEDICAMENTOS LTDA",2110926,3,131942,071-0362/2021-02,09/09/2021,-,-
232,KIT DERMAFEME FRESH 2 X 200 ML,"CIMED INDÚSTRIA DEMEDICAMENTOS LTDA",2116345,12,131764,071-0362/2021-02,09/09/2021,-,-
233,KIT DERMAFEME FRESH FR 2 X 200 ML,"NUTRACOM INDÚSTRIA ECOMÉRCIO LTDA",2105939,1,86009,090-01936/2021,14/05/2021,ITAGUAÍ,RJ
234,KIT DERMAFEME JASMIM FR 2 X 200 ML,"NUTRACOM INDÚSTRIA ECOMÉRCIO LTDA",2107336,1,86009,090-01936/2021,14/05/2021,ITAGUAÍ,RJ
235,KIT DERMAFEME JASMIM FR 2 X 200 ML,"CIMED INDÚSTRIA DEMEDICAMENTOS LTDA",2117385,12,131636,071-0362/2021-02,09/09/2021,-,-
236,KIT DERMAFEME JASMIM FR 2 X 200 ML,"CIMED INDÚSTRIA DEMEDICAMENTOS LTDA",2117385,12,131764,071-0362/2021-02,09/09/2021,-,-
237,KIT DERMAFEME NEUTRALIZZ,"CIMED INDÚSTRIA DEMEDICAMENTOS LTDA",2109497,24,131636 / 131.764,071-0362/2021-02,09/09/2021,-,-
238,KIT DERMAFEME SAB INT FR 2 X 200 ML,"NUTRACOM INDUSTRIA ECOMÉRCIO LTDA",2024252,3,592621,2021-009618257-001,24/02/2021,CONTAGEM,MG
239,"KIT DERMAFEME SAB INT FR 2X 200MLFLORAL","NUTRACOM INDÚSTRIA ECOMÉRCIO LTDA",2102708,1,86009,090-01936/2021,14/05/2021,ITAGUAÍ,RJ
240,"KIT DERMAFEME SAB INT FR 2X 200MLFLORAL","CIMED INDÚSTRIA DEMEDICAMENTOS LTDA",2111554,12,131764,071-0362/2021-02,09/09/2021,-,-
241,"KIT DERMAFEME SAB INT FR 2X 200MLFLORAL","CIMED INDÚSTRIA DEMEDICAMENTOS LTDA",2111554,6,131942,071-0362/2021-02,09/09/2021,-,-
242,KIT DERMAONE FRESCOR FR 2 X 200 ML,"NUTRACOM INDUSTRIA ECOMÉRCIO LTDA",2023840,3 UNIDADES,562.693,2020-060619004-001,17/12/2020,SANTA LUZIA,MG
243,"KIT DERMAONE SABONETE INTIMO TRAD 200ML","NUTRACOM INDUSTRIA ECOMÉRCIO LTDA",2022064,3 UNIDADES,562.693,2020-060619004-001,17/12/2020,SANTA LUZIA,MG
244,KIT ECONOMICO HELIODERM 2 FPS 30 C&R,KLEY HERTZ FARMACÊUTICA S.A.,0000158694,12 UNIDADES,698944,1960/2020,27/02/2020,ITAQUAQUECETUBA,SP
245,KIT HELIODERM FAMILIA,KLEY HERTZ FARMACÊUTICA S.A.,0000176981,5 UNIDADES,338.211,695/2020,23/12/2020,FAZENDA RIO GRANDE,PR
246,KIT HELIODERM FAMILIA,KLEY HERTZ FARMACÊUTICA S.A.,0000167964,1 UNIDADE,320.899,9755/2020,10/10/2020,SÃO LEOPOLDO,RS
247,KIT HELIODERM FPS30 C&R + FACIAL FPS50,KLEY HERTZ FARMACÊUTICA S.A.,0000172101,10 UNIDADES,338.211,695/2020,23/12/2020,FAZENDA RIO GRANDE,PR
248,KIT HELIODERM FPS30 C&R + FACIAL FPS50,KLEY HERTZ FARMACÊUTICA S.A.,0000172059,2 UNIDADES,320.899,9755/2020,10/10/2020,SÃO LEOPOLDO,RS
249,KIT HELIODERM FPS50 CORPO E FACIAL,KLEY HERTZ DISTRIBUIDORA,172872,5 unidades,338204,2021/378528,01/03/2021,CURITIBA,PR
250,KIT HELIODERM FPS50 CORPO E FACIAL,KLEY HERTZ DISTRIBUIDORA,172872,5 unidades,338204,2021/378528,01/03/2021,CURITIBA,PR
251,"KIT HELIODERM FPS50 CORPO E FACIALFPS50",KLEY HERTZ DISTRIBUIDORA,0000182206,40 UN,43184,7aCRPN MARAU-BO-21-00456,13/06/2021,MARAÚ,BA
252,KLAVIE CLINICAL LOCAO HID 390G,THERASKIN FARMACEUTICA LTDA,U339,12,16099914,492/2021,16/08/2021,JUNDIAÍ - SP,SP
253,K-SEX NATURAL GEL BG C/ 50G,"F&F DISTRIBUIDORA DEPRODUTOS FARMACÊUTICOS",2119172,3,239450,2021-045506221-001,20/09/2021,BELO HORIZONTE,MG
254,K-Y GEL LUBRIFICANTE 100G,"SEMINA INDÚSTRIA E COMÉRCIOLTDA.",9221,72 unidades,7571,"Comunicado de ocorrência policial(COP) N° 1480925210918043039",18/09/2021,Bom Jesus do Amparo,MG
255,K-Y GEL LUBRIFICANTE 50G,"SEMINA INDÚSTRIA E COMÉRCIOLTDA.",10721,192 unidades,7571,"Comunicado de ocorrência policial(COP) N° 1480925210918043039",18/09/2021,Bom Jesus do Amparo,MG
256,K-Y GEL LUBRIFICANTE C/3 SACHETS 5G,"SEMINA INDÚSTRIA E COMÉRCIOLTDA.",10321,336 unidades,7571,"Comunicado de ocorrência policial(COP) N° 1480925210918043039",18/09/2021,Bom Jesus do Amparo,MG
257,LA KESIA SERUM FORTALECEDOR 7ML,"CRISTALIA PRODS QUIMICOSFARMACEUT",12443,1,16329579,8435;8517;8630;8679/2021,08/09/2021,FRANCA,SP
258,LC J&J BABY HIDRAT 200ML,"JOHNSON & JOHNSON BRASIL INDLTDA",2819B03,1,11346970,161/2020 e 2610/2020,13/03/2020,Mongagua,SP
259,LC NIVEA BODY MILK 200ML,BDF NIVEA LTDA,11657233,3,16525580,9265/2021,28/09/2021,FRANCA,SP
260,LEIT HIDR PAIXAO TENTADORA 400ML,COTY BRASIL COMERCIO LTDA,1011AC,4,16531754,9265/2021,28/09/2021,FRANCA,SP
261,LEITE PAIXAO BAU CEREJ HID 200ML,COTY BRASIL COMERCIO LTDA,1172AC,3,16525580,9265/2021,28/09/2021,FRANCA,SP
262,LEITE PAIXAO INSPI HID 400ML,COTY BRASIL COMERCIO LTDA,1200CC,3,16531754,9265/2021,28/09/2021,FRANCA,SP
263,LEITE PAIXAO IRRES HID 400ML,COTY BRASIL COMERCIO LTDA,1173AC,3,16531754,9265/2021,28/09/2021,FRANCA,SP
264,LIFTACTIV SUPREME HA FILLER 30ML,"L'OREAL BRASIL COMERCIALCOSMETICOS",58U4VE,48,16099914,492/2021,16/08/2021,JUNDIAÍ - SP,SP
265,LIST WHITENING EXTREME 12X473ML,JOHNSON&JOHNSON INDL LTDA,2410B01,2,1610727,48801/2020,17/09/2020,"RODOVIA BR 101, KM 41, MUNICIPIODE FLEXEIRAS/AL",AL
266,LISTERINE COOL MINT L 12X500ML P 350ML,JOHNSON&JOHNSON INDL LTDA,0710B04,7,1610727,48801/2020,17/09/2020,"RODOVIA BR 101, KM 41, MUNICIPIODE FLEXEIRAS/AL",AL
Ordem,Produto*,Empresa*,No Lote*,"Quantidade Roubada/Furtada/Extraviada*",No Nota Fiscal*,No Boletim de Ocorrência*,"Data do roubo ouextravio*",Cidade*,UF*
267,MAMYLAN BG C/ 30 G,"UNIÃO QUÍMICA FARMACÊUTICANACIONAL",2048265,1 UN,000327278-1,18385844,05/02/2021,SÃO PAULO,SP
268,MAMYLAN BG C/ 30 G,"UNIÃO QUÍMICA FARMACÊUTICANACIONAL",2040648,6 UN,000310659-1,1884088/2020,03/12/2020,SÃO PAULO,SP
269,MAMYLAN BG C/ 30 G,"UNIÃO QUÍMICA FARMACÊUTICANACIONAL",2112071,1 UN,000357227-1,2174/2021 e 2180/2021,13/05/2021,CAMPINAS - SP,SP
270,MAMYLAN BG C/ 30 G,"UNIÃO QUÍMICA FARMACÊUTICANACIONAL",2105479,6 UN,000336143-1,416139/2021,05/03/2021,SÃO PAULO - SP,SP
271,MAMYLAN BG C/ 30 G,"UNIAO QUIMICA FARMACEUTICANACIONAL",2115574,3 UN,000370765-1,1116847/2021,23/06/2021,SÃO PAULO,SP
272,MAMYLAN BG C/ 30 G,"UNIÃO QUÍMICA FARMACÊUTICANACIONAL",2125245,2 UN,000398254-1,AO8866-1/2021,18/09/2021,EMBU DAS ARTES,SP
273,MAMYLAN BG C/ 30 G,"UNIÃO QUÍMICA FARMACÊUTICANACIONAL",2126059,6 UN,000403794-1,AS0977-1/2021 / 2028924/2021,,SÃO PAULO - SP,SP
274,MAMYLAN BG C/ 30 G,"UNIÃO QUÍMICA FARMACÊUTICANACIONAL",2133179,2 UN,000408521-1,AT4080-1/2021,21/10/2021,SÃO PAULO - SP,SP
275,MASSAGE ONE GEL BG X 60G,"NUTRACOM INDÚSTRIA ECOMÉRCIO LTDA",2102758,6,85941,090-01936/2021,14/05/2021,ITAGUAÍ,RJ
276,MASSAGEONE ICE AEROS SOL 125ML,"NUTRACOM INDUSTRIA ECOMÉRCIO LTDA",2018231,3 UNIDADES,562.693,2020-060619004-001,17/12/2020,SANTA LUZIA,MG
277,MASSAGEONE ICE AEROS SOL 125ML,"NUTRACOM INDÚSTRIA ECOMÉRCIO LTDA",2024081,12,85941,090-01936/2021,14/05/2021,ITAGUAÍ,RJ
278,MEDICASP SHAMPOO 130ML,"GENOMMA LABORATORIES DOBRASIL LTDA",9068000302,120,16099914,492/2021,16/08/2021,JUNDIAÍ - SP,SP
279,MELORA C MAX ESPUMA 45ML,Divcom S.A,ML0032001,12 UNIDADES,84089,"Conforme RDC 304/2019, quandodo furto ou extravio, a comunicaçãocom as autoridades policiais não érequerimento das Boas Práticas deDistribuição e Armazenamento",27/10/2020,"AV APIO CARDOSO 100, CINCÄO -CONTAGEM - MG / CEP 32371-615",MG
280,MELORA C MAX ESPUMA FPS50 45ML,DIVCOM S A,ML0012101,30,16099914,492/2021,16/08/2021,JUNDIAÍ - SP,SP
281,MENTALOL PT 30 G (COSMETICO),"NUTRACON INDUSTRIA ECOMERCIO LTDA",1911995,3,455425,2020-021358323-001,05/05/2020,BELO HORIZONTE,MG
282,MILIMETRIC CR FACIAL ANTIRRUGAS BG 30G,CIMED INDÚSTRIA S.A.,2113876,3,000.741.529,2021-055487745-002,18/11/2021,BETIM,MG
283,Minancora Gel Creme Facial Antissinais,Minancora & Cia. Ltda.,26919,144 unidades,56745,2661/2020,12/10/2020,São Paulo,SP
284,MINERAL 89 50ML,"L'OREAL BRASIL COMERCIALCOSMETICOS",54T901,36,16099914,492/2021,16/08/2021,JUNDIAÍ - SP,SP
285,NAPKIN SL ADPLUS NTDAY COT WING 24x8,JOHNSON&JOHNSON INDL LTDA,24420BH1,5,1610728,48801/2020,17/09/2020,"RODOVIA BR 101, KM 41, MUNICIPIODE FLEXEIRAS/AL",AL
286,NEOSTRATA ILUMINATING SERUM 30 ML,JOHNSON&JOHNSON INDL LTDA,0LOT039AB,9,1610728,48801/2020,17/09/2020,"RODOVIA BR 101, KM 41, MUNICIPIODE FLEXEIRAS/AL",AL
287,NEUTROG B CARE HID INT 200ML,"JOHNSON & JOHNSON BRASIL INDLTDA",2439B37,2,11346970,161/2020 e 2610/2020,13/03/2020,Mongagua,SP
288,NEUTROG B CARE HID INT 400ML,"JOHNSON & JOHNSON BRASIL INDLTDA",2989B10,2,11346970,161/2020 e 2610/2020,13/03/2020,Mongagua,SP
289,NEUTROG B CARE NOR/SEC 200ML,"JOHNSON & JOHNSON BRASIL INDLTDA",2619B02,2,11346970,161/2020 e 2610/2020,13/03/2020,Mongagua,SP
290,"NEUTROGERM 0,5 BARRA 1X70",KLEY HERTZ FARMACÊUTICA S.A.,0000153265,3 UNIDADES,698960,1960/2020,27/02/2020,ITAQUAQUECETUBA,SP
291,NEUTROGERM SABONETE BARRA 1 1X70,KLEY HERTZ FARMACÊUTICA S.A.,0000153266,3 UNIDADES,698960,1960/2020,27/02/2020,ITAQUAQUECETUBA,SP
292,NEXREPEL LOÇÃO 1X100,IAG PHARMA DISTRIBUIDORA,167914,6 UN,760601,1860-2021,25/03/2021,"RUA HERMENEGILDO PEREIRA DEFRANÇA,184 - PRAIA GRANDE -SP",SP
293,NEXREPEL LOÇÃO 1X100ML,KLEY HERTZ DISTRIBUIDORA,0000171815,14 UN,43184,7aCRPN MARAU-BO-21-00456,13/06/2021,MARAÚ,BA
294,NEXREPEL LOÇÃO 1X200ML,IAG PHARMA DISTRIBUIDORA,169927,6 UN,760601,1860-2021,25/03/2021,"RUA HERMENEGILDO PEREIRA DEFRANÇA,184 - PRAIA GRANDE -SP",SP
295,NEXREPEL MAX GEL 1X100G,IAG PHARMA DISTRIBUIDORA,175252,2 UN,760601,1860-2021,25/03/2021,"RUA HERMENEGILDO PEREIRA DEFRANÇA,184 - PRAIA GRANDE -SP",SP
296,NEXREPEL MAX SPRAY 1X100ML,KLEY HERTZ FARMACÊUTICA S.A.,0000151891,12 UNIDADES,698944,1960/2020,27/02/2020,ITAQUAQUECETUBA,SP
297,NEXREPEL MAX SPRAY 1X100ML,IAG PHARMA DISTRIBUIDORA,169925,2 UN,760601,1860-2021,25/03/2021,"RUA HERMENEGILDO PEREIRA DEFRANÇA,184 - PRAIA GRANDE -SP",SP
298,NEXREPEL MAX SPRAY INFANTIL 1X100ML,IAG PHARMA DISTRIBUIDORA,155382,2 UN,760601,1860-2021,25/03/2021,"RUA HERMENEGILDO PEREIRA DEFRANÇA,184 - PRAIA GRANDE -SP",SP
299,NEXREPEL SPRAY 1X100ML,IAG PHARMA DISTRIBUIDORA,169928,6 UN,760601,1860-2021,25/03/2021,"RUA HERMENEGILDO PEREIRA DEFRANÇA,184 - PRAIA GRANDE -SP",SP
300,NEXREPEL SPRAY 1X200ML,IAG PHARMA DISTRIBUIDORA,171806,6 UN,760601,1860-2021,25/03/2021,"RUA HERMENEGILDO PEREIRA DEFRANÇA,184 - PRAIA GRANDE -SP",SP
301,NTG NORW BODY C C/FRAGRANCIA 200ML,JOHNSON&JOHNSON INDL LTDA,1940B01,18,1610728,48801/2020,17/09/2020,"RODOVIA BR 101, KM 41, MUNICIPIODE FLEXEIRAS/AL",AL
Ordem,Produto*,Empresa*,No Lote*,"Quantidade Roubada/Furtada/Extraviada*",No Nota Fiscal*,No Boletim de Ocorrência*,"Data do roubo ouextravio*",Cidade*,UF*
302,NTG SUN FRESH FPS30 FACIAL 6X50ML,JOHNSON&JOHNSON INDL LTDA,1420B01,84,1610728,48801/2020,17/09/2020,"RODOVIA BR 101, KM 41, MUNICIPIODE FLEXEIRAS/AL",AL
303,OLEO CORPORAL SOL TOP X 100 ML,"UNIAO QUIMICA FARMACEUTICANACIONAL",2111476,1 UN,000360457-1,19858360,01/06/2021,POTIRENDABA,SP
304,OLEO CORPORAL SOL TOP X 100 ML,"UNIÃO QUÍMICA FARMACÊUTICANACIONAL",2111476,6 UN,000377750-1,AF5668-1/2021,16/07/2021,EMBU DAS ARTES,SP
305,OLEO CORPORAL SOL TOP X 100 ML,"UNIÃO QUÍMICA FARMACÊUTICANACIONAL",2111476,1 UN,000395598-1,1120/2021,10/09/2021,SUMARÉ,SP
306,OLEO CORPORAL SOL TOP X 100 ML,"UNIÃO QUÍMICA FARMACÊUTICANACIONAL",2111476,6 UN,000398276-1,AO8866-1/2021,18/09/2021,EMBU DAS ARTES,SP
307,Óleo de Lavanda,"Weleda do Brasil Laboratório eFarmácia Ltda.",G1018,50 unidades de frascos,107966,No 2021-037381988-001,04/08/2021,Belo Horizonte,MG
308,OLEO MINERAL X 100ML,"UNIÃO QUIMICA FARMACEUTICANACIONAL",2033573,6,181633,20197003,08/07/2021,POUSO ALEGRE,MG
309,PERIOGARD EXTRA MINT 250ML,"COLGATE-PALMOLIVE IND E COMLT",BR121A,2,16525830,9265/2021,28/09/2021,FRANCA,SP
310,PERIOGARD S/ ALCOOL 250ML,"COLGATE-PALMOLIVE IND E COMLT",1054BR121A,1,16525830,9265/2021,28/09/2021,FRANCA,SP
311,PERIOGARD S/ ALCOOL 250ML,"COLGATE-PALMOLIVE IND E COMLT",1055BR121A,1,16525830,9265/2021,28/09/2021,FRANCA,SP
312,PLAX TOTAL CLASSIC 250ML VERM,"COLGATE-PALMOLIVE IND E COMLT",9348BR122A,2,11326854,161/2020 e 2610/2020,13/03/2020,Mongagua,SP
313,PONDICILINA MENTA PAST X 12,"UNIÃO QUÍMICA FARMACÊUTICANACIONAL",2119141,1 UN,000403607-1,AS0977-1/2021 / 2028924/2021,06/10/2021,SÃO PAULO - SP,SP
314,PONDICILINA MENTA PAST X 12,"UNIÃO QUÍMICA FARMACÊUTICANACIONAL",2119141,6 UN,000403794-1,AS0977-1/2021 / 2028924/2021,06/10/2021,SÃO PAULO - SP,SP
315,PR L10P8 TAMPON OB SUPER 40x10UN,JOHNSON&JOHNSON INDL LTDA,270820,8,1610728,48801/2020,17/09/2020,"RODOVIA BR 101, KM 41, MUNICIPIODE FLEXEIRAS/AL",AL
316,PR LMPM PROT DIAR CF PROT SCENT 10X80,JOHNSON&JOHNSON INDL LTDA,25320BT1,20,1610728,48801/2020,17/09/2020,"RODOVIA BR 101, KM 41, MUNICIPIODE FLEXEIRAS/AL",AL
317,PR LMPM TO FEM SL APLUS FIT SS ALA 12x32,JOHNSON&JOHNSON INDL LTDA,25220BW5,2,1610728,48801/2020,17/09/2020,"RODOVIA BR 101, KM 41, MUNICIPIODE FLEXEIRAS/AL",AL
318,PR LMPM TO FEM SL APLUS FIT SS ALA 12x32,JOHNSON&JOHNSON INDL LTDA,24720BW5,2,1610728,48801/2020,17/09/2020,"RODOVIA BR 101, KM 41, MUNICIPIODE FLEXEIRAS/AL",AL
319,PROCTOSAN CARE 1X100,KLEY HERTZ FARMACÊUTICA S.A.,0000156076,8 UNIDADES,698944,1960/2020,27/02/2020,ITAQUAQUECETUBA,SP
320,PROCTOSAN CARE 1X100,KLEY HERTZ FARMACÊUTICA S.A.,0000156076,1 UNIDADE,698960,1960/2020,27/02/2020,ITAQUAQUECETUBA,SP
321,"PROTETOR LAB LIP CARE CEREJ 4,8G",BDF NIVEA LTDA,5146057,1,16528956,9265/2021,28/09/2021,FRANCA,SP
322,REDERMIC HYALU C OLHOS 15ML,"L'OREAL BRASIL COMERCIALCOSMETICOS",54TD00,60,16099914,492/2021,16/08/2021,JUNDIAÍ - SP,SP
323,REJET 25% SOLUCAO SPRAY X 100 ML,"UNIÃO QUÍMICA FARMACÊUTICANACIONAL",2014395,3 UN,336152,20455531,25/03/2021,SÃO JOSÉ DO RIO PRETO - SP,SP
324,REJET 25% SOLUCAO SPRAY X 100 ML,"UNIÃO QUIMICA FARMACEUTICANACIONAL",2014299,3,181633,20197003,08/07/2021,POUSO ALEGRE,MG
325,REJET 25% SOLUCAO SPRAY X 100 ML,"UNIÃO QUÍMICA FARMACÊUTICANACIONAL",2037274,2 UN,000416881-1,3826/2021,19/11/2021,CAMPINAS,SP
326,RELAFLEX ICE,KLEY HERTZ DISTRIBUIDORA,135580,12 UN,43184,7aCRPN MARAU-BO-21-00456,13/06/2021,MARAÚ,BA
327,RELAFLEX ICE,IAG PHARMA,137106,3 UN.,785693,2523/2021,19/08/2021,"RUA CORONEL OLIVEIRA LIMA 478,CENTRO - SANTO ANDRÉ",
328,RELAFLEX ICE EFERVESCENTE 100ML,KLEY HERTZ DISTRIBUIDORA,136474,12 UN,43184,7aCRPN MARAU-BO-21-00456,13/06/2021,MARAÚ,BA
329,RELAFLEX SPORT AEROSOL,IAG PHARMA DISTRIBUIDORA,001311,1 UN.,777754,AE0410-1/2021,07/07/2021,"RUA. CAPITÃO JOSÉ GALO 147,RIBEIRÃO PIRES - SP",SP
330,RELAFLEX SPORT AEROSOL,IAG PHARMA,001313,3 UN.,785693,2523/2021,19/08/2021,"RUA CORONEL OLIVEIRA LIMA 478,CENTRO - SANTO ANDRÉ",
331,SAB PROTEX CREAM 85G C/12,"COLGATE-PALMOLIVE IND E COMLT",BR1018,1,16328600,8435;8517;8630;8679/2021,08/09/2021,FRANCA,SP
332,SAB PROTEX LIQ CREAM 250ML,"COLGATE-PALMOLIVE IND E COMLT",BR1032,3,11326854,161/2020 e 2610/2020,13/03/2020,Mongagua,SP
333,SH ELSEVE HYDRA DETOX CASP 200ML,LOREAL,58U305,2,14485627,2021-029556877-001,19.06.2021,JUIZ DE FORA /MG,MG
334,SH ELSEVE LONGO DOS SONHOS 200ML,"L'OREAL BRASIL COMERCIALCOSMETICOS",58U302,2,16524344,9265/2021,28/09/2021,FRANCA,SP
335,SH ELSEVE LONGO DOS SONHOS 400ML,"L'OREAL BRASIL COMERCIALCOSMETICOS",58TD06,3,16525580,9265/2021,28/09/2021,FRANCA,SP
336,SH J&J BABY CAB CACHEADOS 200ML,JOHNSON,10821B03,2,14485627,2021-029556877-001,19.06.2021,JUIZ DE FORA /MG,MG
337,SH J&J BABY HID INTENS 200ML,JOHNSON,09921B01,3,14485627,2021-029556877-001,19.06.2021,JUIZ DE FORA /MG,MG
338,SH TIO NACHO CLAREADOR 415ML,GENOMMA,351/21,2,14485627,2021-029556877-001,19.06.2021,JUIZ DE FORA /MG,MG
339,SH TIO NACHO ENGROSSADOR 415 ML,"GENOMMA LABORATORIES DOBRASIL LTDA",VAL,1,11344202,161/2020 e 2610/2020,13/03/2020,Mongagua,SP
Ordem,Produto*,Empresa*,No Lote*,"Quantidade Roubada/Furtada/Extraviada*",No Nota Fiscal*,No Boletim de Ocorrência*,"Data do roubo ouextravio*",Cidade*,UF*
340,SH TIO NACHO ENGROSSADOR 415 ML,GENOMMA,223/21,2,14485627,2021-029556877-001,19.06.2021,JUIZ DE FORA /MG,MG
341,SH TIO NACHO ERVAS MILEN 415 ML,GENOMMA,1047/21,3,14485627,2021-029556877-001,19.06.2021,JUIZ DE FORA /MG,MG
342,Skin Food,"Weleda do Brasil Laboratório eFarmácia Ltda.",G1018,130 unidades de sachês,107966,No 2021-037381988-001,04/08/2021,Belo Horizonte,MG
343,Skin Food Light,"Weleda do Brasil Laboratório eFarmácia Ltda.",G099,130 unidades de sachês,107966,No 2021-037381988-001,04/08/2021,Belo Horizonte,MG
344,Skin Food Manteiga Corporal,"Weleda do Brasil Laboratório eFarmácia Ltda.",G112,130 unidades de sachês,107966,No 2021-037381988-001,04/08/2021,Belo Horizonte,MG
345,SKINPHIL DERMA CREM PT 450 G,"NUTRACON INDUSTRIA ECOMERCIO LTDA",2001152,2,456313,2020-021358323-001,05/05/2020,BELO HORIZONTE,MG
346,SKINPHIL DERMA LOC FR 380ML,"NUTRACON INDUSTRIA ECOMERCIO LTDA",2004201,2,456313,2020-021358323-001,05/05/2020,BELO HORIZONTE,MG
347,SKINPHIL KIDS LOC BG 200ML,"NUTRACON INDUSTRIA ECOMERCIO LTDA",1923110,2,456313,2020-021358323-001,05/05/2020,BELO HORIZONTE,MG
348,SKINPHIL KIDS LOC BG 200ML,"NUTRACOM INDUSTRIA ECOMÉRCIO LTDA",2025005,1,592572,2021-009618257-001,24/02/2021,CONTAGEM,MG
349,SOAPEX 1% SAB 80G,"GALDERMA SKIN HEALTH BRASILLTDA",-,1 CX,663241,2021-027858030-001,06/07/2021,SANTA LUZIA,MG
350,SOAPEX 1% SAB 80G,"GALDERMA SKIN HEALTH BRASILLTDA",-,1,663241,2021-032375129-001,06/07/2021,SANTA LUZIA,-
351,SOAPEX SAB 80G NEG,"GALDERMA SKIN HEALTH BRASILLTDA",-,2 CX,665085,2021-027858030-001,06/07/2021,SANTA LUZIA,MG
352,SOAPEX SAB 80G NEG,"GALDERMA SKIN HEALTH BRASILLTDA",-,2,665085,2021-032375129-001,06/07/2021,SANTA LUZIA,-
353,"SOFTALIND VIS-R. BOTTLE (DP) ""BR"" 500ML",Laboratórios B.Braun S/A,21152M03,40 peças (caixa com 20 peças),578823,918-00250/2021,05/08/2021,Rio de Janeiro/RJ,RJ
354,"STIPROX SH 1,5% 120ML","GLAXOSMITHKLINE BRASIL PRODCON E L",2102002,36,16099914,492/2021,16/08/2021,JUNDIAÍ - SP,SP
355,SUAVIE SAB LIQ 140ML,"LABORATORIOS PIERRE FABREBRASIL",2101257,1,16329201,8435;8517;8630;8679/2021,08/09/2021,FRANCA,SP
356,TAP KIDS 15% LOCAO CREMOSA X 100 ML,"UNIÃO QUÍMICA FARMACÊUTICANACIONAL",2037681,3 UN,336152,20455531,25/03/2021,SÃO JOSÉ DO RIO PRETO - SP,SP
357,TAP KIDS 15% LOCAO CREMOSA X 100 ML,"UNIÃO QUÍMICA FARMACÊUTICANACIONAL",2113826,2 UN,000416881-1,3826/2021,19/11/2021,CAMPINAS,SP
358,TAP KIDS 15% LOÇÃO CREMOSA X 100 ML,"F&F DISTRIBUIDORA DEPRODUTOS FARMACÊUTICOS",2112461,3,239450,2021-045506221-001,20/09/2021,BELO HORIZONTE,MG
359,TENSAGE CREAM GEL FRASCO 30GR,Divcom S.A,1909006,12 UNIDADES,80582,"Conforme RDC 304/2019, quandodo furto ou extravio, a comunicaçãocom as autoridades policiais não érequerimento das Boas Práticas deDistribuição e Armazenamento",06/11/2020,"RUA GENERAL TANCREDO NEVES700, DIST INDUSTRIAL -CACHOEIRINHA - RS / CEP 94930-540",RS
360,TINT COR&TON LOURO M MINI KIT 7.0,"L'OREAL BRASIL COMERCIALCOSMETICOS",58U500,2,16524344,9265/2021,28/09/2021,FRANCA,SP
361,TINT COR&TON PRETO MINI KIT 2.0,"L'OREAL BRASIL COMERCIALCOSMETICOS",58U320,1,16524344,9265/2021,28/09/2021,FRANCA,SP
362,TINT COR&TON PRETO MINI KIT 2.0,"L'OREAL BRASIL COMERCIALCOSMETICOS",58U517,1,16524344,9265/2021,28/09/2021,FRANCA,SP
363,TINT COR&TON PRETO MINI KIT 2.0,"L'OREAL BRASIL COMERCIALCOSMETICOS",58U603,1,16524344,9265/2021,28/09/2021,FRANCA,SP
364,TINT COR&TON PRETO MINI KIT 2.0,"L'OREAL BRASIL COMERCIALCOSMETICOS",58U603,8,16531754,9265/2021,28/09/2021,FRANCA,SP
365,TINT IMEDIA EXC CASTANHO CLARO 5,"L'OREAL BRASIL COMERCIALCOSMETICOS",58U308,2,16525580,9265/2021,28/09/2021,FRANCA,SP
366,TINT IMEDIA EXC CASTANHO ESC 3,"L'OREAL BRASIL COMERCIALCOSMETICOS",58U301,2,16525580,9265/2021,28/09/2021,FRANCA,SP
367,TINT NUTRISSE ONIX 10,"L'OREAL BRASIL COMERCIALCOSMETICOS",58U502,2,16524344,9265/2021,28/09/2021,FRANCA,SP
368,"TOALHINHAS UMEDECIDAS PIQUITUCHOPREMIUM 120UN (COM 24 PCS)","FW INDUSTRIA E COMERCIO DEPRODUTOS de HIGIENE LTDA",053879,20CX,120041,0752021/023830-05,15/01/2021,"Rua lose Jeronimo de Mesquita, 10 Lote10 Quadra 05 São Gonçalo",RJ
369,"TOALHINHAS UMEDECIDAS PIQUITUCHOPREMIUM 60UN (COM 24 PCS)","FW INDUSTRIA E COMERCIO DEPRODUTOS de HIGIENE LTDA",053825,20CX,120041,0752021/023830-05,15/01/2021,"Rua lose Jeronimo de Mesquita, 10 Lote10 Quadra 05 São Gonçalo",RJ
370,"TOALHINHAS UMEDECIDAS PIQUITUCHOPREMIUM 96UN (COM 24 PCS)","FW INDUSTRIA E COMERCIO DEPRODUTOS de HIGIENE LTDA",053401,10CX,120041,0752021/023830-05,15/01/2021,"Rua lose Jeronimo de Mesquita, 10 Lote10 Quadra 05 São Gonçalo",RJ
371,TOLERIANE SENSITIVE 40ML,"L'OREAL BRASIL COMERCIALCOSMETICOS",54U101,90,16099914,492/2021,16/08/2021,JUNDIAÍ - SP,SP
372,UMIDITA GESTANTE CORPO 200ML,LIBBS FARMACEUTICA LTDA,2104024,300,16099914,492/2021,16/08/2021,JUNDIAÍ - SP,SP
373,UMIDITA LOCAO HIDRAT,LIBBS FARMACEUTICA LTDA,2010139,1,16330611,8435;8517;8630;8679/2021,08/09/2021,FRANCA,SP
Ordem,Produto*,Empresa*,No Lote*,"Quantidade Roubada/Furtada/Extraviada*",No Nota Fiscal*,No Boletim de Ocorrência*,"Data do roubo ouextravio*",Cidade*,UF*
374,UREPEL 10% CREME BG C/ 60G,"UNIAO QUIMICA FARMACEUTICANACIONAL",2109232,3 UN,000370766-1,1116847/2021,23/06/2021,SÃO PAULO,SP
375,UREPEL 10% CREME BG C/ 60G,"UNIÃO QUÍMICA FARMACÊUTICANACIONAL",2120590,1 UN,000395598-1,1120/2021,10/09/2021,SUMARÉ,SP
376,UREPEL 10% LOCAO FR X 150ML,"UNIÃO QUÍMICA FARMACÊUTICANACIONAL",2037777,4 UN,000310659-1,1884088/2020,03/12/2020,SÃO PAULO,SP
377,UREPEL 10% LOCAO FR X 150ML,"UNIÃO QUÍMICA FARMACÊUTICANACIONAL",2121793,1 UN,000395598-1,1120/2021,10/09/2021,SUMARÉ,SP
378,UREPEL 10% LOCAO FR X 150ML,"UNIÃO QUÍMICA FARMACÊUTICANACIONAL",2130845,2 UN,000408521-1,AT4080-1/2021,21/10/2021,SÃO PAULO - SP,SP
379,VARICELL CREME 300G,DIVCOM S A,191431,1,11346501,161/2020 e 2610/2020,13/03/2020,Mongagua,SP
380,VARICELL CREME PERNAS 300G,DIVCOM S.A,210061,24 UNIDADES,35829,"Conforme RDC 304/2019, quandodo furto ou extravio, a comunicaçãocom as autoridades policiais não érequerimento das Boas Práticas deDistribuição e Armazenamento",22/02/2021,"ROD BR 153 KM 518 ZONA RURAL S/N,HIDROLÂNDIA - GOIANIA - GO / CEP75340-000",GO
381,VARIPLEX CREME 1X300G,IAG PHARMA DISTRIBUIDORA,180882,3 UN,760601,1860-2021,25/03/2021,"RUA HERMENEGILDO PEREIRA DEFRANÇA,184 - PRAIA GRANDE -SP",SP
382,VECASTEN GEL BG C/150G OR,MARJAN,N614,6 BG,"NFD 290960- NFD 560611 (NF que foiextraviada)",,04/10/2021,ELDORADO DO SUL,RS
383,VICHY MINERAL 89 SERUM 30ML,"L'OREAL BRASIL COMERCIALCOSMETICOS",54TD02,36,16099914,492/2021,16/08/2021,JUNDIAÍ - SP,SP
384,VITA SUPRAZ HAIR X 60 CAP DURA (AL),"UNIÃO QUÍMICA FARMACÊUTICANACIONAL",2045145,2 UN,000403794-1,AS0977-1/2021 / 2028924/2021,06/10/2021,SÃO PAULO - SP,SP
385,VODOL 20MG/G CREME X 28G,"UNIÃO QUIMICA FARMACEUTICANACIONAL",2039670,2,181633,20197003,08/07/2021,POUSO ALEGRE,MG
386,VODOL 20MG/G CREME X 28G,"F&F DISTRIBUIDORA DEPRODUTOS FARMACÊUTICOS",2105047,1,239450,2021-045506221-001,20/09/2021,BELO HORIZONTE,MG
387,VODOL PREVENT AEROSSOL,"UNIÃO QUÍMICA FARMACÊUTICANACIONAL",105217,12 UNIDADES,386949,20I0319147328,11/12/2020,JABOATÃO DOS GUARARAPES,PE
388,VODOL PREVENT AEROSSOL FR,"UNIÃO QUÍMICA FARMACÊUTICANACIONAL",2103991,3 UN,000403740-1,AS0977-1/2021 / 2028924/2021,,SÃO PAULO - SP,SP
389,VODOL PREVENT FRASCO 100 G,"UNIAO QUIMICA FARMACEUTICANACIONAL",2112300,3 UN,000370784-1,1116847/2021,23/06/2021,SÃO PAULO,SP
390,VODOL PREVENT FRASCO 100 G,"UNIÃO QUÍMICA FARMACÊUTICANACIONAL",2112300,3 UN,000377750-1,AF5668-1/2021,16/07/2021,EMBU DAS ARTES,SP
391,VODOL PREVENT FRASCO 100 G,"UNIÃO QUÍMICA FARMACÊUTICANACIONAL",2117363,2 UN,000395623-1,1120/2021,10/09/2021,SUMARÉ,SP
392,VODOL PREVENT FRASCO 100 G,"UNIÃO QUÍMICA FARMACÊUTICANACIONAL",2121031,1 UN,000395623-1,1120/2021,10/09/2021,SUMARÉ,SP
393,VODOL PREVENT RELAXANTE PO X 100G,"UNIAO QUIMICA FARMACEUTICANACIONAL",2114662,3 UN,000370784-1,1116847/2021,23/06/2021,SÃO PAULO,SP
394,VODOL PREVENT RELAXANTE PO X 100G,"UNIÃO QUÍMICA FARMACÊUTICANACIONAL",2118344,3 UN,000377750-1,AF5668-1/2021,16/07/2021,EMBU DAS ARTES,SP
395,VODOL PREVENT RELAXANTE PO X 100G,"UNIÃO QUÍMICA FARMACÊUTICANACIONAL",2121916,3 UN,000395623-1,1120/2021,10/09/2021,SUMARÉ,SP
396,VODOL PREVENT RELAXANTE PO X 100G,"F&F DISTRIBUIDORA DEPRODUTOS FARMACÊUTICOS",2125360,2,239450,2021-045506221-001,20/09/2021,BELO HORIZONTE,MG
397,VODOL PREVENT RELAXANTE PO X 100G,"UNIÃO QUÍMICA FARMACÊUTICANACIONAL",2125360,6 UN,000403740-1,AS0977-1/2021 / 2028924/2021,,SÃO PAULO - SP,SP
398,VODOL PREVENT RELAXANTE PO X 100G,"UNIÃO QUÍMICA FARMACÊUTICANACIONAL",2125361,3 UN,000408303-1,AT4080-1/2021,21/10/2021,SÃO PAULO - SP,SP
399,VODOL PREVENT SPORT PO X 100G,"UNIAO QUIMICA FARMACEUTICANACIONAL",2109527,3 UN,000370784-1,1116847/2021,23/06/2021,SÃO PAULO,SP
400,VODOL PREVENT SPORT PO X 100G,"UNIÃO QUÍMICA FARMACÊUTICANACIONAL",2109527,3 UN,000377750-1,AF5668-1/2021,16/07/2021,EMBU DAS ARTES,SP
401,VODOL PREVENT SPORT PO X 100G,"UNIÃO QUÍMICA FARMACÊUTICANACIONAL",2121914,3 UN,000395623-1,1120/2021,10/09/2021,SUMARÉ,SP
402,XO INSETO 15% LOC FR 200 ML,"NUTRACOM INDUSTRIA ECOMÉRCIO LTDA",2021808,2 UNIDADES,562.693,2020-060619004-001,17/12/2020,SANTA LUZIA,MG
403,XO INSETO 15% LOC FR 200 ML,"NUTRACOM INDUSTRIA ECOMÉRCIO LTDA",2100757,12,592780,2021-009618257-001,24/02/2021,CONTAGEM,MG
404,XO INSETO 15% SPRAY FR 200ML,"NUTRACOM INDUSTRIA ECOMÉRCIO LTDA",2023066,3 UNIDADES,562.693,2020-060619004-001,17/12/2020,SANTA LUZIA,MG
405,XO INSETO 15% SPRAY FR 200ML,"NUTRACOM INDUSTRIA ECOMÉRCIO LTDA",2101041,12,592780,2021-009618257-001,24/02/2021,CONTAGEM,MG
406,XO INSETO 15% SPRAY FR 200ML,"NUTRACOM INDUSTRIA ECOMÉRCIO LTDA",2101041,2,592480,2021-009618257-001,24/02/2021,CONTAGEM,MG
407,XO INSETO KIDS LOCAO 100 ML,"NUTRACOM INDUSTRIA ECOMÉRCIO LTDA",2100186,6,592780,2021-009618257-001,24/02/2021,CONTAGEM,MG
