"",,,,Quantidade Roubada/ Furtada/,,Data do roubo ou,,
Ordem,Produto*,Empresa*,No de Série/ Lote*,No Nota Fiscal*,No Boletim de Ocorrência*,,Cidade*,UF*
"",,,,Extraviada*,,extravio*,,
"",6LAGO KIT LAMEN C/6UN (LAMEN GALINHA,,,,0835495/2020 - BOCOP -,,,
1,,NISSIN FOODS DO BRASIL,01/09/21 E,3960 UNIDADES 298996,,11/12/2020,ÁGUA DOCE,SC
"",CAIPIRA),,,,02405.2020.0000242,,,
2,ABCALCIUM B12 240ML SUS OR 1CT X 36CT,Airela Indústria Farmacêutica LTDA,21D0385,180 42167,165,01/07/2021,SERRA DE TEIXEIRA - PB 262,PB
3,ABCALCIUM B12 240ML SUS OR 1CT X 36CT,Airela Indústria Farmacêutica LTDA,21E0475,72 42167,165,01/07/2021,SERRA DE TEIXEIRA - PB 262,PB
"",,NUTRACOM INDUSTRIA E,,,,,,
4,ACEVITON 1G 3 TB X 10 COMP EFERV,,2021434,6 UNIDADES 562.693,2020-060619004-001,17/12/2020,SANTA LUZIA,MG
"",,COMÉRCIO LTDA,,,,,,
"",,NUTRACOM INDUSTRIA E,,,,,,
5,ACEVITON 1G 3 TB X 10 COMP EFERV,,2024491,20 592625,2021-009618257-001,24/02/2021,CONTAGEM,MG
"",,COMÉRCIO LTDA,,,,,,
"",,NUTRACOM INDUSTRIA E,,,,,,
6,ACEVITON 1G 3 TB X 10 COMP EFERV,,2108581,3 660952,1461177210630084049,30/06/2021,BOM JESUS DO AMPARO,MG
"",,COMÉRCIO LTDA,,,,,,
"",,CIMED INDÚSTRIA DE,,,,,,
7,ACEVITON 1G COMP EFERV,-MEDICAMENTOS LTDA,2112022,6 131925,071-0362/2021-02,09/09/2021,-,
"",,NUTRACOM INDUSTRIA E,,,,,,
8,ACEVITON 1G TB X 10 COMP EFERV,,2002213,3 660952,1461177210630084049,30/06/2021,BOM JESUS DO AMPARO,MG
"",,COMÉRCIO LTDA,,,,,,
"",,NUTRACOM INDUSTRIA E,,,,,,
9,ACEVITON 1G TB X 10 COMP EFERV,,2002213,12 660987,1461177210630084049,30/06/2021,BOM JESUS DO AMPARO,MG
"",,COMÉRCIO LTDA,,,,,,
"",,NUTRACOM INDUSTRIA E,,,,,,
10,ACEVITON ZINCO COMP EFERV 1 TB X 10,,2020249,6 UNIDADES 562.693,2020-060619004-001,17/12/2020,SANTA LUZIA,MG
"",,COMÉRCIO LTDA,,,,,,
"",,NUTRACOM INDUSTRIA E,,,,,,
11,ACEVITON ZINCO COMP EFERV 1 TB X 10,,2110058,3 660952,1461177210630084049,30/06/2021,BOM JESUS DO AMPARO,MG
"",,COMÉRCIO LTDA,,,,,,
"",,NUTRACOM INDUSTRIA E,,,,,,
12,ACEVITON ZINCO COMP EFERV 3 TB X 10,,2101986,12 592625,2021-009618257-001,24/02/2021,CONTAGEM,MG
"",,COMÉRCIO LTDA,,,,,,
"",,NUTRACOM INDUSTRIA E,,,,,,
13,ACEVITON ZINCO COMP EFERV 3 TB X 10,,2008295,13 456417,2020-021358323-001,05/05/2020,BELO HORIZONTE,MG
"",,COMÉRCIO LTDA,,,,,,
"",,NUTRACOM INDUSTRIA E,,,,,,
14,"ACEVITON ZINCO COMP,EFERV 3 TB X 10",,2008295,13 456430,2020-021358323-001,05/05/2020,BELO HORIZONTE,MG
"",,COMÉRCIO LTDA,,,,,,
"",,,,,,,TRANSPORTADORA TRANSLAG,
"",,,,,,,"TRANSPORTE E LOGISTICA, VIA",
15,ADDERA + CABELO E UNHAS FR 30 CPRV,COSMED IND COSM MED S/A,Q20H0114,120 815.492,17.565.444,18/12/2020,,GO
"",,,,,,,"ACESSO 008 SN, CHÁCARAS MARIVÂNIA",
"",,,,,,,- APARECIDA DE GOIÂNIA,
"",,,,,,,TRANSPORTADORA TRANSLAG,
"",,,,,,,"TRANSPORTE E LOGISTICA, VIA",
16,ADDERA + CABELO E UNHAS FR 90 CPRV,COSMED IND COSM MED S/A,Q20H0109,12 815.372,17.565.444,18/12/2020,,GO
"",,,,,,,"ACESSO 008 SN, CHÁCARAS MARIVÂNIA",
"",,,,,,,- APARECIDA DE GOIÂNIA,
"",,,,,,,TRANSPORTADORA TRANSLAG,
"",,,,,,,"TRANSPORTE E LOGISTICA, VIA",
17,ADDERA + ENERGIA FR 30 COMP REV,COSMED IND COSM MED S/A,Q20K0363,12 815.016,17.565.444,18/12/2020,,GO
"",,,,,,,"ACESSO 008 SN, CHÁCARAS MARIVÂNIA",
"",,,,,,,- APARECIDA DE GOIÂNIA,
"",,,,,,,TRANSPORTADORA TRANSLAG,
"",,,,,,,"TRANSPORTE E LOGISTICA, VIA",
18,ADDERA + ENERGIA FR 30 COMP REV,COSMED IND COSM MED S/A,Q20K0363,96 815.849,17.565.444,18/12/2020,,GO
"",,,,,,,"ACESSO 008 SN, CHÁCARAS MARIVÂNIA",
"",,,,,,,- APARECIDA DE GOIÂNIA,
"",,,,,,,TRANSPORTADORA TRANSLAG,
"",,,,,,,"TRANSPORTE E LOGISTICA, VIA",
19,ADDERA + ENERGIA FR 90 COMP REV,COSMED IND COSM MED S/A,Q20K0204,36 815.372,17.565.444,18/12/2020,,GO
"",,,,,,,"ACESSO 008 SN, CHÁCARAS MARIVÂNIA",
"",,,,,,,- APARECIDA DE GOIÂNIA,
"",,,,,,,TRANSPORTADORA TRANSLAG,
"",,,,,,,"TRANSPORTE E LOGISTICA, VIA",
20,ADDERA + IMUNIDADE FR 30 COMP REV,COSMED IND COSM MED S/A,Q20H0020,12 815.492,17.565.444,18/12/2020,,GO
"",,,,,,,"ACESSO 008 SN, CHÁCARAS MARIVÂNIA",
"",,,,,,,- APARECIDA DE GOIÂNIA,
"",,,,,,,TRANSPORTADORA TRANSLAG,
"",,,,,,,"TRANSPORTE E LOGISTICA, VIA",
21,ADDERA + IMUNIDADE FR 90 COMP REV,COSMED IND COSM MED S/A,Q20H0024,12 815.372,17.565.444,18/12/2020,,GO
"",,,,,,,"ACESSO 008 SN, CHÁCARAS MARIVÂNIA",
"",,,,,,,- APARECIDA DE GOIÂNIA,
"",,,,,,,TRANSPORTADORA TRANSLAG,
"",,,,,,,"TRANSPORTE E LOGISTICA, VIA",
22,ADDERA + VITAMINAS FR 30 COMP REV,COSMED IND COSM MED S/A,Q20K0248,12 815.016,17.565.444,18/12/2020,,GO
"",,,,,,,"ACESSO 008 SN, CHÁCARAS MARIVÂNIA",
"",,,,,,,- APARECIDA DE GOIÂNIA,
"",,,,,,,TRANSPORTADORA TRANSLAG,
"",,,,,,,"TRANSPORTE E LOGISTICA, VIA",
23,ADDERA + VITAMINAS FR 30 COMP REV,COSMED IND COSM MED S/A,Q20K0248,216 815.492,17.565.444,18/12/2020,,GO
"",,,,,,,"ACESSO 008 SN, CHÁCARAS MARIVÂNIA",
"",,,,,,,- APARECIDA DE GOIÂNIA,
"",,,,,,,TRANSPORTADORA TRANSLAG,
"",,,,,,,"TRANSPORTE E LOGISTICA, VIA",
24,ADDERA CAL 1.000UI FR 30 CPRV,COSMED IND COSM MED S/A,Q20K0146,156 814.874,17.565.444,18/12/2020,,GO
"",,,,,,,"ACESSO 008 SN, CHÁCARAS MARIVÂNIA",
"",,,,,,,- APARECIDA DE GOIÂNIA,
"",,,,,,,TRANSPORTADORA TRANSLAG,
"",,,,,,,"TRANSPORTE E LOGISTICA, VIA",
25,ADDERA CAL 2.000UI FR 30 CPRV,COSMED IND COSM MED S/A,Q20K0155,12 815.016,17.565.444,18/12/2020,,GO
"",,,,,,,"ACESSO 008 SN, CHÁCARAS MARIVÂNIA",
"",,,,,,,- APARECIDA DE GOIÂNIA,
"",,,,Quantidade Roubada/ Furtada/,,,Data do roubo ou,,
Ordem,Produto*,Empresa*,No de Série/ Lote*,,No Nota Fiscal*,No Boletim de Ocorrência*,,Cidade*,UF*
"",,,,Extraviada*,,,extravio*,,
"",,,,,,,,TRANSPORTADORA TRANSLAG,
"",,,,,,,,"TRANSPORTE E LOGISTICA, VIA",
26,ADDERA CAL 2.000UI FR 90 CPRV,COSMED IND COSM MED S/A,Q20K0163,72,815.643,17.565.444,18/12/2020,,GO
"",,,,,,,,"ACESSO 008 SN, CHÁCARAS MARIVÂNIA",
"",,,,,,,,- APARECIDA DE GOIÂNIA,
"",,,,,,,,TRANSPORTADORA TRANSLAG,
"",,,,,,,,"TRANSPORTE E LOGISTICA, VIA",
27,ADDERA D3 1000UI FR 30 COM REV,COSMED IND COSM MED S/A,Q20J0156,12,815.016,17.565.444,18/12/2020,,GO
"",,,,,,,,"ACESSO 008 SN, CHÁCARAS MARIVÂNIA",
"",,,,,,,,- APARECIDA DE GOIÂNIA,
"",,,,,,,,TRANSPORTADORA TRANSLAG,
"",,,,,,,,"TRANSPORTE E LOGISTICA, VIA",
28,ADDERA D3 1000UI FR 30 COM REV,COSMED IND COSM MED S/A,Q20J0156,156,815.799,17.565.444,18/12/2020,,GO
"",,,,,,,,"ACESSO 008 SN, CHÁCARAS MARIVÂNIA",
"",,,,,,,,- APARECIDA DE GOIÂNIA,
"",,,,,,,,TRANSPORTADORA TRANSLAG,
"",,,,,,,,"TRANSPORTE E LOGISTICA, VIA",
29,ADDERA D3 1000UI FR 30 COM REV,COSMED IND COSM MED S/A,Q20J0156,420,815.492,17.565.444,18/12/2020,,GO
"",,,,,,,,"ACESSO 008 SN, CHÁCARAS MARIVÂNIA",
"",,,,,,,,- APARECIDA DE GOIÂNIA,
"",,,,,,,,TRANSPORTADORA TRANSLAG,
"",,,,,,,,"TRANSPORTE E LOGISTICA, VIA",
30,ADDERA D3 1000UI FR 90 COM REV,COSMED IND COSM MED S/A,Q20J0154,156,814.873,17.565.444,18/12/2020,,GO
"",,,,,,,,"ACESSO 008 SN, CHÁCARAS MARIVÂNIA",
"",,,,,,,,- APARECIDA DE GOIÂNIA,
"",,,,,,,,TRANSPORTADORA TRANSLAG,
"",,,,,,,,"TRANSPORTE E LOGISTICA, VIA",
31,ADDERA D3 1000UI FR 90 COM REV,COSMED IND COSM MED S/A,Q20J0154,24,815.016,17.565.444,18/12/2020,,GO
"",,,,,,,,"ACESSO 008 SN, CHÁCARAS MARIVÂNIA",
"",,,,,,,,- APARECIDA DE GOIÂNIA,
32,ADDERA D3 1000UI GTS FR 5ML,HYPERMARCAS S.A,Q21H0204,1,16525380,9265/2021,28/09/2021,FRANCA,SP
33,ADDERA D3 132UI GTS FR VD AMB 20ML,COSMED IND COSM MED S/A,Q21C0269,24,44496,2021-1289502,04/09/2021,-,-
"",,,,,,,,TRANSPORTADORA TRANSLAG,
"",,,,,,,,"TRANSPORTE E LOGISTICA, VIA",
34,ADDERA D3 2000UI FR 30 COM REV,COSMED IND COSM MED S/A,Q20J0114,36,815.016,17.565.444,18/12/2020,,GO
"",,,,,,,,"ACESSO 008 SN, CHÁCARAS MARIVÂNIA",
"",,,,,,,,- APARECIDA DE GOIÂNIA,
"",,,,,,,,TRANSPORTADORA TRANSLAG,
"",,,,,,,,"TRANSPORTE E LOGISTICA, VIA",
35,ADDERA D3 2000UI FR 30 COM REV,COSMED IND COSM MED S/A,Q20J0114,120,815.800,17.565.444,18/12/2020,,GO
"",,,,,,,,"ACESSO 008 SN, CHÁCARAS MARIVÂNIA",
"",,,,,,,,- APARECIDA DE GOIÂNIA,
"",,,,,,,,TRANSPORTADORA TRANSLAG,
"",,,,,,,,"TRANSPORTE E LOGISTICA, VIA",
36,ADDERA D3 2000UI FR 30 COM REV,COSMED IND COSM MED S/A,Q20J0114,396,815.849,17.565.444,18/12/2020,,GO
"",,,,,,,,"ACESSO 008 SN, CHÁCARAS MARIVÂNIA",
"",,,,,,,,- APARECIDA DE GOIÂNIA,
"",,,,,,,,TRANSPORTADORA TRANSLAG,
"",,,,,,,,"TRANSPORTE E LOGISTICA, VIA",
37,ADDERACAL 1000UI CT BL 30 CPRV,COSMED IND COSM MED S/A,Q20J0074,96,814.871,17.565.444,18/12/2020,,GO
"",,,,,,,,"ACESSO 008 SN, CHÁCARAS MARIVÂNIA",
"",,,,,,,,- APARECIDA DE GOIÂNIA,
"",,,,,,,,TRANSPORTADORA TRANSLAG,
"",,,,,,,,"TRANSPORTE E LOGISTICA, VIA",
38,ADDERACAL 1000UI CT BL 30 CPRV,COSMED IND COSM MED S/A,Q20J0074,96,814.882,17.565.444,18/12/2020,,GO
"",,,,,,,,"ACESSO 008 SN, CHÁCARAS MARIVÂNIA",
"",,,,,,,,- APARECIDA DE GOIÂNIA,
"",,,,,,,,TRANSPORTADORA TRANSLAG,
"",,,,,,,,"TRANSPORTE E LOGISTICA, VIA",
39,ADDERACAL 1000UI CT BL 30 CPRV,COSMED IND COSM MED S/A,Q20J0074,48,814.884,17.565.444,18/12/2020,,GO
"",,,,,,,,"ACESSO 008 SN, CHÁCARAS MARIVÂNIA",
"",,,,,,,,- APARECIDA DE GOIÂNIA,
"",,,,,,,,TRANSPORTADORA TRANSLAG,
"",,,,,,,,"TRANSPORTE E LOGISTICA, VIA",
40,ADDERACAL 1000UI CT BL 30 CPRV,COSMED IND COSM MED S/A,Q20J0074,168,815.075,17.565.444,18/12/2020,,GO
"",,,,,,,,"ACESSO 008 SN, CHÁCARAS MARIVÂNIA",
"",,,,,,,,- APARECIDA DE GOIÂNIA,
"",,,,,,,,TRANSPORTADORA TRANSLAG,
"",,,,,,,,"TRANSPORTE E LOGISTICA, VIA",
41,ADDERACAL 1000UI CT BL 60 CPRV,COSMED IND COSM MED S/A,Q20J0081,48,815.640,17.565.444,18/12/2020,,GO
"",,,,,,,,"ACESSO 008 SN, CHÁCARAS MARIVÂNIA",
"",,,,,,,,- APARECIDA DE GOIÂNIA,
"",,,,,,,,TRANSPORTADORA TRANSLAG,
"",,,,,,,,"TRANSPORTE E LOGISTICA, VIA",
42,ADDERACAL 1000UI CT BL 60 CPRV,COSMED IND COSM MED S/A,Q20J0081,48,815.637,17.565.444,18/12/2020,,GO
"",,,,,,,,"ACESSO 008 SN, CHÁCARAS MARIVÂNIA",
"",,,,,,,,- APARECIDA DE GOIÂNIA,
"",,,,,,,,"Estrada do Barro Vermelho, 1243 Bairro",
"",,,,,,,,Colégio- Rio de Janeiro/RJ (abordagem),
43,ALETAM 40MG 5CAP AG - EPD_C01E_CHC,CATALENT BRASIL LTDA,1129344,100 cartuchos,No. 000.282.218,040-00371/2021,27/01/2021,,RJ
"",,,,,,,,"Rua Coêma, 228 Bairro Colégio- Rio de",
"",,,,,,,,Janeiro/RJ (transbordo da carga),
44,APEVINAT BC 240ML SOL OR 1CT X 36CT,Airela Indústria Farmacêutica LTDA,21B0323,72,42170,165,01/07/2021,SERRA DE TEIXEIRA - PB 262,PB
45,APTAMIL 2 800G,DANONE LTDA,2022.11.17,1,16529156,9265/2021,28/09/2021,FRANCA,SP
Ordem,Produto*,Empresa*,No de Série/ Lote*,"Quantidade Roubada/ Furtada/Extraviada*",No Nota Fiscal*,No Boletim de Ocorrência*,"Data do roubo ouextravio*",Cidade*,UF*
46,APTAMIL SOJA 2 800G NEU C,DANONE LTDA,-,1,664264,2021-032375129-001,06/07/2021,SANTA LUZIA,-
47,APTANUTRI PREMIUM 3 800G,DANONE LTDA,-,3,664170,2021-032375129-001,06/07/2021,SANTA LUZIA,-
48,APTANUTRI PREMIUM 3 800G,DANONE LTDA,2022.11.24,1,16525830,9265/2021,28/09/2021,FRANCA,SP
49,BARIVIT LARANJA C/ 60 COMP MAST,"MARJAN INDUSTRIA E COMERCIOLTDA",L559,1,11325733,161/2020 e 2610/2020,13/03/2020,MONGAGUA,SP
50,BIO 5 SACHE 4 G X 30 (AL),"UNIÃO QUÍMICA FARMACÊUTICANACIONAL",2045091,1 CARTUCHO,497704,2021-052684952-001,05/10/2021,POUSO ALEGRE,MG
51,BIO C 1 G COM EFEV TB X 30 (AL),"UNIÃO QUÍMICA FARMACÊUTICANACIONAL",2046409,6 UN,000343061-1,542723/2021,25/03/2021,ARUJA,SP
52,BIO C 1 G COM EFEV TB X 30 (AL),"UNIÃO QUÍMICA FARMACEUTICANACIONAL",2106690,6 UN,000357227-1,2180/2021,13/05/2021,CAMPINAS,SP
53,BIO C 1 G COM EFEV TB X 30 (AL),"UNIÃO QUÍMICA FARMACÊUTICANACIONAL",2102209,3 UN,000348364-1,19824292,14/05/2021,SOROCABA,SP
54,BIO C 1 G COM EFEV TB X 30 (AL),"UNIÃO QUÍMICA FARMACÊUTICANACIONAL",2106690,3 UN,000360468-1,19858486,01/06/2021,SALES,SP
55,BIO C 1 G COM EFEV TB X 30 (AL),"UNIÃO QUÍMICA FARMACÊUTICANACIONAL",2112532,6 UN,000377591-1,AF5668-1/2021,16/07/2021,EMBU DAS ARTES,SP
56,BIO C 1 G COM EFEV TB X 30 (AL),"UNIAO QUIMICA FARMACEUTICANACIONAL",2112532,10 UN,000377750-1,AF5668-1/2021,16/07/2021,EMBU DAS ARTES,SP
57,BIO C 1 G COM EFEV TB X 30 (AL),"UNIÃO QUÍMICA FARMACÊUTICANACIONAL",2112697,3 UN,000395642-1,1120/2021,10/09/2021,SUMARÉ,SP
58,BIO C 1G COM EFEV TB X 10 (AL),"UNIÃO QUÍMICA FARMACEUTICANACIONAL",2102976,6 UN,000357227-1,2180/2021,13/05/2021,CAMPINAS,SP
59,BIO C 1G COM EFEV TB X 10 (AL),"UNIÃO QUÍMICA FARMACÊUTICANACIONAL",2102976,4 UN,000361196-1,919677/2020 - 1348/2021 E 768/2021,25/05/2021,SÃO PAULO,SP
60,BIO C 1G COM EFEV TB X 10 (AL),"UNIÃO QUÍMICA FARMACÊUTICANACIONAL",2100688,6 UN,000348364-1,19824292,14/05/2021,SOROCABA,SP
61,BIO C 1G COM EFEV TB X 10 (AL),"UNIÃO QUÍMICA FARMACÊUTICANACIONAL",2102976,4 UN,000360468-1,19858486,01/06/2021,SALES,SP
62,BIO C 1G COM EFEV TB X 10 (AL),"UNIÃO QUÍMICA FARMACÊUTICANACIONAL",2109296,13 UN,000370784-1,1116847/2021,23/06/2021,SÃO PAULO,SP
63,BIO C 1G COM EFEV TB X 10 (AL),"UNIAO QUIMICA FARMACEUTICANACIONAL",2109296,18 UN,000377750-1,AF5668-1/2021,16/07/2021,EMBU DAS ARTES,SP
64,BIO C 1G COM EFEV TB X 10 (AL),"UNIÃO QUÍMICA FARMACÊUTICANACIONAL",2109297,1 UN,000395628-1,1120/2021,10/09/2021,SUMARÉ,SP
65,BIO C 1G COM EFEV TB X 10 (AL),"UNIÃO QUÍMICA FARMACÊUTICANACIONAL",2109297,1 UN,000395643-1,1120/2021,10/09/2021,SUMARÉ,SP
66,BIO C 1G COM EFEV TB X 10 (AL),"UNIÃO QUÍMICA FARMACÊUTICANACIONAL",2109297,1 UN,000395598-1,1120/2021,10/09/2021,SUMARÉ,SP
67,BIO C 1G COM EFEV TB X 10 (AL),"UNIÃO QUÍMICA FARMACÊUTICANACIONAL",2112455,2 UN,000417984-1,2346963/2021,30/11/2021,RIBEIRÃO PRETO - SP,NA
68,BIO C 200 MG/ML SOL GOT,"UNIÃO QUÍMICA FARMACÊUTICANACIONAL",2024530,6,181633,20197003,08/07/2021,POUSO ALEGRE,MG
69,BIO C IMUNE 5 FR X 30,"UNIÃO QUÍMICA FARMACÊUTICANACIONAL",2111420,1 UN,000370962-1,1116847/2021,23/06/2021,SÃO PAULO,SP
70,BIO C IMUNE 5 FR X 30,"UNIAO QUIMICA FARMACEUTICANACIONAL",2111421,2 UN,000377750-1,AF5668-1/2021,16/07/2021,EMBU DAS ARTES,SP
71,BIO C ZINCO COM EFEV TB X 10 (AL),"UNIÃO QUÍMICA FARMACÊUTICANACIONAL",2045488,12 UN,000343061-1,542723/2021,25/03/2021,ARUJA,SP
72,BIO C ZINCO COM EFEV TB X 10 (AL),"UNIÃO QUÍMICA FARMACEUTICANACIONAL",2113901,12 UN,000357227-1,2180/2021,13/05/2021,CAMPINAS,SP
73,BIO C ZINCO COM EFEV TB X 10 (AL),"UNIÃO QUÍMICA FARMACÊUTICANACIONAL",2113901,6 UN,000360468-1,19858486,01/06/2021,SALES,SP
74,BIO C ZINCO COM EFEV TB X 10 (AL),"UNIAO QUIMICA FARMACEUTICANACIONAL",2118330,6 UN,000377750-1,AF5668-1/2021,16/07/2021,EMBU DAS ARTES,SP
75,BIO C ZINCO COM EFEV TB X 10 (AL),"UNIÃO QUÍMICA FARMACÊUTICANACIONAL",2106459,1 UN,000395628-1,1120/2021,10/09/2021,SUMARÉ,SP
76,BIO C ZINCO COM EFEV TB X 10 (AL),"UNIÃO QUÍMICA FARMACÊUTICANACIONAL",2118331,1 UN,000395643-1,1120/2021,10/09/2021,SUMARÉ,SP
77,BIO C ZINCO COM EFEV TB X 10 (AL),"UNIÃO QUÍMICA FARMACÊUTICANACIONAL",2118331,1 UN,000395598-1,1120/2021,10/09/2021,SUMARÉ,SP
78,BIO C ZINCO COM EFEV TB X 10 (AL),"UNIÃO QUÍMICA FARMACÊUTICANACIONAL",2118331,2 UN,000395642-1,1120/2021,10/09/2021,SUMARÉ,SP
79,BIO C ZINCO COM EFEV TB X 10 (AL),"UNIÃO QUÍMICA FARMACÊUTICANACIONAL",2113901,7 UN,000361142-1,19999236,09/06/2021,MOGI DAS CRUZES,SP
80,BIO C ZINCO COM EFEV TB X 10 (AL),"UNIÃO QUÍMICA FARMACÊUTICANACIONAL",2121988,2 UN,000417984-1,2346963/2021,30/11/2021,RIBEIRÃO PRETO - SP,NA
81,BIO C ZINCO COM EFEV TB X 30 (AL),"UNIÃO QUÍMICA FARMACÊUTICANACIONAL",2110122,3 UN,000360457-1,19858360,01/06/2021,POTIRENDABA,SP
Ordem,Produto*,Empresa*,No de Série/ Lote*,"Quantidade Roubada/ Furtada/Extraviada*",No Nota Fiscal*,No Boletim de Ocorrência*,"Data do roubo ouextravio*",Cidade*,UF*
82,BIO C ZINCO COM EFEV TB X 30 (AL),"UNIÃO QUÍMICA FARMACÊUTICANACIONAL",2110122,4 UN,000360468-1,19858486,01/06/2021,SALES,SP
83,BIO C ZINCO COM EFEV TB X 30 (AL),"UNIÃO QUÍMICA FARMACÊUTICANACIONAL",2118324,36 CARTUCHOS,515749,2021-053805035-001,30/08/2021,POUSO ALEGRE,MG
84,BIOARGI-C 1G/1G COM EFEV  X 16,"F&F DISTRIBUIDORA DEMEDICAMENTOS",2105818,1,239450,2021-045506221-001,20/09/2021,BELO HORIZONTE,MG
85,BIOARGI-C 1G/1G COM EFEV X 16 (AL),"UNIÃO QUÍMICA FARMACÊUTICANACIONAL",2040811,1 UN,000361196-1,919677/2020 - 1348/2021 E 768/2021,25/05/2021,SÃO PAULO,SP
86,BIOARGI-C 1G/1G COM EFEV X 16 (AL),"UNIÃO QUÍMICA FARMACÊUTICANACIONAL",2040811,2 UN,000360468-1,19858486,01/06/2021,SALES,SP
87,BIOARGI-C 1G/1G COM EFEV X 16 (AL),"UNIÃO QUÍMICA FARMACÊUTICANACIONAL",2040811,1 UN,000360477-1,19858420,01/06/2021,SÃO JOSÉ DO RIO PRETO,SP
88,BIOARGI-C 1G/1G COM EFEV X 16 (AL),"UNIÃO QUÍMICA FARMACÊUTICANACIONAL",2040811,1 UN,000370818-1,1116847/2021,23/06/2021,SÃO PAULO,SP
89,BIOARGI-C 1G/1G COM EFEV X 16 (AL),"UNIAO QUIMICA FARMACEUTICANACIONAL",2040816,6 UN,000377750-1,AF5668-1/2021,16/07/2021,EMBU DAS ARTES,SP
90,BIOARGI-C 1G/1G COM EFEV X 16 (AL),"UNIAO QUIMICA FARMACEUTICANACIONAL",2040816,1 UN,000377842-1,AF5668-1/2021,16/07/2021,EMBU DAS ARTES,SP
91,BIOARGI-C 1G/1G COM EFEV X 16 (AL),"UNIÃO QUÍMICA FARMACÊUTICANACIONAL",2105818,1 UN,000408303-1,AT4080-1/2021,21/10/2021,SÃO PAULO,SP
92,BIOTONICO FONTOURA N 400ML NOVO,HYPERMARCAS S.A,B19J1670,1,11342585,161/2020 e 2610/2020,13/03/2020,MONGAGUA,SP
93,BIOTONICO FONTOURA N 400ML- NOVO,HYPERMARCAS S.A,B19J1670,1,11346832,161/2020 e 2610/2020,13/03/2020,MONGAGUA,SP
94,BIOTONICO FONTOURA UVA 400ML,HYPERMARCAS S.A,B19B0434,1,11342585,161/2020 e 2610/2020,13/03/2020,MONGAGUA,SP
95,BIOTONICO FONTOURA UVA 400ML,HYPERMARCAS S.A,B21B1185,2,15520734,1175458/2021,23/06/2021,SÃO PAULO - SP,SP
96,BIOZINC KIDS 2MG SOL 75ML,"ACHE LABORATORIOSFARMACEUTICOS SA",2101769,1,16529156,9265/2021,28/09/2021,FRANCA,SP
97,CAL COMP VER X 60 (AL),"UNIÃO QUÍMICA FARMACÊUTICANACIONAL",2104120,2 CARTUCHOS,497704,2021-052684952-001,05/10/2021,POUSO ALEGRE,MG
98,CALCIODEX  MDK  1x60 CP,KLEY HERTZ DISTRIBUIDORA,14718,30 UN,43184,7aCRPN MARAU-BO-21-00456,13/06/2021,MARAÚ,BA
99,CALCIODEX MDK 1X30 CP,IAG PHARMA,14309,2 UN.,785693,2523/2021,19/08/2021,"RUA CORONEL OLIVEIRA LIMA 478, CENTRO -SANTO ANDRÉ",-
100,CALCITOTAL 5 CAP AG - EPD_C01E_CHC,CATALENT BRASIL LTDA,2353,90 cartuchos,No. 000.282.218,040-00371/2021,27/01/2021,"Estrada do Barro Vermelho, 1243 BairroColégio- Rio de Janeiro/RJ (abordagem)Rua Coêma, 228 Bairro Colégio- Rio deJaneiro/RJ (transbordo da carga)",RJ
101,CALCITRAN D3 C/60 COMP,DIVCOM S A,210910,1,16329579,8435;8517;8630;8679/2021,08/09/2021,FRANCA,SP
102,CALCITRAN D3 CPR BL C/30,DIVCOM S.A.,210128,50 unidades,150170,19679836,01/06/2021,"ROD BR-153 KM 5,5, FAZENDA RETIRO,GOIÂNIA, GOIÁS - CEP: 74675-090",GO
103,CALCITRAN MDK CPR BL C/30,DIVCOM S.A,201589,25 CAIXAS,8495831,"Conforme RDC 304/2019, quando do furtoou extravio, a comunicação com asautoridades policiais não é requerimentodas Boas Práticas de Distribuição eArmazenamento",18/09/2020,"ROD BR 471, DISTRITO INDUSTRIAL -SANTA CRUZ DO SUL - RS / CEP 96814-400",RS
104,CALCITRAN MDK CPR BL C/30,DIVCOM S.A,201813,25 UNIDADES,22583,"Conforme RDC 304/2019, quando do furtoou extravio, a comunicação com asautoridades policiais não é requerimentodas Boas Práticas de Distribuição eArmazenamento",24/11/2020,"RUA PAULO FREIRE 595, JARDIM AMERICACAMPO GRANDE - MS / CEP 79080-040",MS
105,CALCITRAN MDK CPR BL C/30,DIVCOM S.A.,210401,25 unidades,150170,19679836,01/06/2021,"ROD BR-153 KM 5,5, FAZENDA RETIRO,GOIÂNIA, GOIÁS - CEP: 74675-090",GO
106,CALCITRAN MDK CPR BL C/60,DIVCOM S.A.,210354,25 unidades,150170,19679836,01/06/2021,"ROD BR-153 KM 5,5, FAZENDA RETIRO,GOIÂNIA, GOIÁS - CEP: 74675-090",GO
107,CALDE K2 C/30 COMP,"MARJAN INDUSTRIA E COMERCIOLTDA",O706,1,16330611,8435;8517;8630;8679/2021,08/09/2021,FRANCA,SP
108,CALDE KM COM VER CT C/30 OR,"MARJAN INDUSTRIA E COMERCIOLTDA",569,8 CT,"NFO 290959 - NFD 560671 (NFD que foiextraviada)",,04/12/2021,ELDORADO DO SUL,
109,CAPITRAT 2x15,KLEY HERTZ DISTRIBUIDORA,0000166669,54 UN,43184,7aCRPN MARAU-BO-21-00456,13/06/2021,MARAÚ,BA
110,CAPITRAT 4X15,"KLEY HERTZ FARMACÊUTICAS.A.",0000153256,2 UNIDADES,698960,1690/2020,27/02/2021,ITAQUAQUECETUBA,SP
111,CAPITRAT 4X15,"KLEY HERTZ FARMACÊUTICAS.A.",0000153256,6 UNIDADES,699172,1690/2020,27/02/2021,ITAQUAQUECETUBA,SP
112,CAPITRAT 4x15,KLEY HERTZ DISTRIBUIDORA,0000177292,44 UN,43184,7aCRPN MARAU-BO-21-00456,13/06/2021,MARAÚ,BA
113,CAPITRAT 4X15,KLEY HERTZ DISTRIBUIDORA,0000177292,24 UN.,354076,2021/516098,04/05/2021,CURITIBA/ PR,PR
Ordem,Produto*,Empresa*,No de Série/ Lote*,"Quantidade Roubada/ Furtada/Extraviada*",No Nota Fiscal*,No Boletim de Ocorrência*,"Data do roubo ouextravio*",Cidade*,UF*
114,CARTIGEN C 30 SACHES,DIVCOM S.A,180646,6 CAIXAS,4996,"Conforme RDC 304/2019, quando do furtoou extravio, a comunicação com asautoridades policiais não é requerimentodas Boas Práticas de Distribuição eArmazenamento",02/12/2020,"EST CAMPINAS PIRAJÁ, 1068 GALPAO13/14, MAL RONDON - SALVADOR/BA - CEP41280-117",BA
115,CENTRUM C/30 COMP,"PF CONSUMER HEALTHCAREBRAZIL IMP D",AT2328,1,11326854,161/2020 e 2610/2020,13/03/2020,MONGAGUA,SP
116,CENTRUM MULHER C/ 30 COMP ESSEN,"GLAXOSMITHKLINE BRASIL PRODCON E L",0249/21,1,16525830,9265/2021,28/09/2021,FRANCA,SP
117,CENTRUM PRO IMUNIDADE,BRAZIL IMPORTADORA E,EW6922,384 UNIDADES,"LICENÇA DE IMPORTAÇÃO:21/1737540-7",No 918-00320/2021,07/07/2021,AEROPORTO INTERNACIONAL ANTONIO JOBIM,
118,CNBO CUP NOODLES BOLONHESA,NISSIN FOODS DO BRASIL,04/09/21 F,7560 UNIDADES,298996,"0835495/2020 - BOCOP -02405.2020.0000245",14/12/2020,ÁGUA DOCE,SC
119,CNBO CUP NOODLES BOLONHESA,NISSIN FOODS DO BRASIL,22/08/21 F,4320 UNIDADES,298230,"0805969/2020 - BO -00008.2020.0002684",05/12/2020,ÁGUA DOCE - SC,SC
120,CNCN CUP NOODLES CARNE DEFUMADA,NISSIN FOODS DO BRASIL,24/08/21 F,14040 UNIDADES,298230,"0805969/2020 - BO -00008.2020.0002681",02/12/2020,ÁGUA DOCE - SC,SC
121,CNFM CUP NOODLES FRUTOS DO MAR,NISSIN FOODS DO BRASIL,06/08/21 F,2160 UNIDADES,298230,"0805969/2020 - BO -00008.2020.0002682",03/12/2020,ÁGUA DOCE - SC,SC
122,CNFT CUP NOODLES FRANGO TERIYAKI,NISSIN FOODS DO BRASIL,17/08/21 F,8640 UNIDADES,298996,"0835495/2020 - BOCOP -02405.2020.0000243",12/12/2020,ÁGUA DOCE,SC
123,CNFT CUP NOODLES FRANGO TERIYAKI,NISSIN FOODS DO BRASIL,17/08/21 F,2160 UNIDADES,298230,"0805969/2020 - BO -00008.2020.0002683",04/12/2020,ÁGUA DOCE - SC,SC
124,CNGO CUP NOODLES GALINHA CAIPIRA,NISSIN FOODS DO BRASIL,23/08/21 F,5400 UNIDADES,298230,"0805969/2020 - BO -00008.2020.0002680",01/12/2020,ÁGUA DOCE - SC,SC
125,CNYK CUP NOODLES YAKISSOBA,NISSIN FOODS DO BRASIL,25/08/21 F,8640 UNIDADES,298996,"0835495/2020 - BOCOP -02405.2020.0000244",13/12/2020,ÁGUA DOCE,SC
126,COLACT 667MG/ML LIQ AMEIXA X120ML (AL),"UNIÃO QUÍMICA FARMACÊUTICANACIONAL",2027130,6,172406,17163033,18/11/2020,UBERLÂNDIA,MG
127,COLACT 667MG/ML LIQ AMEIXA X120ML (AL),"UNIÃO QUÍMICA FARMACÊUTICANACIONAL",2102934,3 UN,000343061-1,542723/2021,25/03/2021,ARUJA,SP
128,COLACT 667MG/ML LIQ AMEIXA X120ML (AL),"UNIÃO QUÍMICA FARMACÊUTICANACIONAL",2106727,6 UN,000377887-1,AF5668-1/2021,16/07/2021,EMBU DAS ARTES,SP
129,COLACT 667MG/ML LIQ AMEIXA X120ML (AL),"UNIAO QUIMICA FARMACEUTICANACIONAL",2106727,12 UN,000377861-1,AF5668-1/2021,16/07/2021,EMBU DAS ARTES,SP
130,COLACT 667MG/ML LIQ AMEIXA X120ML (AL),"UNIÃO QUÍMICA FARMACÊUTICANACIONAL",2036834,12,181633,20197003,08/07/2021,POUSO ALEGRE,MG
131,COLACT 667MG/ML LIQ AMEIXA X120ML (AL),"UNIÃO QUÍMICA FARMACÊUTICANACIONAL",2119162,3 UN,000395643-1,1120/2021,10/09/2021,SUMARÉ,SP
132,COLACT 667MG/ML LIQ AMEIXA X120ML (AL),"UNIÃO QUÍMICA FARMACÊUTICANACIONAL",2119163,35 UN,000398264-1,AO8866-1/2022,18/09/2021,EMBU DAS ARTES,SP
133,COLACT 667MG/ML LIQ AMEIXA X120ML (AL),"UNIÃO QUÍMICA FARMACÊUTICANACIONAL",520996,4 UN,000398254-1,AO8866-1/2035,18/09/2021,EMBU DAS ARTES,SP
134,COLACT 667MG/ML LIQ AMEIXA X120ML (AL),"UNIÃO QUÍMICA FARMACÊUTICANACIONAL",2119163,6 UN,000402618-1,AR2020-1/2021,01/10/2021,SÃO PAULO - SP,SP
135,COLACT 667MG/ML LIQ AMEIXA X120ML (AL),NACIONAL OU ANOVIS INDUSTRIAL,2122529,15 UN,000408268-1,AT4080-1/2021,21/10/2021,SÃO PAULO,SP
136,COLACT 667MG/ML LIQ AMEIXA X120ML (AL),NACIONAL OU ANOVIS INDUSTRIAL,2122529,5 UN,000408309-1,AT4080-1/2021,21/10/2021,SÃO PAULO,SP
137,COLACT 667MG/ML LIQ AMEIXA X120ML (AL),NACIONAL OU ANOVIS INDUSTRIAL,2122529,2 UN,000408587-1,AT4080-1/2021,21/10/2021,SÃO PAULO,SP
138,COLACT 667MG/ML LIQ AMEIXA X120ML (AL),NACIONAL OU ANOVIS INDUSTRIAL,2122529,4 UN,000408521-1,AT4080-1/2021,21/10/2021,SÃO PAULO,SP
139,COLACT 667MG/ML LIQ AMEIXA X120ML (AL),NACIONAL OU ANOVIS INDUSTRIAL,2122529,10 UN,000408303-1,AT4080-1/2021,21/10/2021,SÃO PAULO,SP
140,COLACT 667MG/ML LIQ AMEIXA X120ML (AL),NACIONAL OU ANOVIS INDUSTRIAL,2122529,12 UN,000408770-1,AT4080-1/2021,21/10/2021,SÃO PAULO,SP
141,COLACT 667MG/ML LIQ AMEIXA X120ML (AL),NACIONAL OU ANOVIS INDUSTRIAL,2123149,35 UN,000416696-1,3826/2021,19/11/2021,CAMPINAS,SP
142,COLACT 667MG/ML LIQ AMEIXA X120ML (AL),"UNIÃO QUÍMICA FARMACÊUTICANACIONAL",2123150,6 UN,000417984-1,2346963/2021,30/11/2021,RIBEIRÃO PRETO - SP,"0871484/133"
143,COLACT 667MG/ML LIQ FRUTAS X120ML (AL),"UNIÃO QUÍMICA FARMACÊUTICANACIONAL",2046440,3 UN,000343061-1,542723/2021,25/03/2021,ARUJA,SP
144,COLACT 667MG/ML LIQ FRUTAS X120ML (AL),"UNIÃO QUÍMICA FARMACEUTICANACIONAL",2046443,2 UN,000357227-1,2180/2021,13/05/2021,CAMPINAS,SP
145,COLACT 667MG/ML LIQ FRUTAS X120ML (AL),"UNIÃO QUÍMICA FARMACÊUTICANACIONAL",2038319,4 UN,000336383-1,416139/2021,05/03/2021,SÃO PAULO,SP
146,COLACT 667MG/ML LIQ FRUTAS X120ML (AL),"UNIÃO QUÍMICA FARMACÊUTICANACIONAL",2038319,4 UN,000336188-1,416139/2021,05/03/2021,SÃO PAULO,SP
147,COLACT 667MG/ML LIQ FRUTAS X120ML (AL),"UNIÃO QUÍMICA FARMACÊUTICANACIONAL",2106709,1 UN,000370784-1,1116847/2021,23/06/2021,SÃO PAULO,SP
148,COLACT 667MG/ML LIQ FRUTAS X120ML (AL),"UNIAO QUIMICA FARMACEUTICANACIONAL",2106710,12 UN,000377861-1,AF5668-1/2021,16/07/2021,EMBU DAS ARTES,SP
"",,,,Quantidade Roubada/ Furtada/,,Data do roubo ou,,
Ordem,Produto*,Empresa*,No de Série/ Lote*,No Nota Fiscal*,No Boletim de Ocorrência*,,Cidade*,UF*
"",,,,Extraviada*,,extravio*,,
"",,UNIÃO QUÍMICA FARMACÊUTICA,,,,,,
149,COLACT 667MG/ML LIQ FRUTAS X120ML (AL),,2036845,3 181633,20197003,08/07/2021,POUSO ALEGRE,MG
"",,NACIONAL,,,,,,
"",,UNIÃO QUÍMICA FARMACÊUTICA,,,,,,
150,COLACT 667MG/ML LIQ FRUTAS X120ML (AL),SPNACIONAL,2120290,2 UN 000408309-1,AT4080-1/2021,21/10/2021,SÃO PAULO,
"",,UNIÃO QUÍMICA FARMACÊUTICA,,,,,,
151,COLACT 667MG/ML LIQ FRUTAS X120ML (AL),SPNACIONAL,2120290,2 UN 000408521-1,AT4080-1/2021,21/10/2021,SÃO PAULO,
"",,UNIÃO QUÍMICA FARMACÊUTICA,,,,,,
152,COLACT 667MG/ML LIQ FRUTAS X120ML (AL),SPNACIONAL,2120290,5 UN 000408303-1,AT4080-1/2021,21/10/2021,SÃO PAULO,
"",,UNIÃO QUÍMICA FARMACÊUTICA,,,,,,
153,COLACT 667MG/ML LIQ FRUTAS X120ML (AL),SPNACIONAL,2120290,3 UN 000408770-1,AT4080-1/2021,21/10/2021,SÃO PAULO,
"",,UNIÃO QUÍMICA FARMACÊUTICA,,,,,,
154,COLACT 667MG/ML LIQ X 120ML (AL),,2106707,2 UN 000360477-1,19858420,01/06/2021,SÃO JOSÉ DO RIO PRETO,SP
"",,NACIONAL,,,,,,
"",,UNIÃO QUÍMICA FARMACÊUTICA,,,,,,
155,COLACT 667MG/ML LIQ X 120ML (AL),,2111339,1 UN 000370784-1,1116847/2021,23/06/2021,SÃO PAULO,SP
"",,NACIONAL,,,,,,
"",,UNIÃO QUÍMICA FARMACÊUTICA,,,,,,
156,COLACT 667MG/ML LIQ X 120ML (AL),,2117451,6 UN 000377887-1,AF5668-1/2021,16/07/2021,EMBU DAS ARTES,SP
"",,NACIONAL,,,,,,
"",,UNIÃO QUÍMICA FARMACÊUTICA,,,,,,
157,COLACT 667MG/ML LIQ X 120ML (AL),,2027238,3 181633,20197003,08/07/2021,POUSO ALEGRE,MG
"",,NACIONAL,,,,,,
"",,UNIÃO QUÍMICA FARMACÊUTICA,,,,,,
158,COLACT 667MG/ML LIQ X 120ML (AL),NACIONAL OU ANOVIS INDUSTRIAL,2128174,5 UN 000408268-1,AT4080-1/2021,21/10/2021,SÃO PAULO,SP
"",,FARMACÊUTICA,,,,,,
"",,KLEY HERTZ FARMACÊUTICA,0000150599,,,,,
159,COLARTROX,,,3 UNIDADES 698944,1690/2020,27/02/2021,ITAQUAQUECETUBA,SP
"",,S.A.,0000153759,,,,,
"",,KLEY HERTZ FARMACÊUTICA,,,,,,
160,COLARTROX,,0000153759,12 UNIDADES 699040,1690/2020,27/02/2021,ITAQUAQUECETUBA,SP
"",,S.A.,,,,,,
"",,KLEY HERTZ FARMACÊUTICA,,,,,,
161,COLARTROX,,0000153760,3 UNIDADES 699172,1690/2020,27/02/2021,ITAQUAQUECETUBA,SP
"",,S.A.,,,,,,
162,COLARTROX,KLEY HERTZ DISTRIBUIDORA,0000175343,16 UN 43184,7aCRPN MARAU-BO-21-00456,13/06/2021,MARAÚ,BA
"",,,,,,,TRANSPORTADORA TRANSLAG,
"",COLFLEX COLAGENO ARTIC SCH,,,,,,"TRANSPORTE E LOGISTICA, VIA",
163,,COSMED IND COSM MED S/A,H20J0093,120 815.638,17.565.444,18/12/2020,,GO
"","24X30X11,1G",,,,,,"ACESSO 008 SN, CHÁCARAS MARIVÂNIA",
"",,,,,,,- APARECIDA DE GOIÂNIA,
"",,,,,,,TRANSPORTADORA TRANSLAG,
"",COLFLEX COLAGENO ARTIC SCH,,,,,,"TRANSPORTE E LOGISTICA, VIA",
164,,COSMED IND COSM MED S/A,H20J0093,192 815.773,17.565.444,18/12/2020,,GO
"","24X30X11,1G",,,,,,"ACESSO 008 SN, CHÁCARAS MARIVÂNIA",
"",,,,,,,- APARECIDA DE GOIÂNIA,
"",,,,,,,TRANSPORTADORA TRANSLAG,
"",,TIARAJU ALIMENTOS E,,,,,"TRANSPORTE E LOGISTICA, VIA",
165,COLFLEX COMPLET FR 30 CPR,,003M0720,32 814.886,17.565.444,18/12/2020,,GO
"",,COSMETICOS,,,,,"ACESSO 008 SN, CHÁCARAS MARIVÂNIA",
"",,,,,,,- APARECIDA DE GOIÂNIA,
"",,,,,,,TRANSPORTADORA TRANSLAG,
"",,TIARAJU ALIMENTOS E,,,,,"TRANSPORTE E LOGISTICA, VIA",
166,COLFLEX COMPLET FR 30 CPR,,003M0720,32 814.898,17.565.444,18/12/2020,,GO
"",,COSMETICOS,,,,,"ACESSO 008 SN, CHÁCARAS MARIVÂNIA",
"",,,,,,,- APARECIDA DE GOIÂNIA,
"",,,,,,,TRANSPORTADORA TRANSLAG,
"",,TIARAJU ALIMENTOS E,,,,,"TRANSPORTE E LOGISTICA, VIA",
167,COLFLEX COMPLET FR 30 CPR,,003M0720,32 814.907,17.565.444,18/12/2020,,GO
"",,COSMETICOS,,,,,"ACESSO 008 SN, CHÁCARAS MARIVÂNIA",
"",,,,,,,- APARECIDA DE GOIÂNIA,
"",,,,,,,TRANSPORTADORA TRANSLAG,
"",,TIARAJU ALIMENTOS E,,,,,"TRANSPORTE E LOGISTICA, VIA",
168,COLFLEX COMPLET FR 60 CPR,,007C0720,32 814.921,17.565.444,18/12/2020,,GO
"",,COSMETICOS,,,,,"ACESSO 008 SN, CHÁCARAS MARIVÂNIA",
"",,,,,,,- APARECIDA DE GOIÂNIA,
"",,,,,,,TRANSPORTADORA TRANSLAG,
"",,TIARAJU ALIMENTOS E,,,,,"TRANSPORTE E LOGISTICA, VIA",
169,COLFLEX COMPLET FR 60 CPR,,007C0720,32 814.922,17.565.444,18/12/2020,,GO
"",,COSMETICOS,,,,,"ACESSO 008 SN, CHÁCARAS MARIVÂNIA",
"",,,,,,,- APARECIDA DE GOIÂNIA,
"",,,,,,,TRANSPORTADORA TRANSLAG,
"",,TIARAJU ALIMENTOS E,,,,,"TRANSPORTE E LOGISTICA, VIA",
170,COLFLEX COMPLET FR 60 CPR,,007C0720,32 815.373,17.565.444,18/12/2020,,GO
"",,COSMETICOS,,,,,"ACESSO 008 SN, CHÁCARAS MARIVÂNIA",
"",,,,,,,- APARECIDA DE GOIÂNIA,
"",,,,,,,TRANSPORTADORA TRANSLAG,
"",,TIARAJU ALIMENTOS E,,,,,"TRANSPORTE E LOGISTICA, VIA",
171,COLFLEX COMPLET FR 60 CPR,,007C0720,96 814.886,17.565.444,18/12/2020,,GO
"",,COSMETICOS,,,,,"ACESSO 008 SN, CHÁCARAS MARIVÂNIA",
"",,,,,,,- APARECIDA DE GOIÂNIA,
"",,,,,,,TRANSPORTADORA TRANSLAG,
"",,TIARAJU ALIMENTOS E,,,,,"TRANSPORTE E LOGISTICA, VIA",
172,COLFLEX COMPLET FR 60 CPR,,007C0720,32 814.898,17.565.444,18/12/2020,,GO
"",,COSMETICOS,,,,,"ACESSO 008 SN, CHÁCARAS MARIVÂNIA",
"",,,,,,,- APARECIDA DE GOIÂNIA,
"",,,,,,,TRANSPORTADORA TRANSLAG,
"",,TIARAJU ALIMENTOS E,,,,,"TRANSPORTE E LOGISTICA, VIA",
173,COLFLEX COMPLET FR 60 CPR,,007C0720,96 814.899,17.565.444,18/12/2020,,GO
"",,COSMETICOS,,,,,"ACESSO 008 SN, CHÁCARAS MARIVÂNIA",
"",,,,,,,- APARECIDA DE GOIÂNIA,
Ordem,Produto*,Empresa*,No de Série/ Lote*,"Quantidade Roubada/ Furtada/Extraviada*",No Nota Fiscal*,No Boletim de Ocorrência*,"Data do roubo ouextravio*",Cidade*,UF*
174,COLFLEX COMPLET FR 60 CPR,"TIARAJU ALIMENTOS ECOSMETICOS",007C0720,32,814.907,17.565.444,18/12/2020,"TRANSPORTADORA TRANSLAGTRANSPORTE E LOGISTICA, VIAACESSO 008 SN, CHÁCARAS MARIVÂNIA- APARECIDA DE GOIÂNIA",GO
175,COLFLEX COMPLET FR 60 CPR,"TIARAJU ALIMENTOS ECOSMETICOS",009C0720,32,815.695,17.565.444,18/12/2020,"TRANSPORTADORA TRANSLAGTRANSPORTE E LOGISTICA, VIAACESSO 008 SN, CHÁCARAS MARIVÂNIA- APARECIDA DE GOIÂNIA",GO
176,COLFLEX COMPLET FR 60 CPR,"TIARAJU ALIMENTOS ECOSMETICOS",009C0720,32,815.636,17.565.444,18/12/2020,"TRANSPORTADORA TRANSLAGTRANSPORTE E LOGISTICA, VIAACESSO 008 SN, CHÁCARAS MARIVÂNIA- APARECIDA DE GOIÂNIA",GO
177,COLFLEX HMB MUSCULAR POTE 381G,COSMED IND COSM MED S/A,H20K0221,48,814.885,17.565.444,18/12/2020,"TRANSPORTADORA TRANSLAGTRANSPORTE E LOGISTICA, VIAACESSO 008 SN, CHÁCARAS MARIVÂNIA- APARECIDA DE GOIÂNIA",GO
178,COLFLEX HMB MUSCULAR POTE 381G,COSMED IND COSM MED S/A,H20K0402,96,815.697,17.565.444,18/12/2020,"TRANSPORTADORA TRANSLAGTRANSPORTE E LOGISTICA, VIAACESSO 008 SN, CHÁCARAS MARIVÂNIA- APARECIDA DE GOIÂNIA",GO
179,COLFLEX HMB MUSCULAR POTE 381G,COSMED IND COSM MED S/A,H20K0402,144,815.798,17.565.444,18/12/2020,"TRANSPORTADORA TRANSLAGTRANSPORTE E LOGISTICA, VIAACESSO 008 SN, CHÁCARAS MARIVÂNIA- APARECIDA DE GOIÂNIA",GO
180,COLFLEX HMB MUSCULAR POTE 381G,COSMED IND COSM MED S/A,H20K0403,144,815.798,17.565.444,18/12/2020,"TRANSPORTADORA TRANSLAGTRANSPORTE E LOGISTICA, VIAACESSO 008 SN, CHÁCARAS MARIVÂNIA- APARECIDA DE GOIÂNIA",GO
181,COLIDIS 5ML,"ACHE LABORATORIOSFARMACEUTICOS AS",20DSA052,1,15522785,1175458/2021,23/06/2021,SÃO PAULO - SP,SP
182,COLIDIS 5ML,"ACHE LABORATORIOSFARMACEUTICOS SA",20DSA052,1,15520734,1175458/2021,23/06/2021,SÃO PAULO - SP,SP
183,COLIDIS 5ML,"ACHE LABORATORIOSFARMACEUTICOS AS",20DSA067,1,16528893,9265/2021,28/09/2021,FRANCA,SP
184,COMBI AD 30ML + SER DOSA,"ACHE LABORATORIOSFARMACEUTICOS SA",1904065,1,1344232,161/2020 e 2610/2020,13/03/2020,MONGAGUA,SP
185,CONDROFLAN ULTRA 30 CAPS 50CT,Airela Indústria Farmacêutica LTDA,21D0314,250,42167,165,01/07/2021,SERRA DE TEIXEIRA - PB 262,PB
186,CONDROFLAN ULTRA 60 CAPS 48CT,Airela Indústria Farmacêutica LTDA,21D0316,48,42170,165,01/07/2021,SERRA DE TEIXEIRA - PB 262,PB
187,CONDROFLAN ULTRA 60 CAPS 48CT,Airela Indústria Farmacêutica LTDA,21D0316,48,42167,165,01/07/2021,SERRA DE TEIXEIRA - PB 262,PB
188,CULTURELLE PROBIOTICO JR SACH x2 (AG),CELLERA,20120PFF31,370,229760,2020-059416689-001,10/12/2020,CONTAGEM,MG
189,CULTURELLE PROBIOTICO JR SACHE x30,CELLERA FARMA,20307PFF31,30,356601,2021-051890171-001,27/10/2021,POUSO ALEGRE,MG
190,CULTURELLE PROBIOTICO SD x2 (AG),CELLERA,20237P5E18,482,229760,2020-059416689-001,10/12/2020,CONTAGEM,MG
191,CUP NOODLES SABOR CHEDDAR (CNCH),NISSIN FOODS DO BRASIL,08/06/22 F,48 UNIDADES,53195,21E2141003405,27/09/2021,RIO REAL,BA
192,DIGELIV,APSEN,21020143,35 CX,501366,052-01835/2021,15/04/2021,NOVA IGUAÇU,RJ
193,DMAX 2.000UI C/ 30CPR X 50CT,Airela Indústria Farmacêutica LTDA,21E0469,50,42173,165,01/07/2021,SERRA DE TEIXEIRA - PB 262,PB
194,DMAX 2.000UI C/ 30CPR X 50CT,Airela Indústria Farmacêutica LTDA,21E0469,150,42167,165,01/07/2021,SERRA DE TEIXEIRA - PB 262,PB
195,DMAX 2.000UI C/ 30CPR X 50CT,Airela Indústria Farmacêutica LTDA,21E0469,200,42372,165,01/07/2021,SERRA DE TEIXEIRA - PB 262,PB
196,DMAX 20ML 10.000UI/ML SOL GTS 1CTX50CT,Airela Indústria Farmacêutica LTDA,20H0106,100,42170,165,01/07/2021,SERRA DE TEIXEIRA - PB 262,PB
197,DMAX 20ML 10.000UI/ML SOL GTS 1CTX50CT,Airela Indústria Farmacêutica LTDA,20H0106,50,42167,165,01/07/2021,SERRA DE TEIXEIRA - PB 262,PB
198,DMAX 20ML 5.000UI/ML SOL GTS 1CTX50CT,Airela Indústria Farmacêutica LTDA,21F0015,50,42374,165,01/07/2021,SERRA DE TEIXEIRA - PB 262,PB
199,DOLIO 100ML OLE 1CTX50CT,Airela Indústria Farmacêutica LTDA,21C0413,100,42167,165,01/07/2021,SERRA DE TEIXEIRA - PB 262,PB
200,DUEKAL 2BLTX4 COM REV AG - B,EMS,2J3263,240,381407,00061716/2021,28/08/2021,"BR 153, à 08km de Colinas no KM 151",-
201,DUEKAL 2BLTX4 COM REV AG - B,EMS,2J3263,240,381419,00061716/2021,28/08/2021,"BR 153, à 08km de Colinas no KM 151",-
202,ENGOV AFTER TANGERINA FR 250ML,COSMED IND COSM MED S/A,Q20J0030,1,000841374,2021-013223941-001,16/03/2021,"RODOVIA BR 452 KM 292 - MUNICIPIO: PERDIZESMINAS GERAIS",MG
"",,,,Quantidade Roubada/ Furtada/,,,Data do roubo ou,,
Ordem,Produto*,Empresa*,No de Série/ Lote*,,No Nota Fiscal*,No Boletim de Ocorrência*,,Cidade*,UF*
"",,,,Extraviada*,,,extravio*,,
"",,ABBOTT LABORATORIOS BRASIL,,,,,,,
203,ENSURE PLUS CHOCOLATE 200ML NOVO,,10335NR,12,11346544,161/2020 e 2610/2020,13/03/2020,MONGAGUA,SP
"",,LTDA,,,,,,,
"",,KLEY HERTZ FARMACÊUTICA,,,,,,,
204,ENTEROFIGON SOL ABACAXI 1X150,,0000155226,1 UNIDADE,698960,1690/2020,27/02/2021,ITAQUAQUECETUBA,SP
"",,S.A.,,,,,,,
205,ENTEROFIGON SOL ABACAXI 1X150,KLEY HERTZ DISTRIBUIDORA,174252,1 unidade,333917,2021/378528,01/03/2021,CURITIBA,PR
206,ENTEROGERMINA 5ML X 10 FRC,SANOFI,11076,1,14403492,2021-027858030-001,09/06/2021,UBERLANDIA/ MINAS GERAIS,MG
207,ENTEROGERMINA 5ML X 10 FRC,MEDLEY FARMACEUTICA LTDA,1I1113,2,16325236,8435;8517;8630;8679/2021,08/09/2021,FRANCA,SP
208,ENTEROGERMINA 5ML X 20 FRC,SANOFI,0I243,1,14403493,2021-027858030-001,09/06/2021,UBERLANDIA/ MINAS GERAIS,MG
209,ENTEROGERMINA PLUS 5ML X 10 FRC,MEDLEY FARMACEUTICA LTDA,1I049,2,16325236,8435;8517;8630;8679/2021,08/09/2021,FRANCA,SP
"",,,,,,"Conforme RDC 304/2019, quando do furto",,,
"",,,,,,"ou extravio, a comunicação com as",,"RUA FRANCISCO CORDEIRO 300,",
210,ENZILAC 4500UI CPD 30,DIVCOM S.A,200867,21 UNIDADES,239119,autoridades policiais não é requerimento,17/11/2020,JACARECANGA - FORTALEZA - CE / CEP,CE
"",,,,,,das Boas Práticas de Distribuição e,,60310-490,
"",,,,,,Armazenamento,,,
"",,,,,,,,ESTRADA JOSÉ RICARDO- BAIRRO:,
"",EQUALIV BODY FRUTAS VERMELHAS,ALTHAIA S.A. INDUSTRIA,,,,,,,
211,,,21090128,1 LATA,85.194,034-13344/2021,13/12/2021,BANGU - MUNICÍPIO: RIO DE JANEIRO,RJ
"",X600G,FARMACEUTICA,,,,,,,
"",,,,,,,,ESTADO: RIO DE JANEIRO,
"",,,,,,,,ESTRADA JOSÉ RICARDO- BAIRRO:,
"",,ALTHAIA S.A. INDUSTRIA,,,,,,,
212,EQUALIV BODY PROTEIN CACAU X600G,,21100028,1 LATA,85.194,034-13344/2021,13/12/2021,BANGU - MUNICÍPIO: RIO DE JANEIRO,RJ
"",,FARMACEUTICA,,,,,,,
"",,,,,,,,ESTADO: RIO DE JANEIRO,
"",,,,,,,,ESTRADA JOSÉ RICARDO- BAIRRO:,
"",,ALTHAIA S.A. INDUSTRIA,,,,,,,
213,EQUALIV CARTLIV ULTRA X60 CAP,,21090294,4 CARTUCHOS,85.194,034-13344/2021,13/12/2021,BANGU - MUNICÍPIO: RIO DE JANEIRO,RJ
"",,FARMACEUTICA,,,,,,,
"",,,,,,,,ESTADO: RIO DE JANEIRO,
"",,,,,,,,ESTRADA JOSÉ RICARDO- BAIRRO:,
"",,ALTHAIA S.A. INDUSTRIA,,,,,,,
214,EQUALIV CARTLIV X60 CAP,,21080033,32 CARTUCHOS,85.080,034-13344/2021,13/12/2021,BANGU - MUNICÍPIO: RIO DE JANEIRO,RJ
"",,FARMACEUTICA,,,,,,,
"",,,,,,,,ESTADO: RIO DE JANEIRO,
"",,,,,,,,ESTRADA JOSÉ RICARDO- BAIRRO:,
"",,ALTHAIA S.A. INDUSTRIA,,,,,,,
215,"EQUALIV MELATONINA 0,21MG X120",,21110301,4 FRASCOS,85.194,034-13344/2021,13/12/2021,BANGU - MUNICÍPIO: RIO DE JANEIRO,RJ
"",,FARMACEUTICA,,,,,,,
"",,,,,,,,ESTADO: RIO DE JANEIRO,
"",,,,,,,,ESTRADA JOSÉ RICARDO- BAIRRO:,
"",,ALTHAIA S.A. INDUSTRIA,,,,,,,
216,EQUALIV MELATONINA 210MCG X30ML GOT,,21100336,4 FRASCOS,85.194,034-13344/2021,13/12/2021,BANGU - MUNICÍPIO: RIO DE JANEIRO,RJ
"",,FARMACEUTICA,,,,,,,
"",,,,,,,,ESTADO: RIO DE JANEIRO,
"",,ALTHAIA S.A. INDUSTRIA,,,,,,,
217,EQUALIV OMEGA 3 PRO KIDS X60 CAP,,21080037,3 CARTUCHOS,72836,009-05059/2021-01,01/09/2021,LARANJEIRAS - RIO DE JANEIRO,RJ
"",,FARMACEUTICA,,,,,,,
"",,,,,,0805969/2020 - BO -,,,
218,EST5 ESPAGUETE T-5 ( 5 MIN ),NISSIN FOODS DO BRASIL,24/08/21 C,36800 UNIDADES,298230,,30/11/2020,ÁGUA DOCE - SC,SC
"",,,,,,00008.2020.0002679,,,
"",,,,,,"Conforme RDC 304/2019, quando do furto",,,
"",,,,,,"ou extravio, a comunicação com as",,"PC AGRICOLA LAPAZ TRISTANTE 144,",
219,EXIMIA FIRMALIZE AGE COM 30 SACHES,DIVCOM S.A,202414,312 UNIDADES,710305,autoridades policiais não é requerimento,03/02/2021,INDUSTRIAL - OSASCO - SP / CEP 06276-,SP
"",,,,,,das Boas Práticas de Distribuição e,,035,
"",,,,,,Armazenamento,,,
"",,,,,,,,"ROD BR-153 KM 5,5, FAZENDA RETIRO,",
220,EXIMIA FIRMALIZE AGE COMPLEX,DIVCOM S.A.,210692,12 unidades,150167,19679836,01/06/2021,,GO
"",,,,,,,,"GOIÂNIA, GOIÁS - CEP: 74675-090",
"",,,,,,,,"ROD BR-153 KM 5,5, FAZENDA RETIRO,",
221,EXIMIA FIRMALIZE AGE COMPLEX,DIVCOM S.A.,210692,6 unidades,150165,19679836,01/06/2021,,GO
"",,,,,,,,"GOIÂNIA, GOIÁS - CEP: 74675-090",
"",,,,,,,,"ROD BR-153 KM 5,5, FAZENDA RETIRO,",
222,EXIMIA FORT KERA D CPR BL C/30,DIVCOM S.A.,210628,72 unidades,150167,19679836,01/06/2021,,GO
"",,,,,,,,"GOIÂNIA, GOIÁS - CEP: 74675-090",
"",,,,,,,,"ROD BR-153 KM 5,5, FAZENDA RETIRO,",
223,EXIMIA FORT KERA D CPR BL C/30,DIVCOM S.A.,210628,36 unidades,150165,19679836,01/06/2021,,GO
"",,,,,,,,"GOIÂNIA, GOIÁS - CEP: 74675-090",
"",,,,,,"Conforme RDC 304/2019, quando do furto",,,
"",,,,,,"ou extravio, a comunicação com as",,"RUA DR ALVARO CAMARGO 603, S. JOAO",
224,EXIMIA FORTALIZE C/30 COMP,DIVCOM S.A,202253,36 UNIDADES,495369,autoridades policiais não é requerimento,04/03/2021,BATISTA - BELO HORIZONTE - MG / CEP,MG
"",,,,,,das Boas Práticas de Distribuição e,,31515-200,
"",,,,,,Armazenamento,,,
225,EXIMIA FORTALIZE KERA D 30COMP,DIVCOM S A,211634,1,16531754,9265/2021,28/09/2021,FRANCA,SP
"",,,,,,"Conforme RDC 304/2019, quando do furto",,,
"",,,,,,"ou extravio, a comunicação com as",,,
"",,,,,,,,"ROD ANEL VIARIO, 4902, BOA ESPERANCA -",
226,EXIMIA FORTALIZE KERA D CPR BL C/30,DIVCOM S.A,201609,36 CAIXAS,8719,autoridades policiais não é requerimento,11/09/2020,,CE
"",,,,,,,,MARACANAU/ CE - CEP 61935-180,
"",,,,,,das Boas Práticas de Distribuição e,,,
"",,,,,,Armazenamento,,,
"",,,,,,"Conforme RDC 304/2019, quando do furto",,,
"",,,,,,"ou extravio, a comunicação com as",,,
"",,,,,,,,"RUA MARECHAL RONDON, 3,VILA LOBAO,",
227,EXIMIA PROBIAC CPR BL C/60,DIVCOM S.A,202019,24 CAIXAS,335875,autoridades policiais não é requerimento,30/11/2020,,MA
"",,,,,,,,IMPERATRIZ - MA/ CEP 65910-110,
"",,,,,,das Boas Práticas de Distribuição e,,,
"",,,,,,Armazenamento,,,
Ordem,Produto*,Empresa*,No de Série/ Lote*,"Quantidade Roubada/ Furtada/Extraviada*",No Nota Fiscal*,No Boletim de Ocorrência*,"Data do roubo ouextravio*",Cidade*,UF*
228,FITOCOR C/ 60 CAPS OR,DIVCOM S.A,171956,3 CAIXAS,510472,"Conforme RDC 304/2019, quando do furtoou extravio, a comunicação com asautoridades policiais não é requerimentodas Boas Práticas de Distribuição eArmazenamento",04/06/2018,"RUA ALCIDES JAZAR 520, ATUBA - PINHAISPR / CEP 83326-070",
229,Flora 5 C/6 Saches 2g,Cifarma,10371,1 UN,229345,190-00514/2021,12/03/2021,Aparecida de Goiânia,GO
230,FLORABAC CAPSULAS 1x12,KLEY HERTZ DISTRIBUIDORA,10701,186 UN,43184,7aCRPN MARAU-BO-21-00456,13/06/2021,MARAÚ,BA
231,FLORASTOR CAP X 12 (AL),"UNIÃO QUÍMICA FARMACÊUTICANACIONAL",2007804,12 UN,000291341-1,17.670.583,10/11/2020,APARECIDA DE GOIÂNIA,GO
232,FLORASTOR CAP X 12 (AL),"UNIÃO QUÍMICA FARMACÊUTICANACIONAL",2026161,1 UN,000333759-1,1017/2021,25/02/2020,HORTOLÂNDIA,SP
233,FLORASTOR CAP X 12 (AL),"UNIÃO QUÍMICA FARMACÊUTICANACIONAL",2012681,1,172406,17163033,18/11/2020,UBERLÂNDIA,MG
234,FLORASTOR CAP X 12 (AL),"UNIÃO QUÍMICA FARMACÊUTICANACIONAL",2017667,3 UN,000320156-1,18520260,13/01/2021,OURO VERDE,SP
235,FLORASTOR CAP X 12 (AL),"UNIÃO QUÍMICA FARMACÊUTICANACIONAL",2023500,36 UN,000310659-1,1884088/2020,03/12/2020,SÃO PAULO,SP
236,FLORASTOR CAP X 12 (AL),"UNIÃO QUÍMICA FARMACÊUTICANACIONAL",2048139,12 UN,000360477-1,19858420,01/06/2021,SÃO JOSÉ DO RIO PRETO,SP
237,FLORASTOR CAP X 12 (AL),"UNIÃO QUÍMICA FARMACÊUTICANACIONAL",2104211,2 UN,000370818-1,1116847/2021,23/06/2021,SÃO PAULO,SP
238,FLORASTOR CAP X 12 (AL),"UNIÃO QUÍMICA FARMACÊUTICANACIONAL",2104211,6 UN,000377887-1,AF5668-1/2021,16/07/2021,EMBU DAS ARTES,SP
239,FLORASTOR CAP X 12 (AL),"UNIAO QUIMICA FARMACEUTICANACIONAL",2104211,6 UN,000377842-1,AF5668-1/2021,16/07/2021,EMBU DAS ARTES,SP
240,FLORASTOR CAP X 12 (AL),"UNIÃO QUÍMICA FARMACÊUTICANACIONAL",2017922,6,181633,20197003,08/07/2021,POUSO ALEGRE,MG
241,FLORASTOR CAP X 12 (AL),"UNIÃO QUÍMICA FARMACÊUTICANACIONAL",2107809,5 UN,000395643-1,1120/2021,10/09/2021,SUMARÉ,SP
242,FLORASTOR CAP X 12 (AL),"UNIÃO QUÍMICA FARMACÊUTICANACIONAL",2110995,3 UN,000408673-1,AT4080-1/2021,21/10/2021,SÃO PAULO,SP
243,FLORASTOR CAP X 12 (AL),"UNIÃO QUÍMICA FARMACÊUTICANACIONAL",2110996,12 UN,000416696-1,3826/2021,19/11/2021,CAMPINAS,SP
244,FLORASTOR SACHE 4G X 6 (AL),"UNIÃO QUÍMICA FARMACÊUTICANACIONAL",2014948,6 UN,000291341-1,17.670.583,10/11/2020,APARECIDA DE GOIÂNIA,GO
245,FLORASTOR SACHE 4G X 6 (AL),"UNIÃO QUÍMICA FARMACÊUTICANACIONAL",2101168,6 UN,000343061-1,542723/2021,25/03/2021,ARUJA,SP
246,FLORASTOR SACHE 4G X 6 (AL),"UNIÃO QUÍMICA FARMACÊUTICANACIONAL",2021479,3 UN,000320156-1,18520260,13/01/2021,OURO VERDE,SP
247,FLORASTOR SACHE 4G X 6 (AL),"UNIÃO QUÍMICA FARMACÊUTICANACIONAL",2014951,18 UN,000310659-1,1884088/2020,03/12/2020,SÃO PAULO,SP
248,FLORASTOR SACHE 4G X 6 (AL),"UNIÃO QUÍMICA FARMACÊUTICANACIONAL",2108810,1 UN,000360864-1,919677/2020 - 1348/2021 E 768/2021,25/05/2021,SÃO PAULO,SP
249,FLORASTOR SACHE 4G X 6 (AL),"UNIÃO QUÍMICA FARMACÊUTICANACIONAL",2101168,3 UN,000336436-1,416139/2021,05/03/2021,SÃO PAULO,SP
250,FLORASTOR SACHE 4G X 6 (AL),"UNIÃO QUÍMICA FARMACÊUTICANACIONAL",2105083,1 UN,000346212-1,19715420,27/05/2021,SÃO JOSÉ DOS CAMPOS -,
251,FLORASTOR SACHE 4G X 6 (AL),"UNIÃO QUÍMICA FARMACÊUTICANACIONAL",2108810,2 UN,000370818-1,1116847/2021,23/06/2021,SÃO PAULO,SP
252,FLORASTOR SACHE 4G X 6 (AL),"UNIÃO QUÍMICA FARMACÊUTICANACIONAL",2105083,1 UN,000346210-1,19715263,27/05/2021,SÃO JOSÉ DOS CAMPOS,SP
253,FLORASTOR SACHE 4G X 6 (AL),"UNIÃO QUÍMICA FARMACÊUTICANACIONAL",2113617,4 UN,000377887-1,AF5668-1/2021,16/07/2021,EMBU DAS ARTES,SP
254,FLORASTOR SACHE 4G X 6 (AL),"UNIAO QUIMICA FARMACEUTICANACIONAL",2113617,12 UN,000377842-1,AF5668-1/2021,16/07/2021,EMBU DAS ARTES,SP
255,FLORASTOR SACHE 4G X 6 (AL),"UNIÃO QUÍMICA FARMACÊUTICANACIONAL",2113620,1 UN,000395598-1,1120/2021,10/09/2021,SUMARÉ,SP
256,FLORASTOR SACHE 4G X 6 (AL),"UNIÃO QUÍMICA FARMACÊUTICANACIONAL",2125695,3 UN,000408673-1,AT4080-1/2021,21/10/2021,SÃO PAULO,SP
257,FLUIVE 120ML XPE 1CTX48CT,Airela Indústria Farmacêutica LTDA,20I0259,480,42170,165,01/07/2021,SERRA DE TEIXEIRA - PB 262,PB
258,FLUIVE 120ML XPE 1CTX48CT,Airela Indústria Farmacêutica LTDA,20I0259,480,42167,165,01/07/2021,SERRA DE TEIXEIRA - PB 262,PB
259,FLUIVE C 120ML XPE 1CTX48CT,Airela Indústria Farmacêutica LTDA,20I0249,480,42167,165,01/07/2021,SERRA DE TEIXEIRA - PB 262,PB
260,FONT D 5.000 UI X 30 COMPRIMIDOS,"UNIÃO QUÍMICA FARMACÊUTICANACIONAL",516282,2,181633,20197003,08/07/2021,POUSO ALEGRE,MG
261,FONT D 50.000 UI X 04 COMPRIMIDOS,"UNIÃO QUÍMICA FARMACÊUTICANACIONAL",516995,3,181633,20197003,08/07/2021,POUSO ALEGRE,MG
262,FONT D 50.000 UI X 08 COMPRIMIDOS,"UNIÃO QUÍMICA FARMACÊUTICANACIONAL",516497,2,181633,20197003,08/07/2021,POUSO ALEGRE,MG
Ordem,Produto*,Empresa*,No de Série/ Lote*,"Quantidade Roubada/ Furtada/Extraviada*",No Nota Fiscal*,No Boletim de Ocorrência*,"Data do roubo ouextravio*",Cidade*,UF*
263,FONT D 7.000 UI X 12 COMPRIMIDOS,"UNIÃO QUÍMICA FARMACÊUTICANACIONAL",516476,2,181633,20197003,08/07/2021,POUSO ALEGRE,MG
264,FONT D 7.000 UI X 12 COMPRIMIDOS,"F&F DISTRIBUIDORA DEMEDICAMENTOS",521342,4,239450,2021-045506221-001,20/09/2021,BELO HORIZONTE,MG
265,FONT D 7.000 UI X 30 COMPRIMIDOS,"F&F DISTRIBUIDORA DEMEDICAMENTOS",520995,2,239450,2021-045506221-001,20/09/2021,BELO HORIZONTE,MG
266,FONT D GOTAS FR 10 ML (AL),"UNIÃO QUÍMICA FARMACÊUTICANACIONAL",2038254,3 UN,000343107-1,542723/2021,25/03/2021,ARUJA,SP
267,FONT D GOTAS FR 10 ML (AL),"UNIÃO QUÍMICA FARMACÊUTICANACIONAL",2127324,6 UN,000408268-1,AT4080-1/2021,21/10/2021,SÃO PAULO,SP
268,FONT D GOTAS FR 10 ML (AL),"UNIÃO QUÍMICA FARMACÊUTICANACIONAL",2127324,2 UN,000408673-1,AT4080-1/2021,21/10/2021,SÃO PAULO,SP
269,FONT D GOTAS FR 10 ML (AL),"UNIÃO QUÍMICA FARMACÊUTICANACIONAL",2127324,3 UN,000408493-1,AT4080-1/2021,21/10/2021,SÃO PAULO,SP
270,FONT D GOTAS FR 10ML (AL),"UNIÃO QUÍMICA FARMACÊUTICANACIONAL",2030275L,3,172406,17163033,18/11/2020,UBERLÂNDIA,MG
271,FONT D GOTAS FR 20ML (AL),"UNIÃO QUÍMICA FARMACÊUTICANACIONAL",2038312,4 UN,000370790-1,1116847/2021,23/06/2021,SÃO PAULO,SP
272,FONT D GOTAS FR 20ML (AL),"UNIÃO QUÍMICA FARMACÊUTICANACIONAL",2115277,6 UN,000398264-1,AO8866-1/2022,18/09/2021,EMBU DAS ARTES,SP
273,FORTEVIT 6G TESTO 10 CPE 120CT,Airela Indústria Farmacêutica LTDA,21F0259,360,42329,165,01/07/2021,SERRA DE TEIXEIRA - PB 262,PB
274,FORTEVIT C + ZINCO 10CPE 120CT,Airela Indústria Farmacêutica LTDA,21F0084,11160,42158,165,01/07/2021,SERRA DE TEIXEIRA - PB 262,PB
275,FORTEVIT C 1G 10CPE 120CT,Airela Indústria Farmacêutica LTDA,21F0060,7440,42158,165,01/07/2021,SERRA DE TEIXEIRA - PB 262,PB
276,FORTEVIT C TRIPLA ACAO 10CPE 120CT,Airela Indústria Farmacêutica LTDA,21F0096,8160,42158,165,01/07/2021,SERRA DE TEIXEIRA - PB 262,PB
277,FORTEVIT HAIR 60 CPR 50 CT,Airela Indústria Farmacêutica LTDA,21E0347,400,42160,165,01/07/2021,SERRA DE TEIXEIRA - PB 262,PB
278,FORTEVIT SENIOR 60 CPR 50 CT,Airela Indústria Farmacêutica LTDA,21E0302,1650,41768,165,01/07/2021,SERRA DE TEIXEIRA - PB 262,PB
279,FORTEVIT SENIOR 60 CPR 50 CT,Airela Indústria Farmacêutica LTDA,21E0303,150,41768,165,01/07/2021,SERRA DE TEIXEIRA - PB 262,PB
280,FORTEVIT TESTO 60 CPR 50 CT,Airela Indústria Farmacêutica LTDA,21D0390,1200,42164,165,01/07/2021,SERRA DE TEIXEIRA - PB 262,PB
281,GESTACAPS 2x15,KLEY HERTZ DISTRIBUIDORA,1200002514,168 UN,43184,7aCRPN MARAU-BO-21-00456,13/06/2021,MARAÚ,BA
282,GLIFER 1X30ML,IAG PHARMA DISTRIBUIDORA,185843,1 UN,771237,1149-2021,01/06/2021,"AV. DONA BELMIRA MARIN, 1276 GRAJAÚ",SP
283,Grow D X 10 ml,Cifarma,6EC22,6 UN,229345,190-00514/2021,12/03/2021,Aparecida de Goiânia,GO
284,Grow Vit,Cifarma,6DA09,240,181557,9294899,16/02/2019,Professor Jamil,GO
285,Grow Vit BB,Cifarma,6DB62,100,194211,1370818190815233001,15/08/2020,Professor Jamil,GO
286,Grow Vit BB 20 ml,Cifarma,6FA03,6 UN,229345,190-00514/2021,12/03/2021,Aparecida de Goiânia,GO
287,Grow Zinco x 100 mI Sol.,Cifarma,6FA06,6 UN,229345,190-00514/2021,12/03/2021,Aparecida de Goiânia,GO
288,GUARAMIL CAPSULAS 48X5,"KLEY HERTZ FARMACÊUTICAS.A.",0000157211,1 UNIDADE,699172,1690/2020,27/02/2021,ITAQUAQUECETUBA,SP
289,GUARAMIL ENERGY DRINK FLACONETES 1x60,KLEY HERTZ DISTRIBUIDORA,0000168787,12 UN,43184,7aCRPN MARAU-BO-21-00456,13/06/2021,MARAÚ,BA
290,"HEPAMED SOL OR 48 FLAC X 10ML SBRABAC","NUTRACOM INDUSTRIA ECOMÉRCIO LTDA",2021262,2 UNIDADES,562.693,2020-060619004-001,17/12/2020,SANTA LUZIA,MG
291,HEPAMED SOL OR 48 FLAC X 10ML SBR ABAC,"NUTRACOM INDÚSTRIA ECOMÉRCIO LTDA",2100928,2,86040,090-01936/2021,14/05/2021,ITAGUAÍ,RJ
292,HEPAMED SOL OR 48 FLAC X 10ML SBR ABAC,"CIMED INDÚSTRIA DEMEDICAMENTOS LTDA",2109966,2,140859,033-07107/2021,07/10/2021,-,RJ
293,HYALUX PIEL UP 60 CAPS 48CT,Airela Indústria Farmacêutica LTDA,21D0056,48,42170,165,01/07/2021,SERRA DE TEIXEIRA - PB 262,PB
294,HYALUX PIEL UP 60 CAPS 48CT,Airela Indústria Farmacêutica LTDA,21D0056,48,42167,165,01/07/2021,SERRA DE TEIXEIRA - PB 262,PB
295,IMECAP HAIR MAX CAPS 30,DIVCOM S.A,202586,50 UNIDADES,34303,"Conforme RDC 304/2019, quando do furtoou extravio, a comunicação com asautoridades policiais não é requerimentodas Boas Práticas de Distribuição eArmazenamento",05/01/2021,"ROD BR 153 KM 518 ZONA RURAL S/N,HIDROLÂNDIA - GOIANIA - GO / CEP 75340-000",GO
Ordem,Produto*,Empresa*,No de Série/ Lote*,"Quantidade Roubada/ Furtada/Extraviada*",No Nota Fiscal*,No Boletim de Ocorrência*,"Data do roubo ouextravio*",Cidade*,UF*
296,IMECAP HAIR MAX LOÇÃO  100ML,DIVCOM S.A,202082,40 UNIDADES,30270,"Conforme RDC 304/2019, quando do furtoou extravio, a comunicação com asautoridades policiais não é requerimentodas Boas Práticas de Distribuição eArmazenamento",08/01/2021,"RUA ONZE 188, RIACHO PEDRAS -CONTAGEM - MG / CEP 32220-025",MG
297,Imolac 200 ml,Cifarma,6FA29,15 UN,229345,190-00514/2021,12/03/2021,Aparecida de Goiânia,GO
298,IMUNOBETA CZ 60 CAPS 48 CT,Airela Indústria Farmacêutica LTDA,21D0013,48,42170,165,01/07/2021,SERRA DE TEIXEIRA - PB 262,PB
299,IMUNOBETA CZ 60 CAPS 48 CT,Airela Indústria Farmacêutica LTDA,21D0013,48,42167,165,01/07/2021,SERRA DE TEIXEIRA - PB 262,PB
300,KIT CALCIODEX ECONOMICO,"KLEY HERTZ FARMACÊUTICAS.A.",0000159969,8 UNIDADES,699172,1690/2020,27/02/2021,ITAQUAQUECETUBA,SP
301,KIT CALCIODEX ECONOMICO,KLEY HERTZ DISTRIBUIDORA,182364,9 UNIDADES,351827,2021/336080,12/03/2021,CURITIBA,PR
302,KIT SUPRAVIT A-Z,KLEY HERTZ DISTRIBUIDORA,0000169660,27 UN,43184,7aCRPN MARAU-BO-21-00456,13/06/2021,MARAÚ,BA
303,LAC 0 COMP MAST 1 BL ALU ALU X 10,"NUTRACOM INDUSTRIA ECOMÉRCIO LTDA",2002384,10 UNIDADES,569.534,2020-062626929-001,30/12/2020,BELO HORIZONTE,MG
304,LACDAY 10.000FCC COM MAST3BLTX10ALIM-E,EMS S/A,2F1890,56,1976902,00061716/2021,28/08/2021,"BR 153, à 08km de Colinas no KM 151",-
305,LACLEV 9000FCC 2COM AG,"HERBARIUM LABORATÓRIOBOTÂNICO LTDA",200223,172 CARTUCHOS,282218,040-00371/2021,27/01/2021,RIO DE JANEIRO,RJ
306,LACS LAMEN COSTELA,NISSIN FOODS DO BRASIL,02/09/21 B,14000 UNIDADES,298996,"0835495/2020 - BOCOP -02405.2020.0000241",10/12/2020,ÁGUA DOCE,SC
307,LACTOCARE CP 2X15,KLEY HERTZ DISTRIBUIDORA,160328,4 unidades,333917,2021/378528,01/03/2021,CURITIBA,PR
308,LACTOFOS 15 SACHES COM 6G,DIVCOM S.A,180815,1 CAIXA,510472,"Conforme RDC 304/2019, quando do furtoou extravio, a comunicação com asautoridades policiais não é requerimentodas Boas Práticas de Distribuição eArmazenamento",04/06/2018,"RUA ALCIDES JAZAR 520, ATUBA - PINHAISPR / CEP 83326-070",PR
309,LACTOSIL,APSEN,21010253,16 CX,501366,052-01835/2021,15/04/2021,NOVA IGUAÇU,RJ
310,LACTOSIL,APSEN,20100016,80 CX,501366,052-01835/2021,15/04/2021,NOVA IGUAÇU,RJ
311,LACTOSIL,APSEN,21020018,35 CX,501366,052-01835/2021,15/04/2021,NOVA IGUAÇU,RJ
312,LACTOSIL FLORA,APSEN,21030413,95 CX,501366,052-01835/2021,15/04/2021,NOVA IGUAÇU,RJ
313,LACTULAXY AMEIXA 120ML SOL OR 1FRX50CT,Airela Indústria Farmacêutica LTDA,21E0165,50,42375,165,01/07/2021,SERRA DE TEIXEIRA - PB 262,PB
314,LACTULAXY AMEIXA 120ML SOL OR 1FRX50CT,Airela Indústria Farmacêutica LTDA,21E0165,300,42167,165,01/07/2021,SERRA DE TEIXEIRA - PB 262,PB
315,"LACTULAXY S/ SABOR 120ML SOL OR1FRX50CT",Airela Indústria Farmacêutica LTDA,21D0109,200,42170,165,01/07/2021,SERRA DE TEIXEIRA - PB 262,PB
316,"LACTULAXY S/ SABOR 120ML SOL OR1FRX50CT",Airela Indústria Farmacêutica LTDA,21D0109,200,42167,165,01/07/2021,SERRA DE TEIXEIRA - PB 262,PB
317,"LACTULAXY SALA FRU 120ML SOL OR1FRX50CT",Airela Indústria Farmacêutica LTDA,21D0126,250,42167,165,01/07/2021,SERRA DE TEIXEIRA - PB 262,PB
318,"LÁMEN NOSSO SABOR GALINHA CAIPIRA(LNGO)",NISSIN FOODS DO BRASIL,21/06/22 1,33650 UNIDADES,53195,21E2141003405,27/09/2021,RIO REAL,BA
319,LAPI LAMEN PICANHA,NISSIN FOODS DO BRASIL,23/08/21 B,2800 UNIDADES,298230,"0805969/2020 - BO -00008.2020.0002678",29/11/2020,ÁGUA DOCE - SC,SC
320,LAVITAN 5G COMP EFEV TB X 10 GUA+CAF,"NUTRACOM INDUSTRIA ECOMÉRCIO LTDA",2006108,1,455425,2020-021358323-001,05/05/2020,BELO HORIZONTE,MG
321,"LAVITAN 5G COMP EFEV TB X 10LAR+ACE+CAF",CIMED INDÚSTRIA S.A.,2021999,6,000.741.529,2021-055487745-002,18/11/2021,BETIM,MG
322,LAVITAN 5G POWER COMP EFERV 1 TB X 10,"NUTRACOM INDÚSTRIA ECOMÉRCIO LTDA",2022385,3,85941 / 85740,090-01936/2021,14/05/2021,ITAGUAÍ,RJ
323,LAVITAN COLAGENO TIPO II 2 BL X 15 CAPS,"NUTRACOM INDÚSTRIA ECOMÉRCIO LTDA",2106456,5,86009 / 85941 / 85740,090-01936/2021,14/05/2021,ITAGUAÍ,RJ
324,LAVITAN CRANBERRY CAPS FR X 30,"NUTRACOM INDUSTRIA ECOMÉRCIO LTDA",2025096,12 UNIDADES,569.534,2020-062626929-001,30/12/2020,BELO HORIZONTE,MG
325,LAVITAN CRANBERRY CAPS FR X 30,"NUTRACOM INDUSTRIA ECOMÉRCIO LTDA",2101711,2,592.554,2021-009618257-001,24/02/2021,CONTAGEM,MG
326,LAVITAN CRANBERRY CAPS FR X 30,"NUTRACOM INDÚSTRIA ECOMÉRCIO LTDA",2108014,2,85941 / 85740,090-01936/2021,14/05/2021,ITAGUAÍ,RJ
327,LAVITAN CRANBERRY CAPS FR X 30,"CIMED INDÚSTRIA DEMEDICAMENTOS LTDA",2112918,3,150340,021-09060/2021,04/11/2021,MARÉ,RJ
328,LAVITAN DETOX COMP EFEV 1 TB X 16,"CIMED INDÚSTRIA DEMEDICAMENTOS LTDA",2120018,10,150046 / 150174 /150340,021-09060/2021,04/11/2021,MARÉ,RJ
Ordem,Produto*,Empresa*,No de Série/ Lote*,"Quantidade Roubada/ Furtada/Extraviada*",No Nota Fiscal*,No Boletim de Ocorrência*,"Data do roubo ouextravio*",Cidade*,UF*
329,LAVITAN DETOX COMP EFEV 1 TB X 16,CIMED INDÚSTRIA S.A.,2120017,3,000.741.529,2021-055487745-002,18/11/2021,BETIM,MG
330,LAVITAN IMUNIDADE CDZSE,"CIMED INDÚSTRIA DEMEDICAMENTOS LTDA",2112750,6,131390,071-0362/2021-02,09/09/2021,-,-
331,LAVITAN IMUNIDADE CDZSE COMP EFERV,"CIMED INDÚSTRIA DEMEDICAMENTOS LTDA",2116313,8,131390 / 131.942,071-0362/2021-02,09/09/2021,-,-
332,LAVITAN IMUNIDADE CDZSE COMP EFERV,"CIMED INDÚSTRIA DEMEDICAMENTOS LTDA",2112750,3,131942,071-0362/2021-02,09/09/2021,-,-
333,"LAVITAN IMUNIDADE CDZSE COMP REV FRX 30","NUTRACOM INDUSTRIA ECOMÉRCIO LTDA",2101809,1,592.572,2021-009618257-001,24/02/2021,CONTAGEM,MG
334,"LAVITAN IMUNIDADE CDZSE COMP REV FR X30","NUTRACOM INDÚSTRIA ECOMÉRCIO LTDA",2106807,6,86243 / 86146,090-01936/2021,14/05/2021,ITAGUAÍ,RJ
335,"LAVITAN IMUNIDADE CDZSE COMP REV FR X30","CIMED INDÚSTRIA DEMEDICAMENTOS LTDA",2112872,3,150504,021-09060/2021,04/11/2021,MARÉ,RJ
336,LAVITAN KIDS CP EFERV,"CIMED INDÚSTRIA DEMEDICAMENTOS LTDA",2107723,1,131942,071-0362/2021-02,09/09/2021,-,-
337,LAVITAN MULTI HOMEM 5G,"CIMED INDÚSTRIA DEMEDICAMENTOS LTDA",2116071,2,131942,071-0362/2021-02,09/09/2021,-,-
338,LAVITAN MULTI HOMEM 5G FR X 60 CPRV,"NUTRACOM INDÚSTRIA ECOMÉRCIO LTDA",2104679,4,85941 / 85740,090-01936/2021,14/05/2021,ITAGUAÍ,RJ
339,LAVITAN MULTI HOMEM 5G FR X 60 CPRV,"CIMED INDÚSTRIA DEMEDICAMENTOS LTDA",2116072,3,150174 /150340,021-09060/2021,04/11/2021,MARÉ,RJ
340,LAVITAN MULTI MULHER 5G,"CIMED INDÚSTRIA DEMEDICAMENTOS LTDA",2115057,2,131942,071-0362/2021-02,09/09/2021,-,-
341,LAVITAN MULTI MULHER 5G FR X 60 CPRV,"NUTRACOM INDUSTRIA ECOMÉRCIO LTDA",2101212,2,592.480,2021-009618257-001,24/02/2021,CONTAGEM,MG
342,LAVITAN MULTI MULHER 5G FR X 60 CPRV,"NUTRACOM INDUSTRIA ECOMÉRCIO LTDA",2101212,4,592.572,2021-009618257-001,24/02/2021,CONTAGEM,MG
343,LAVITAN MULTI MULHER 5G FR X 60 CPRV,"NUTRACOM INDUSTRIA ECOMÉRCIO LTDA",2004481,2,455362,2020-021358323-001,05/05/2020,BELO HORIZONTE,MG
344,LAVITAN OMEGA 3 MAIS,"CIMED INDÚSTRIA DEMEDICAMENTOS LTDA",2112817,4,131712,071-0362/2021-02,09/09/2021,-,-
345,"LAVITAN OMEGA 3 MAIS CAPS GEL MOLEPTX90","NUTRACOM INDÚSTRIA ECOMÉRCIO LTDA",2107503,3,85941,090-01936/2021,14/05/2021,ITAGUAÍ,RJ
346,"LAVITAN OMEGA 3 MAIS CAPS GEL MOLEPTX90","CIMED INDÚSTRIA DEMEDICAMENTOS LTDA",2118445,3,140928,033-07107/2021,07/10/2021,-,RJ
347,LAVITAN OMEGA CAP FR C/ 60,"NUTRACOM INDUSTRIA ECOMÉRCIO LTDA",2022522,1 UNIDADE,562.693,2020-060619004-001,17/12/2020,SANTA LUZIA,MG
348,LAVITAN OMEGA CAP FR C/ 60,"CIMED INDÚSTRIA DEMEDICAMENTOS LTDA",2121011,12,149798 / 149876,021-09060/2021,04/11/2021,MARÉ,RJ
349,LAVITAN PRIMULA FEMME 60 CAPS,"NUTRACOM INDÚSTRIA ECOMÉRCIO LTDA",2107159,2,85941 / 85740,090-01936/2021,14/05/2021,ITAGUAÍ,RJ
350,"LAVITAN VIT AZ MULHER COMP REV FR C/60","NUTRACOM INDUSTRIA ECOMÉRCIO LTDA",2022989,3 UNIDADES,562.693,2020-060619004-001,17/12/2020,SANTA LUZIA,MG
351,LAVITAN VIT AZ MULHER COMP REV FR C/ 60,"NUTRACOM INDUSTRIA ECOMÉRCIO LTDA",2003934,12,455757,2020-021358323-001,05/05/2020,BELO HORIZONTE,MG
352,LAVITAN VIT AZ MULHER COMP REV FR C/ 60,"NUTRACOM INDUSTRIA ECOMÉRCIO LTDA",2003934,3,455362,2020-021358323-001,05/05/2020,BELO HORIZONTE,MG
353,LAVITAN VIT AZ MULHER COMP REV FR C/ 60,"NUTRACOM INDÚSTRIA ECOMÉRCIO LTDA",2107193,186,86125 / 86190 / 86219 / 86544,090-01936/2021,14/05/2021,ITAGUAÍ,RJ
354,"LAVITAN VIT AZ MULHER COMP REV FR C/90","NUTRACOM INDUSTRIA ECOMÉRCIO LTDA",2024216,3 UNIDADES,569.534,2020-062626929-001,30/12/2020,BELO HORIZONTE,MG
355,"LAVITAN VIT AZ MULHER COMP REV FR C/90","NUTRACOM INDUSTRIA ECOMÉRCIO LTDA",2022897,1 UNIDADE,562.693,2020-060619004-001,17/12/2020,SANTA LUZIA,MG
356,"LAVITAN VIT AZ MULHER COMP REV FR C/90","NUTRACOM INDUSTRIA ECOMÉRCIO LTDA",2024762,10,592.625,2021-009618257-001,24/02/2021,CONTAGEM,MG
357,"LAVITAN VIT AZ ORIGINAL COMP REV FRC/60","NUTRACOM INDUSTRIA ECOMÉRCIO LTDA",2022366,3 UNIDADES,562.693,2020-060619004-001,17/12/2020,SANTA LUZIA,MG
358,LAVITAN VIT AZ ORIGINAL COMP REV FR C/60,"NUTRACOM INDÚSTRIA ECOMÉRCIO LTDA",2103648,234,86125 / 86190 / 86219 / 86544 / 86243,090-01936/2021,14/05/2021,ITAGUAÍ,RJ
359,"LAVITAN VIT AZ ORIGINAL COMP REV FRC/90","NUTRACOM INDUSTRIA ECOMÉRCIO LTDA",2022859,12 UNIDADES,569.534,2020-062626929-001,30/12/2020,BELO HORIZONTE,MG
360,"LAVITAN VIT AZ ORIGINAL COMP REV FRC/90","NUTRACOM INDUSTRIA ECOMÉRCIO LTDA",2022859,1 UNIDADE,562.693,2020-060619004-001,17/12/2020,SANTA LUZIA,MG
361,"LAVITAN VIT AZ ORIGINAL COMP REV FRC/90","NUTRACOM INDUSTRIA ECOMÉRCIO LTDA",2024547,10,592.625,2021-009618257-001,24/02/2021,CONTAGEM,MG
362,LAVITAN VIT AZ ORIGINAL COMP REV FR C/90,"NUTRACOM INDUSTRIA ECOMÉRCIO LTDA",1913231,1,455362,2020-021358323-001,05/05/2020,BELO HORIZONTE,MG
363,LAVITAN VIT AZ ORIGINALCOMP REV FR C/90,"NUTRACOM INDUSTRIA ECOMÉRCIO LTDA",1921463,1,455362,2020-021358323-001,05/05/2020,BELO HORIZONTE,MG
364,LAVITAN VIT CABELOS E UNHAS,"CIMED INDÚSTRIA DEMEDICAMENTOS LTDA",2110964,6,131925,071-0362/2021-02,09/09/2021,-,-
Ordem,Produto*,Empresa*,No de Série/ Lote*,"Quantidade Roubada/ Furtada/Extraviada*",No Nota Fiscal*,No Boletim de Ocorrência*,"Data do roubo ouextravio*",Cidade*,UF*
365,"LAVITAN VIT CABELOS E UNHAS CAP 4 BLX15","NUTRACOM INDUSTRIA ECOMÉRCIO LTDA",2023735,3 UNIDADES,562.693,2020-060619004-001,17/12/2020,SANTA LUZIA,MG
366,"LAVITAN VIT CABELOS E UNHAS CAP 4 BLX15","NUTRACOM INDUSTRIA ECOMÉRCIO LTDA",2100912,3,592.554,2021-009618257-001,24/02/2021,CONTAGEM,MG
367,"LAVITAN VIT CABELOS E UNHAS CAP 4 BLX15","NUTRACOM INDUSTRIA ECOMÉRCIO LTDA",2100912,2,592.572,2021-009618257-001,24/02/2021,CONTAGEM,MG
368,"LAVITAN VIT CABELOS E UNHAS CAP 4 BLX15","NUTRACOM INDUSTRIA ECOMÉRCIO LTDA",2100912,20,592625,2021-009618257-001,24/02/2021,CONTAGEM,MG
369,LAVITAN VIT CABELOS E UNHAS CAP 4 BL X15,"NUTRACOM INDUSTRIA ECOMÉRCIO LTDA",1919534,7,455362,2020-021358323-001,05/05/2020,BELO HORIZONTE,MG
370,LAVITAN VIT CABELOS E UNHAS CAP 4 BL X15,"NUTRACOM INDÚSTRIA ECOMÉRCIO LTDA",2105527,12,86040,090-01936/2021,14/05/2021,ITAGUAÍ,RJ
371,LAVITAN VIT CABELOS E UNHAS CAP 4 BL X15,"NUTRACOM INDUSTRIA ECOMÉRCIO LTDA",2108931,14,660952,1461177210630084049,30/06/2021,BOM JESUS DO AMPARO,MG
372,LAVITAN VIT CABELOS E UNHAS CAP 4 BL X15,"CIMED INDÚSTRIA DEMEDICAMENTOS LTDA",2117815,6,149876,021-09060/2021,04/11/2021,MARÉ,RJ
373,LAVITAN VIT CALCIO + D3 COMP FR C/60,"NUTRACOM INDUSTRIA ECOMÉRCIO LTDA",2022882,1 UNIDADE,562.693,2020-060619004-001,17/12/2020,SANTA LUZIA,MG
374,LAVITAN VIT CALCIO + D3 COMP FR C/60,"NUTRACOM INDÚSTRIA ECOMÉRCIO LTDA",2103749,3,85941,090-01936/2021,14/05/2021,ITAGUAÍ,RJ
375,LAVITAN VIT CALCIO + D3 COMP FR C/60,"CIMED INDÚSTRIA DEMEDICAMENTOS LTDA",2116998,12,149962,021-09060/2021,04/11/2021,MARÉ,RJ
376,LAVITAN VIT D SOL ORAL,"CIMED INDÚSTRIA DEMEDICAMENTOS LTDA",2105588,2,131942,071-0362/2021-02,09/09/2021,-,-
377,LAVITAN VIT INF COMP MAST FR 60 TUT FRUT,"CIMED INDÚSTRIA DEMEDICAMENTOS LTDA",2118865,12,140859 / 141010,033-07107/2021,07/10/2021,-,RJ
378,LAVITAN VIT INF COMP MAST FR 60 TUT FRUT,"CIMED INDÚSTRIA DEMEDICAMENTOS LTDA",2118865,2,149900,021-09060/2021,04/11/2021,MARÉ,RJ
379,LAVITAN VIT INF SOL OR FR 240ML SBR LAR,"NUTRACOM INDUSTRIA ECOMÉRCIO LTDA",2018432,1,592.572,2021-009618257-001,24/02/2021,CONTAGEM,MG
380,LAVITAN VIT INF SOL OR FR 240ML SBR LAR,"CIMED INDÚSTRIA DEMEDICAMENTOS LTDA",2113793,12,140859 / 141010,033-07107/2021,07/10/2021,-,RJ
381,"LAVITAN VIT INF SOL OR FR 240ML TUTFRUT","NUTRACOM INDUSTRIA ECOMÉRCIO LTDA",2018730,1 UNIDADE,562.693,2020-060619004-001,17/12/2020,SANTA LUZIA,MG
382,"LAVITAN VIT INF SOL OR FR 240ML TUTFRUT","NUTRACOM INDUSTRIA ECOMÉRCIO LTDA",2022804,1,592.572,2021-009618257-001,24/02/2021,CONTAGEM,MG
383,LAVITAN VIT INF SOL OR FR 240ML TUT FRUT,"NUTRACOM INDÚSTRIA ECOMÉRCIO LTDA",2022806,12,86219 / 86243,090-01936/2021,14/05/2021,ITAGUAÍ,RJ
384,LAVITAN VIT INF SOL OR FR 240ML TUT FRUT,"NUTRACOM INDUSTRIA ECOMÉRCIO LTDA",2108486,3,660813,1461177210630084049,30/06/2021,BOM JESUS DO AMPARO,MG
385,LAVITAN VIT INF SOL OR FR 240ML TUT FRUT,"CIMED INDÚSTRIA DEMEDICAMENTOS LTDA",2114720,5,140859,033-07107/2021,07/10/2021,-,RJ
386,LAVITAN VIT INF SOL OR FR 240ML TUT FRUT,"CIMED INDÚSTRIA DEMEDICAMENTOS LTDA",2116050,6,141010,033-07107/2021,07/10/2021,-,RJ
387,LAVITAN VIT INFANTIL COMP MAST FR C/ 60,"NUTRACOM INDUSTRIA ECOMÉRCIO LTDA",2018653,2 UNIDADES,562.693,2020-060619004-001,17/12/2020,SANTA LUZIA,MG
388,LAVITAN VIT INFANTIL COMP MAST FR C/ 60,"CIMED INDÚSTRIA DEMEDICAMENTOS LTDA",2120122,12,140859 / 141010,033-07107/2021,07/10/2021,-,RJ
389,LAVITAN VIT INFANTIL COMP MAST FR C/ 60,"CIMED INDÚSTRIA DEMEDICAMENTOS LTDA",2119857,14,149900,021-09060/2021,04/11/2021,MARÉ,RJ
390,LAVITAN VIT MEMORIA COMP REV FR C/60,"NUTRACOM INDÚSTRIA ECOMÉRCIO LTDA",2104693,17,85941 / 85740 / 86125 / 86137 / 86219,090-01936/2021,14/05/2021,ITAGUAÍ,RJ
391,LAVITAN VIT ORIGINAL,"CIMED INDÚSTRIA DEMEDICAMENTOS LTDA",2110038,6,131925,071-0362/2021-02,09/09/2021,-,-
392,LAVITAN VIT TESTO PERF COMP 2BL X15,"NUTRACOM INDÚSTRIA ECOMÉRCIO LTDA",2105538,3,86032,090-01936/2021,14/05/2021,ITAGUAÍ,RJ
393,LAVITAN VIT TESTO PERF COMP 2BL X15,"CIMED INDÚSTRIA DEMEDICAMENTOS LTDA",2120139,7,150011/149876,021-09060/2021,04/11/2021,MARÉ,RJ
394,LAVITAN VITAMINA AZ MULHER,"CIMED INDÚSTRIA DEMEDICAMENTOS LTDA",2111800,2,131713,071-0362/2021-02,09/09/2021,-,-
395,LAVITAN VITAMINA AZ MULHER,"CIMED INDÚSTRIA DEMEDICAMENTOS LTDA",2112140,3,131925,071-0362/2021-02,09/09/2021,-,-
396,LAVITAN VITAMINA INFANTIL TUTTI FRUT,"CIMED INDÚSTRIA DEMEDICAMENTOS LTDA",2115258,5,131390 / 131.942,071-0362/2021-02,09/09/2021,-,-
397,"LAVITAN VITAMINA INFANTIL TUTTI FRUT240ML","CIMED INDÚSTRIA DEMEDICAMENTOS LTDA",2110805,3,131942,071-0362/2021-02,09/09/2021,-,-
398,LAVITAN VIT-D SOL OR FR 30ML,"NUTRACOM INDUSTRIA ECOMÉRCIO LTDA",2021170,1 UNIDADE,562.693,2020-060619004-001,17/12/2020,SANTA LUZIA,MG
399,"LAVITAN ZINCO 29,59MG","CIMED INDÚSTRIA DEMEDICAMENTOS LTDA",2110093,3,131942,071-0362/2021-02,09/09/2021,-,-
400,LAXOLACT,KLEY HERTZ DISTRIBUIDORA,178006,8 UNIDADES,334706,2021/301157,14/12/2020,"SÃO JOSÉ DOS PINHAIS, BAIRRO TRÊSMARIAS",PR
Ordem,Produto*,Empresa*,No de Série/ Lote*,"Quantidade Roubada/ Furtada/Extraviada*",No Nota Fiscal*,No Boletim de Ocorrência*,"Data do roubo ouextravio*",Cidade*,UF*
401,LAXOLACT 1X120,"KLEY HERTZ FARMACÊUTICAS.A.",0000153741,15 UNIDADES,699172,1690/2020,27/02/2021,ITAQUAQUECETUBA,SP
402,LEIBA CAP BLISTER X 12 (AL),"UNIÃO QUÍMICA FARMACÊUTICANACIONAL",1940261,12 CARTUCHOS,386949,20I0319147328,11/12/2020,JABOATÃO DOS GUARARAPES / PE,PE
403,LEIBA CAP BLISTER X 12 (AL),"UNIÃO QUÍMICA FARMACÊUTICANACIONAL",2012687,6 UN,000343061-1,542723/2021,25/03/2021,ARUJA,SP
404,LEIBA CAP BLISTER X 12 (AL),"UNIÃO QUÍMICA FARMACÊUTICANACIONAL",2007982,6,181633,20197003,08/07/2021,POUSO ALEGRE,MG
405,LEIBA CAP BLISTER X 12 (AL),"UNIÃO QUÍMICA FARMACÊUTICANACIONAL",2127346,2 UN,000395642-1,1120/2021,10/09/2021,SUMARÉ,SP
406,LEIBA CAP BLISTER X 12 (AL),"UNIÃO QUÍMICA FARMACÊUTICANACIONAL",2017924,6 UN,000408268-1,AT4080-1/2021,21/10/2021,SÃO PAULO,SP
407,LEIBA CAP BLISTER X 12 (AL),"UNIÃO QUÍMICA FARMACÊUTICANACIONAL",2017924,6 UN,000408521-1,AT4080-1/2021,21/10/2021,SÃO PAULO,SP
408,LEIBA CAP BLISTER X 12 (AL),"UNIÃO QUÍMICA FARMACÊUTICANACIONAL",2017924,2 UN,000408493-1,AT4080-1/2021,21/10/2021,SÃO PAULO,SP
409,LEIBA LARANJA SACHE 4G X 6 (AL),"UNIÃO QUÍMICA FARMACÊUTICANACIONAL",2023012,2 UN,000408309-1,AT4080-1/2021,21/10/2021,SÃO PAULO,SP
410,LEIBA LARANJA SACHE 4G X 6 (AL),"UNIÃO QUÍMICA FARMACÊUTICANACIONAL",2023012,3 UN,000408521-1,AT4080-1/2021,21/10/2021,SÃO PAULO,SP
411,LEIBA LARANJA SACHE 4G X 6 (AL),"UNIÃO QUÍMICA FARMACÊUTICANACIONAL",2023012,2 UN,000408303-1,AT4080-1/2021,21/10/2021,SÃO PAULO,SP
412,LEIBA LARANJA SACHE 4G X 6 (AL),"UNIÃO QUÍMICA FARMACÊUTICANACIONAL",2023012,2 UN,000408493-1,AT4080-1/2021,21/10/2021,SÃO PAULO,SP
413,LIPOMAX CROMO CAPS C/60,DIVCOM S.A,201801,50 UNIDADES,116508,"Conforme RDC 304/2019, quando do furtoou extravio, a comunicação com asautoridades policiais não é requerimentodas Boas Práticas de Distribuição eArmazenamento",15/10/2020,"VIA VIA DE ACESSO II BR 324, N° 178 QUAD02 LOTE 52 - CIA - SUL - SIMOES FILHO - BA",BA
414,LSCN LAMEN SUAVE CARNE(VIT),NISSIN FOODS DO BRASIL,02/09/21 G,36400 UNIDADES,298996,"0835495/2020 - BOCOP -02405.2020.0000246",15/12/2020,ÁGUA DOCE,SC
415,LSGH LAMEN SUAVE GALINHA(VIT),NISSIN FOODS DO BRASIL,23/08/21 G,5600 UNIDADES,298230,"0805969/2020 - BO -00008.2020.0002685",06/12/2020,ÁGUA DOCE - SC,SC
416,LUMIER AGE SACHE 12G X 30 (AL),"UNIÃO QUÍMICA FARMACÊUTICANACIONAL",2036060,8 CARTUCHOS,457.427,17.432.957,02/12/2020,APARECIDA DE GOIÂNIA,GO
417,LUTEVIT 1X60,"KLEY HERTZ FARMACÊUTICAS.A.",0000151767,3 EA,699172,1690/2020,27/02/2021,ITAQUAQUECETUBA,SP
418,MEMOVA BLT X 4 CAPS - AG - B,EMS,2H3532,180,381407,00061716/2021,28/08/2021,"BR 153, à 08km de Colinas no KM 151",-
419,MEMOVA BLT X 4 CAPS - AG - B,EMS,2H3532,180,381419,00061716/2021,28/08/2021,"BR 153, à 08km de Colinas no KM 151",-
420,MULTI BI,Supera Farma Laboratórios S.A,710408,100 cartuchos,193733,1860/2021 e 1861/2021,25/03/2021,Praia Grande,SP
421,NAN COMFOR 1 F.I NESTLE 800G,NESTLE BRASIL LTDA,-,2,664263,2021-032375129-001,06/07/2021,SANTA LUZIA,-
422,NAN COMFOR 2 F.I NESTLE 800G,NESTLE,1086046041,2,14403492,2021-027858030-001,09/06/2021,UBERLANDIA/ MINAS GERAIS,MG
423,NAN COMFOR 2 F.I NESTLE 800G,NESTLE BRASIL LTDA,-,2,664263,2021-032375129-001,06/07/2021,SANTA LUZIA,-
424,Natazy DHA 30 Cps,Cifarma,6FA05,1 UN,229345,190-00514/2021,12/03/2021,Aparecida de Goiânia,GO
425,Neovite Lutein,BL Indústria Ótica Ltda,3411GT267,12,151.733,21I0319011436,17.04.2020,"FL Brasil Holding Logistica e Transporte /Jaboatão dos Guarapapes/PE",PE
426,NESTOGENO 1 F.I NESTLE 400G,NESTLE BRASIL LTDA,1133046041,2,16531754,9265/2021,28/09/2021,FRANCA,SP
427,NESTOGENO 1 F.I NESTLE 800G,NESTLE BRASIL LTDA,1046046041,1,16529156,9265/2021,28/09/2021,FRANCA,SP
428,NINHO PO ZERO LACTOSE 380G,NESTLE BRASIL LTDA,-,4,664263,2021-032375129-001,06/07/2021,SANTA LUZIA,-
429,NOUVE BIOTIN CAP CT BL 12X3X10,Colbras Ind e Com Ltda,1318195,2,000083566,18571741,09/03/2021,"BR 153, KM 5,5, BAIRRO: JARDIMGUANABARA - GOIÂNIA - GOIÁS",GO
430,OFOLATO + FERRO CT BL 30 COMP,COSMED IND COSM MED S/A,Q20K0141,48,814.921,17.565.444,18/12/2020,"TRANSPORTADORA TRANSLAGTRANSPORTE E LOGISTICA, VIAACESSO 008 SN, CHÁCARAS MARIVÂNIA- APARECIDA DE GOIÂNIA",GO
431,OFOLATO + FERRO CT BL 30 COMP,COSMED IND COSM MED S/A,Q20K0141,48,814.922,17.565.444,18/12/2020,"TRANSPORTADORA TRANSLAGTRANSPORTE E LOGISTICA, VIAACESSO 008 SN, CHÁCARAS MARIVÂNIA- APARECIDA DE GOIÂNIA",GO
432,OFOLATO + FERRO CT BL 30 COMP,COSMED IND COSM MED S/A,Q20K0141,96,814.900,17.565.444,18/12/2020,"TRANSPORTADORA TRANSLAGTRANSPORTE E LOGISTICA, VIAACESSO 008 SN, CHÁCARAS MARIVÂNIA- APARECIDA DE GOIÂNIA",GO
Ordem,Produto*,Empresa*,No de Série/ Lote*,"Quantidade Roubada/ Furtada/Extraviada*",No Nota Fiscal*,No Boletim de Ocorrência*,"Data do roubo ouextravio*",Cidade*,UF*
433,OFOLATO D 2000UI CT BL X 30 CPRS,COSMED IND COSM MED S/A,1309,72,815.642,17.565.444,18/12/2020,"TRANSPORTADORA TRANSLAGTRANSPORTE E LOGISTICA, VIAACESSO 008 SN, CHÁCARAS MARIVÂNIA- APARECIDA DE GOIÂNIA",GO
434,OXIBERRY SACHE 5G X 30 (AL),"UNIAO QUIMICA FARMACEUTICANACIONAL",2117888,3 UN,000377750-1,AF5668-1/2021,16/07/2021,EMBU DAS ARTES,SP
435,PHARMATON IMUN ENERGIA C/30 CAPS,MEDLEY FARMACEUTICA LTDA,1100002202,2,16328762,8435;8517;8630;8679/2021,08/09/2021,FRANCA,SP
436,PHARMATON IMUN ENERGIA C/30 CAPS,MEDLEY FARMACEUTICA LTDA,1100002202,2,16525830,9265/2021,28/09/2021,FRANCA,SP
437,PONDICILINA LARANJA VIT C PASTX12 (AL),"UNIÃO QUÍMICA FARMACÊUTICANACIONAL",2018140,3 UN,000360477-1,19858420,01/06/2021,SÃO JOSÉ DO RIO PRETO,SP
438,PONDICILINA LARANJA VIT C PASTX12 (AL),"UNIÃO QUÍMICA FARMACÊUTICANACIONAL",2036825,6 UN,000395598-1,1120/2021,10/09/2021,SUMARÉ,SP
439,PONDICILINA LARANJA VIT C PASTX12 (AL),"UNIÃO QUÍMICA FARMACÊUTICANACIONAL",2045274,12 UN,000416696-1,3826/2021,19/11/2021,CAMPINAS,SP
440,PONDICILINA MEL-LIMAO PAST x 12,"UNIÃO QUÍMICA FARMACÊUTICANACIONAL",2013924,3 UN,000360477-1,19858420,01/06/2021,SÃO JOSÉ DO RIO PRETO,SP
441,PONDICILINA MEL-LIMAO PAST x 12,"UNIÃO QUÍMICA FARMACÊUTICANACIONAL",2013925,6 UN,000395598-1,1120/2021,10/09/2021,SUMARÉ,SP
442,PONDICILINA MEL-LIMAO PAST x 12,"UNIÃO QUÍMICA FARMACÊUTICANACIONAL",2013925,24 UN,000416696-1,3826/2021,19/11/2021,CAMPINAS,SP
443,PONDICILINA MENTA PAST X 12,"UNIÃO QUÍMICA FARMACÊUTICANACIONAL",2036824,3 UN,000360477-1,19858420,01/06/2021,SÃO JOSÉ DO RIO PRETO,SP
444,PONDICILINA MENTA PAST X 12,"UNIÃO QUÍMICA FARMACÊUTICANACIONAL",2119141,6 UN,000395598-1,1120/2021,10/09/2021,SUMARÉ,SP
445,PONDICILINA MENTA PAST X 12,"UNIÃO QUÍMICA FARMACÊUTICANACIONAL",2119141,6 UN,000416696-1,3826/2021,19/11/2021,CAMPINAS,SP
446,PROBIATOP 15 SACHES C/ 1G,DIVCOM S A,211569,1,16528994,9265/2021,28/09/2021,FRANCA,SP
447,PROBIATOP 15 SACHES COM 1G,DIVCOM S.A.,210629,24 unidades,150161,19679836,01/06/2021,"ROD BR-153 KM 5,5, FAZENDA RETIRO,GOIÂNIA, GOIÁS - CEP: 74675-090",GO
448,PROBIATOP 1G 30 SAC,"ACHE LABORATORIOSFARMACEUTICOS SA",180976,12 CAIXAS,94069,"Conforme RDC 304/2019, quando do furtoou extravio, a comunicação com asautoridades policiais não é requerimentodas Boas Práticas de Distribuição eArmazenamento",14/01/2021,"AV CORIFEU AZEVEDO MARQUES 3097,BUTANTA - SÃO PAULO - SP / CEP 05339-000",SP
449,PROBIATOP 30 SACHES 1 GR,DIVCOM S A,210933,1,16528994,9265/2021,28/09/2021,FRANCA,SP
450,PROBIATOP 30 SACHES COM 1G,DIVCOM S.A,181204,5 UNIDADES,18396,"Conforme RDC 304/2019, quando do furtoou extravio, a comunicação com asautoridades policiais não é requerimentodas Boas Práticas de Distribuição eArmazenamento",02/12/2020,"ROD BR 153 KM 518 ZONA RURAL S/N,HIDROLÂNDIA - GOIANIA - GO / CEP 75340-000",GO
451,PROBID,APSEN,21030309,80 CX,501366,052-01835/2021,15/04/2021,NOVA IGUAÇU,RJ
452,PROLIVE C 6 CAPS,"ACHE LABORATORIOSFARMACEUTICOS SA",-,1,664806,2021-032375129-001,06/07/2021,SANTA LUZIA,-
453,PURAVIT IMUNE 75ML FRC,"MYRALIS INDUSTRIAFARMACEUTICA LTDA",521086,1,16329024,8435;8517;8630;8679/2021,08/09/2021,FRANCA,SP
454,PURAVIT IMUNE 75ML FRC,"MYRALIS INDUSTRIAFARMACEUTICA LTDA",521744,2,16523120,9265/2021,28/09/2021,FRANCA,SP
455,PURAVIT MULTI SOL ORAL 120ML,"MYRALIS INDUSTRIAFARMACEUTICA LTDA",522107,1,16525863,9265/2021,28/09/2021,FRANCA,SP
456,QUITLIS SUSP ORAL 150ML,"QUESALON DIST DE PROD FARMLTDA",2103002,1,16328762,8435;8517;8630;8679/2021,08/09/2021,FRANCA,SP
457,QUITLIS SUSP ORAL 150ML,"QUESALON DIST DE PROD FARMLTDA",2103002,2,16525469,9265/2021,28/09/2021,FRANCA,SP
458,REDOXITOS LARANJA 25 UNIDADES,BAYER S A,9312,2,11327834,161/2020 e 2610/2020,13/03/2020,MONGAGUA,SP
459,REDUBIO SHAKE 210G PO SAC SBR BAU,"NUTRACOM INDUSTRIA ECOMÉRCIO LTDA",2021870,1,592.621,2021-009618257-001,24/02/2021,CONTAGEM,MG
460,REDUBIO SHAKE 210G PO SAC SBR BAU,"NUTRACOM INDÚSTRIA ECOMÉRCIO LTDA",2021869,4,85740,090-01936/2021,14/05/2021,ITAGUAÍ,RJ
461,REDUBIO SHAKE 210G PO SAC SBR BAU,"CIMED INDÚSTRIA DEMEDICAMENTOS LTDA",2024679,17,149654 / 149781 /149876 / 150053,021-09060/2021,04/11/2021,MARÉ,RJ
462,REDUBIO SHAKE 210G PO SAC SBR CHOC,"NUTRACOM INDUSTRIA ECOMÉRCIO LTDA",2022996,1,592.621,2021-009618257-001,24/02/2021,CONTAGEM,MG
463,REDUBIO SHAKE 210G PO SAC SBR CHOC,"NUTRACOM INDÚSTRIA ECOMÉRCIO LTDA",2102975,4,85941,090-01936/2021,14/05/2021,ITAGUAÍ,RJ
464,REDUBIO SHAKE 210G PO SAC SBR CHOC,"CIMED INDÚSTRIA DEMEDICAMENTOS LTDA",2024511,3,149876,021-09060/2021,04/11/2021,MARÉ,RJ
Ordem,Produto*,Empresa*,No de Série/ Lote*,"Quantidade Roubada/ Furtada/Extraviada*",No Nota Fiscal*,No Boletim de Ocorrência*,"Data do roubo ouextravio*",Cidade*,UF*
465,REDUBIO SHAKE 210G PO SAC SBR MOR,"NUTRACOM INDUSTRIA ECOMÉRCIO LTDA",2022710,1,592.621,2021-009618257-001,24/02/2021,CONTAGEM,MG
466,REDUBIO SHAKE 210G PO SAC SBR MOR,"NUTRACOM INDÚSTRIA ECOMÉRCIO LTDA",2024257,4,85740,090-01936/2021,14/05/2021,ITAGUAÍ,RJ
467,REDUBIO SHAKE 210G PO SAC SBR MOR,"CIMED INDÚSTRIA DEMEDICAMENTOS LTDA",2024258,3,149876,021-09060/2021,04/11/2021,MARÉ,RJ
468,REDVIT MLT 1 FRCP X 50 CPR REV,CELLERA,00022696,2 UNIDADES,12920,997164/2021,12/05/2021,GUARULHOS,SP
469,SIMBIOFLORA 15 SACHES COM 6G,DIVCOM S.A,202567,12 CAIXAS,148736,"Conforme RDC 304/2019, quando do furtoou extravio, a comunicação com asautoridades policiais não é requerimentodas Boas Práticas de Distribuição eArmazenamento",04/03/2021,"AV ELMAR ARANTES CABRAL S/N, PARQUE- APARECIDA DE GOIANIA - GO / CEP 74993535",GO
470,SIMBIOFLORA 15 SACHES COM 6G,DIVCOM S.A,202567,24 CAIXAS,413704,"Conforme RDC 304/2019, quando do furtoou extravio, a comunicação com asautoridades policiais não é requerimentodas Boas Práticas de Distribuição eArmazenamento",08/03/2021,"RUA MARECHAL RONDON, 3,VILA LOBAO,IMPERATRIZ - MA/ CEP 65910-110",MA
471,SIMBIOFLORA 15 SACHES COM 6G,DIVCOM S.A,202513,12 CAIXAS,17025,"Conforme RDC 304/2019, quando do furtoou extravio, a comunicação com asautoridades policiais não é requerimentodas Boas Práticas de Distribuição eArmazenamento",10/03/2021,"ROD ANEL VIARIO, 4902, BOA ESPERANCAMARACANAU/ CE - CEP 61935-180",CE
472,SIMBIOFLORA 15 SACHES COM 6G,DIVCOM S.A.,210735,204 unidades,150161,19679836,01/06/2021,"ROD BR-153 KM 5,5, FAZENDA RETIRO,GOIÂNIA, GOIÁS - CEP: 74675-090",GO
473,SIMBIOFLORA 15SAC 6G,DIVCOM S.A,180626,12 CAIXAS,4996,"Conforme RDC 304/2019, quando do furtoou extravio, a comunicação com asautoridades policiais não é requerimentodas Boas Práticas de Distribuição eArmazenamento",02/12/2020,"EST CAMPINAS PIRAJÁ, 1068 GALPAO13/14, MAL RONDON - SALVADOR/BA - CEP41280-117",BA
474,Stetic Hair,Abbott Laboratorios do Brasil Ltda.,1097023,284 caixas,000.282.689,040-00371/2021,27/01/2021,"Estrada do Barro Vermelho, 1243 - ColégioRio de Janeiro",RJ
475,SUPRA C KIDS SABOR LARANJA 1x30,KLEY HERTZ DISTRIBUIDORA,15032021,150 UN,43184,7aCRPN MARAU-BO-21-00456,13/06/2021,MARAÚ,BA
476,SUPRA C KIDS SABOR LARANJA 1X30,IAG PHARMA DISTRIBUIDORA,21042021,4 UN.,777750,AE0410-1/2021,07/07/2021,"RUA. CAPITÃO JOSÉ GALO 147, RIBEIRÃO PIRES",SP
477,SUPRA C KIDS SABOR LARANJA 1x30,IAG PHARMA DISTRIBUIDORA,21042021,10 UN.,777754,AE0410-1/2021,07/07/2021,"RUA. CAPITÃO JOSÉ GALO 147, RIBEIRÃO PIRES",SP
478,SUPRA C KIDS SABOR UVA 1x30,KLEY HERTZ DISTRIBUIDORA,12032021,60 UN,43184,7aCRPN MARAU-BO-21-00456,13/06/2021,MARAÚ,BA
479,SUPRA D  CAPS 4X15,KLEY HERTZ DISTRIBUIDORA,0000167946,6 UN.,354076,2021/516098,04/05/2021,CURITIBA/ PR,PR
480,SUPRA D 1X20,"KLEY HERTZ FARMACÊUTICAS.A.",0000168217,2 UNIDADES,320.899,9755/2020,10/10/2020,SÃO LEOPOLDO,RS
481,SUPRA D MAX GOTAS 2000 UI 1X10,"KLEY HERTZ FARMACÊUTICAS.A.",0000170389,1 UNIDADE,320.899,9755/2020,10/10/2020,SÃO LEOPOLDO,RS
482,SUPRA D MAX GOTAS 2000 UI 1X10,"KLEY HERTZ FARMACÊUTICAS.A.",0000136059,6 UNIDADES,699172,1690/2020,27/02/2021,ITAQUAQUECETUBA,SP
483,SUPRA D MAX GOTAS 2000 UI 1X10,IAG PHARMA DISTRIBUIDORA,0000182112,1 UN.,777750,AE0410-1/2021,07/07/2021,"RUA. CAPITÃO JOSÉ GALO 147, RIBEIRÃO PIRES",SP
484,SUPRA D MAX GOTAS 2000 UI 1X10,IAG PHARMA,0000185921,6 UN.,785693,2523/2021,19/08/2021,"RUA CORONEL OLIVEIRA LIMA 478, CENTRO -SANTO ANDRÉ",-
485,SUPRASENIOR CHOCOLATE 1x400G,IAG PHARMA DISTRIBUIDORA,5068L2020,1 UN.,777754,AE0410-1/2021,07/07/2021,"RUA. CAPITÃO JOSÉ GALO 147, RIBEIRÃO PIRES",SP
486,SUPRASENIOR SEM SABOR 1x400G,IAG PHARMA DISTRIBUIDORA,6486L2015,2 UN.,777750,AE0410-1/2021,07/07/2021,"RUA. CAPITÃO JOSÉ GALO 147, RIBEIRÃO PIRES",SP
487,SUPRASENIOR SEM SABOR 1X400G,IAG PHARMA,6486L2016,2 UN.,785693,2523/2021,19/08/2021,"RUA CORONEL OLIVEIRA LIMA 478, CENTRO -SANTO ANDRÉ",-
488,VALDA FRESH SPRAY 35ML,LABORATORIO CANONNE LTDA,008/20,1,16329201,8435;8517;8630;8679/2021,08/09/2021,FRANCA,SP
489,VELUS,APSEN,21030310,50 CX,501366,052-01835/2021,15/04/2021,NOVA IGUAÇU,RJ
490,VIELUT 10 4BLTX15 COM.REV.SUPL AL-L,EMS,2G4598,14,547345,00061716/2021,28/08/2021,"BR 153, à 08km de Colinas no KM 151",-
491,VITA JR SOL ORAL FR C/ 120 ML (AL),"UNIÃO QUÍMICA FARMACÊUTICANACIONAL",2028689,6 UN,000310659-1,1884088/2020,03/12/2020,SÃO PAULO,SP
492,VITA JR SOL ORAL FR C/ 120 ML (AL),"UNIÃO QUÍMICA FARMACÊUTICANACIONAL",2102250,2 UN,000370962-1,1116847/2021,23/06/2021,SÃO PAULO,SP
493,VITA JR SOL ORAL FR C/ 120 ML (AL),"UNIÃO QUÍMICA FARMACÊUTICANACIONAL",2108693,1 UN,000395628-1,1120/2021,10/09/2021,SUMARÉ,SP
494,VITA JR SOL ORAL FR C/ 120 ML (AL),"UNIÃO QUÍMICA FARMACÊUTICANACIONAL",2108695,2 UN,000408493-1,AT4080-1/2021,21/10/2021,SÃO PAULO,SP
495,VITA MUNE CABELOS E UNHAS,"CIMED INDÚSTRIA DEMEDICAMENTOS LTDA",2114232,6,131942,071-0362/2021-02,09/09/2021,-,-
Ordem,Produto*,Empresa*,No de Série/ Lote*,"Quantidade Roubada/ Furtada/Extraviada*",No Nota Fiscal*,No Boletim de Ocorrência*,"Data do roubo ouextravio*",Cidade*,UF*
496,VITA MUNE CABELOS E UNHAS CAPS 2BL X 15,"NUTRACOM INDÚSTRIA ECOMÉRCIO LTDA",2105532,10,86009 / 85740,090-01936/2021,14/05/2021,ITAGUAÍ,RJ
497,VITA MUNE CABELOS E UNHAS CAPS 2BL X 15,"CIMED INDUSTRIA DEMEDICAMENTOS LTDA",2113115,30,689426,2021-038746715-001,12/08/2021,BORDA DA MATA - MG,MG
498,VITA MUNE CALCIO 600 MG COMP FR X 60,"NUTRACOM INDUSTRIA ECOMÉRCIO LTDA",2022884,3,592.780,2021-009618257-001,24/02/2021,CONTAGEM,MG
499,VITA MUNE CALCIO 600 MG COMP FR X 60,"NUTRACOM INDÚSTRIA ECOMÉRCIO LTDA",2103750,3,85740,090-01936/2021,14/05/2021,ITAGUAÍ,RJ
500,VITA MUNE HOMEM,"CIMED INDÚSTRIA DEMEDICAMENTOS LTDA",2114571,6,131942,071-0362/2021-02,09/09/2021,-,-
501,VITA MUNE HOMEM COMP REV FR X 60,"NUTRACOM INDUSTRIA ECOMÉRCIO LTDA",2101308,6,592.480,2021-009618257-001,24/02/2021,CONTAGEM,MG
502,VITA MUNE HOMEM COMP REV FR X 60,"NUTRACOM INDUSTRIA ECOMÉRCIO LTDA",2101308,3,592.780,2021-009618257-001,24/02/2021,CONTAGEM,MG
503,VITA MUNE KIDS COMP MAST FR X 60,"NUTRACOM INDÚSTRIA ECOMÉRCIO LTDA",2021157,3,85740,090-01936/2021,14/05/2021,ITAGUAÍ,RJ
504,VITA MUNE MULHER,"CIMED INDÚSTRIA DEMEDICAMENTOS LTDA",2114536,6,131942,071-0362/2021-02,09/09/2021,-,-
505,VITA MUNE MULHER COMP REV FR X 60,"NUTRACOM INDUSTRIA ECOMÉRCIO LTDA",2101296,6,592.480,2021-009618257-001,24/02/2021,CONTAGEM,MG
506,VITA MUNE MULHER COMP REV FR X 60,"NUTRACOM INDUSTRIA ECOMÉRCIO LTDA",2101296,3,592.780,2021-009618257-001,24/02/2021,CONTAGEM,MG
507,VITA MUNE MULHER COMP REV FR X 60,"NUTRACOM INDÚSTRIA ECOMÉRCIO LTDA",2106039,3,85740,090-01936/2021,14/05/2021,ITAGUAÍ,RJ
508,VITA MUNE OMEGA CAP FR X 60,"NUTRACOM INDÚSTRIA ECOMÉRCIO LTDA",2106163,6,86009 / 85740,090-01936/2021,14/05/2021,ITAGUAÍ,RJ
509,VITA SENIOR CAP X 30 (AL),"UNIÃO QUÍMICA FARMACÊUTICANACIONAL",2034711,1 UN,000327278-1,18.385.844,05/02/2021,SÃO PAULO,SP
510,VITA SENIOR CAP X 30 (AL),"UNIÃO QUÍMICA FARMACÊUTICANACIONAL",2039884,2 UN,000370962-1,1116847/2021,23/06/2021,SÃO PAULO,SP
511,VITA SENIOR CAP X 30 (AL),"UNIÃO QUÍMICA FARMACÊUTICANACIONAL",2039884,3 UN,000377591-1,AF5668-1/2021,16/07/2021,EMBU DAS ARTES,SP
512,VITA SENIOR CAP X 30 (AL),"UNIÃO QUÍMICA FARMACÊUTICANACIONAL",2034712,2 UN,336953,19521395,25/03/2021,RIBEIRÃO PRETO,SP
513,VITA SENIOR CAP X 30 (AL),"UNIÃO QUÍMICA FARMACÊUTICANACIONAL",2039882,1 UN,000395628-1,1120/2021,10/09/2021,SUMARÉ,SP
514,VITA SUPRAZ CALCIO+D3 COM REV X 60 (AL),"UNIÃO QUÍMICA FARMACÊUTICANACIONAL",2046661,1 UN,000395628-1,1120/2021,10/09/2021,SUMARÉ,SP
515,VITA SUPRAZ CALCIO+D3 COM REV X 60 (AL),"UNIÃO QUÍMICA FARMACÊUTICANACIONAL",2046661,1 UN,000395598-1,1120/2021,10/09/2021,SUMARÉ,SP
516,VITA SUPRAZ COM REV X 60 (AL),"UNIÃO QUÍMICA FARMACÊUTICANACIONAL",2100004,4 UN,000360457-1,19858360,01/06/2021,POTIRENDABA,SP
517,VITA SUPRAZ COM REV X 60 (AL),"UNIÃO QUÍMICA FARMACÊUTICANACIONAL",2103577,1 UN,000370962-1,1116847/2021,23/06/2021,SÃO PAULO,SP
518,VITA SUPRAZ COM REV X 60 (AL),"UNIÃO QUÍMICA FARMACÊUTICANACIONAL",2103580,2 UN,000398276-1,AO8866-1/2038,18/09/2021,EMBU DAS ARTES,SP
519,VITA SUPRAZ COMP REV X 30 (AL),"UNIÃO QUÍMICA FARMACÊUTICANACIONAL",2108312,2 UN,000398276-1,AO8866-1/2037,18/09/2021,EMBU DAS ARTES,SP
520,VITA SUPRAZ HAIR X 60 CAP DURA (AL),"UNIÃO QUÍMICA FARMACÊUTICANACIONAL",2004399,1 UN,000389638-1,1905/2021,21/08/2021,SÃO PAULO,SP
521,VITA SUPRAZ HAIR X 60 CAP DURA (AL),"UNIÃO QUÍMICA FARMACÊUTICANACIONAL",2103580,2 UN,000398276-1,AO8866-1/2039,18/09/2021,EMBU DAS ARTES,SP
522,VITA SUPRAZ HOMEM COM REV X 60 (AL),"UNIÃO QUÍMICA FARMACÊUTICANACIONAL",2035816,3,172406,17163033,18/11/2020,UBERLÂNDIA,MG
523,VITA SUPRAZ HOMEM COM REV X 60 (AL),"UNIÃO QUÍMICA FARMACÊUTICANACIONAL",2111132,4 UN,000377940-1,1616/2021,16/07/2021,SÃO PAULO,SP
524,VITA SUPRAZ HOMEM COM REV X 60 (AL),"UNIÃO QUÍMICA FARMACÊUTICANACIONAL",2113305,1 UN,000395598-1,1120/2021,10/09/2021,SUMARÉ,SP
525,VITA SUPRAZ MULHER COM REV X 60 (AL),"UNIÃO QUÍMICA FARMACÊUTICANACIONAL",2027314,2,172406,17163033,18/11/2020,UBERLÂNDIA,MG
526,VITA SUPRAZ MULHER COM REV X 60 (AL),"UNIÃO QUÍMICA FARMACÊUTICANACIONAL",2109290,2 UN,000361196-1,919677/2020 - 1348/2021 E 768/2021,25/05/2021,SÃO PAULO,SP
527,VITA SUPRAZ MULHER COM REV X 60 (AL),"UNIÃO QUÍMICA FARMACÊUTICANACIONAL",2115284,3 UN,000377591-1,AF5668-1/2021,16/07/2021,EMBU DAS ARTES,SP
528,VITA SUPRAZ MULHER COM REV X 60 (AL),"UNIÃO QUÍMICA FARMACÊUTICANACIONAL",2115284,3 UN,000377940-1,1616/2021,16/07/2021,SÃO PAULO,SP
529,VITA SUPRAZ MULHER COM REV X 60 (AL),"UNIAO QUIMICA FARMACEUTICANACIONAL",2115284,12 UN,000377750-1,AF5668-1/2021,16/07/2021,EMBU DAS ARTES,SP
530,VITA SUPRAZ MULHER COM REV X 60 (AL),"UNIÃO QUÍMICA FARMACÊUTICANACIONAL",2040030,1 UN,336152,20455531,25/03/2021,SÃO JOSÉ DO RIO PRETO,SP
531,VITA SUPRAZ MULHER COM REV X 60 (AL),"UNIÃO QUÍMICA FARMACÊUTICANACIONAL",2114894,1 UN,000395598-1,1120/2021,10/09/2021,SUMARÉ,SP
Ordem,Produto*,Empresa*,No de Série/ Lote*,"Quantidade Roubada/ Furtada/Extraviada*",No Nota Fiscal*,No Boletim de Ocorrência*,"Data do roubo ouextravio*",Cidade*,UF*
532,VITA SUPRAZ MULHER COM REV X 60 (AL),"UNIÃO QUÍMICA FARMACÊUTICANACIONAL",2115233,1 UN,000408371-1,AT4080-1/2021,21/10/2021,SÃO PAULO,SP
533,VITA SUPRAZ MULHER COM REV X 60 (AL),"UNIÃO QUÍMICA FARMACÊUTICANACIONAL",2115233,1 UN,000408521-1,AT4080-1/2021,21/10/2021,SÃO PAULO,SP
534,VITA SUPRAZ VIT E CAP MOLE X 30 (AL),"UNIÃO QUÍMICA FARMACÊUTICANACIONAL",2118654,1 UN,000395628-1,1120/2021,10/09/2021,SUMARÉ,SP
535,VITA SUPRAZ VIT E CAP MOLE X 30 (AL),"UNIÃO QUÍMICA FARMACÊUTICANACIONAL",2118654,1 UN,000395598-1,1120/2021,10/09/2021,SUMARÉ,SP
536,VITA SUPRAZ VIT E CAP MOLE X 30 (AL),"UNIÃO QUÍMICA FARMACÊUTICANACIONAL",2118654,3 UN,000398264-1,AO8866-1/2022,18/09/2021,EMBU DAS ARTES,SP
537,VITA SUPRAZ VIT E CAP MOLE X 30 (AL),"UNIÃO QUÍMICA FARMACÊUTICANACIONAL",2118654,3 UN,000398254-1,AO8866-1/2033,18/09/2021,EMBU DAS ARTES,SP
538,VITAMINA D 2.000UI X20ML GOTAS-ALT,"ALTHAIA S.A. INDUSTRIAFARMACEUTICA",20090011A,6 FRASCOS,85.080,034-13344/2021,13/12/2021,"ESTRADA JOSÉ RICARDO   - BAIRRO:BANGU - MUNICÍPIO: RIO DE JANEIROESTADO: RIO DE JANEIRO",RJ
539,VITAMINA D 2.000UI X60 CAP (ALIM),"ALTHAIA S.A. INDUSTRIAFARMACEUTICA",21070027,12 CARTUCHOS,85.080,034-13344/2021,13/12/2021,"ESTRADA JOSÉ RICARDO   - BAIRRO:BANGU - MUNICÍPIO: RIO DE JANEIROESTADO: RIO DE JANEIRO",RJ
540,VITAMINA D 500UI X20ML GOTAS-ALT,"ALTHAIA S.A. INDUSTRIAFARMACEUTICA",20090009,13 FRASCOS,85.080,034-13344/2021,13/12/2021,"ESTRADA JOSÉ RICARDO   - BAIRRO:BANGU - MUNICÍPIO: RIO DE JANEIROESTADO: RIO DE JANEIRO",RJ
541,VITAMINA D CIMED 1.000 UI X 30 CPRV,"NUTRACOM INDÚSTRIA ECOMÉRCIO LTDA",2107769,10,86009 / 85941 / 85740,090-01936/2021,14/05/2021,ITAGUAÍ,RJ
542,VITAMINA D3 2000 UI C/ 30 CAPS GEL,"ALTHAIA S.A. INDUSTRIAFARMACEUTICA",20100211,28 UNIDADES (CARTUCHOS),41412,00277/2021.011707-5,13/01/2021,"PRÉDIO RUA: BR-316, RODOVIA - DO KM2,500 AO KM 4,300",
543,VITASUPRAZ IMUNO COMPLEX FR X 30 (AL),"UNIÃO QUÍMICA FARMACÊUTICANACIONAL",2034214,1 UN,000395628-1,1120/2021,10/09/2021,SUMARÉ,SP
544,VITASUPRAZ IMUNO COMPLEX FR X 30 (AL),"UNIÃO QUÍMICA FARMACÊUTICANACIONAL",2034214,1 UN,000395598-1,1120/2021,10/09/2021,SUMARÉ,SP
545,VITASUPRAZ IMUNO COMPLEX FR X 30 (AL),"UNIÃO QUÍMICA FARMACÊUTICANACIONAL",2034214,2 UN,000398276-1,AO8866-1/2040,18/09/2021,EMBU DAS ARTES,SP
546,VITASUPRAZ IMUNO COMPLEX FR X 30 (AL),0,2034215,1 UN,000408521-1,AT4080-1/2021,21/10/2021,SÃO PAULO,SP
547,VITAXON 20ML SOL GTS 1CT X 200CT,Airela Indústria Farmacêutica LTDA,21C0072,2000,42167,165,01/07/2021,SERRA DE TEIXEIRA - PB 262,PB
548,VITAXON 20ML SOL GTS 1CT X 200CT,Airela Indústria Farmacêutica LTDA,21C0072,2000,42166,165,01/07/2021,SERRA DE TEIXEIRA - PB 262,PB
549,VITAXON C + ZINCO C/10 CP EFERV X120CT,Airela Indústria Farmacêutica LTDA,21F0144,3000,42373,165,01/07/2021,SERRA DE TEIXEIRA - PB 262,PB
550,VITAXON C + ZINCO C/10 CP EFERV X120CT,Airela Indústria Farmacêutica LTDA,21F0144,3120,42370,165,01/07/2021,SERRA DE TEIXEIRA - PB 262,PB
551,VITAXON C + ZINCO C/10 CP EFERV X120CT,Airela Indústria Farmacêutica LTDA,21F0145,3120,42377,165,01/07/2021,SERRA DE TEIXEIRA - PB 262,PB
552,VITAXON C + ZINCO C/10 CP EFERV X120CT,Airela Indústria Farmacêutica LTDA,21F0144,3120,42350,165,01/07/2021,SERRA DE TEIXEIRA - PB 262,PB
553,VITAXON C + ZINCO C/10 CP EFERV X120CT,Airela Indústria Farmacêutica LTDA,21F0144,600,42372,165,01/07/2021,SERRA DE TEIXEIRA - PB 262,PB
554,VITAXON C + ZINCO C/10 CP EFERV X120CT,Airela Indústria Farmacêutica LTDA,21F0145,2160,42372,165,01/07/2021,SERRA DE TEIXEIRA - PB 262,PB
555,"VITAXON C 6G IMUNO COMPLEX C/10CPE120CT",Airela Indústria Farmacêutica LTDA,21B0374,360,42170,165,01/07/2021,SERRA DE TEIXEIRA - PB 262,PB
556,"VITAXON C 6G IMUNO COMPLEX C/10CPE120CT",Airela Indústria Farmacêutica LTDA,21B0374,1200,42167,165,01/07/2021,SERRA DE TEIXEIRA - PB 262,PB
557,"VITAXON C ACAO PROLONGADA C/24 CPX50CT",Airela Indústria Farmacêutica LTDA,20J0045,600,42167,165,01/07/2021,SERRA DE TEIXEIRA - PB 262,PB
558,VITAXON C COMPLEX IMUNO C/30 CPR 50CT,Airela Indústria Farmacêutica LTDA,21E0394,200,42187,165,01/07/2021,SERRA DE TEIXEIRA - PB 262,PB
559,VITAXON C COMPLEX IMUNO C/30 CPR 50CT,Airela Indústria Farmacêutica LTDA,21E0394,600,42167,165,01/07/2021,SERRA DE TEIXEIRA - PB 262,PB
560,VITAXON C COMPLEX IMUNO C/30 CPR 50CT,Airela Indústria Farmacêutica LTDA,21E0394,250,42174,165,01/07/2021,SERRA DE TEIXEIRA - PB 262,PB
561,VITAXON C KIDS 120ML SOL OR 48CT,Airela Indústria Farmacêutica LTDA,21E0373,336,42167,165,01/07/2021,SERRA DE TEIXEIRA - PB 262,PB
562,VITAXON C TRIPL ACAO IMUNO C/30 CPR 50CT,Airela Indústria Farmacêutica LTDA,21F0147,1000,42374,165,01/07/2021,SERRA DE TEIXEIRA - PB 262,PB
563,VITAXON C TRIPL ACAO IMUNO C/30 CPR 50CT,Airela Indústria Farmacêutica LTDA,21F0146,50,42347,165,01/07/2021,SERRA DE TEIXEIRA - PB 262,PB
564,VITAXON C TRIPL ACAO IMUNO C/30 CPR 50CT,Airela Indústria Farmacêutica LTDA,21F0146,5750,42348,165,01/07/2021,SERRA DE TEIXEIRA - PB 262,PB
565,VITAXON C TRIPL ACAO IMUNO C/30 CPR 50CT,Airela Indústria Farmacêutica LTDA,21F0147,250,42348,165,01/07/2021,SERRA DE TEIXEIRA - PB 262,PB
566,VITAXON C TRIPL ACAO IMUNO C/30 CPR 50CT,Airela Indústria Farmacêutica LTDA,21F0147,600,42350,165,01/07/2021,SERRA DE TEIXEIRA - PB 262,PB
Ordem,Produto*,Empresa*,No de Série/ Lote*,"Quantidade Roubada/ Furtada/Extraviada*",No Nota Fiscal*,No Boletim de Ocorrência*,"Data do roubo ouextravio*",Cidade*,UF*
567,VITAXON C TRIPLA ACAO C/30 CP EFERVX40CT,Airela Indústria Farmacêutica LTDA,21F0210,400,42374,165,01/07/2021,SERRA DE TEIXEIRA - PB 262,PB
568,VITAXON C TRIPLA ACAO C/30 CP EFERVX40CT,Airela Indústria Farmacêutica LTDA,21F0210,360,42376,165,01/07/2021,SERRA DE TEIXEIRA - PB 262,PB
569,VITAXON C TRIPLA ACAO C/30 CP EFERVX40CT,Airela Indústria Farmacêutica LTDA,21F0210,200,42368,165,01/07/2021,SERRA DE TEIXEIRA - PB 262,PB
570,VITAXON C ZINCO 20ML SOL GTS 200CT,Airela Indústria Farmacêutica LTDA,21E0492,800,42170,165,01/07/2021,SERRA DE TEIXEIRA - PB 262,PB
571,VITAXON C ZINCO 20ML SOL GTS 200CT,Airela Indústria Farmacêutica LTDA,21E0492,800,42167,165,01/07/2021,SERRA DE TEIXEIRA - PB 262,PB
572,VITAXON C ZINCO 20ML SOL GTS 200CT,Airela Indústria Farmacêutica LTDA,21E0492,800,42166,165,01/07/2021,SERRA DE TEIXEIRA - PB 262,PB
573,"VITAXON DZINCO 2000UI+30MG C/30CPRX50CT",Airela Indústria Farmacêutica LTDA,20H0259,300,42167,165,01/07/2021,SERRA DE TEIXEIRA - PB 262,PB
574,Vitergyl,Cifarma,6FA05,13 UN,229345,190-00514/2021,12/03/2021,Aparecida de Goiânia,GO
575,VOXX 100% PRO ISO PO SAC 900G SBR BAU,"NUTRACOM INDÚSTRIA ECOMÉRCIO LTDA",2104746,2,85941 / 85740,090-01936/2021,14/05/2021,ITAGUAÍ,RJ
576,VOXX 100% PRO ISO PO SAC 900G SBR CHOC,"NUTRACOM INDÚSTRIA ECOMÉRCIO LTDA",2104944,2,85941 / 85740,090-01936/2021,14/05/2021,ITAGUAÍ,RJ
577,VOXX 100% PRO ISO PO SAC 900G SBR MOR,"NUTRACOM INDÚSTRIA ECOMÉRCIO LTDA",2103275,2,85941 / 85740,090-01936/2021,14/05/2021,ITAGUAÍ,RJ
578,VOXX 100% PRO WHEY PO SAC 900G SBR BAU,"NUTRACOM INDÚSTRIA ECOMÉRCIO LTDA",2104466,2,85941 / 85740,090-01936/2021,14/05/2021,ITAGUAÍ,RJ
579,VOXX 100% PRO WHEY PO SAC 900G SBR MOR,"NUTRACOM INDÚSTRIA ECOMÉRCIO LTDA",2104468,2,85941 / 85740,090-01936/2021,14/05/2021,ITAGUAÍ,RJ
580,VOXX 100% PRO WHEY SAC 900G SBR CHOC,"NUTRACOM INDÚSTRIA ECOMÉRCIO LTDA",2105481,2,85941 / 85740,090-01936/2021,14/05/2021,ITAGUAÍ,RJ
581,VOXX CAFFEINE CAPS PT C/ 100,"NUTRACOM INDÚSTRIA ECOMÉRCIO LTDA",2106941,3,85941 / 85740,090-01936/2021,14/05/2021,ITAGUAÍ,RJ
582,VOXX CREATINE,"CIMED INDÚSTRIA DEMEDICAMENTOS LTDA",2116888,5,131712,071-0362/2021-02,09/09/2021,-,-
583,VOXX ELITE MASS,"CIMED INDÚSTRIA DEMEDICAMENTOS LTDA",2106522,1,131712,071-0362/2021-02,09/09/2021,-,-
584,"VOXX ELITE MASS PO SAC 2,560 KG SBR BAU","NUTRACOM INDÚSTRIA ECOMÉRCIO LTDA",2103972,2,85941 / 85740,090-01936/2021,14/05/2021,ITAGUAÍ,RJ
585,"VOXX ELITE MASS PO SAC 2,560 KG SBR CHOC","NUTRACOM INDÚSTRIA ECOMÉRCIO LTDA",2102603,2,85941 / 85740,090-01936/2021,14/05/2021,ITAGUAÍ,RJ
586,"VOXX ELITE MASS PO SAC 2,560 KG SBR MOR","NUTRACOM INDÚSTRIA ECOMÉRCIO LTDA",2104088,2,85941 / 85740,090-01936/2021,14/05/2021,ITAGUAÍ,RJ
587,VOXX L-GLUTAMINA PO PT 120G,"NUTRACOM INDÚSTRIA ECOMÉRCIO LTDA",2101340,3,85941 / 85740,090-01936/2021,14/05/2021,ITAGUAÍ,RJ
588,ZEROLAC,"MAXINUTRI LABORATÓRIONUTRACÊUTICO EIRELI- EPP",0100,1 UN,000408653-1,AT4080-1/2021,21/10/2021,SÃO PAULO,SP
589,"ZINQUA 29,56MG C/ 30 CP 50CT",Airela Indústria Farmacêutica LTDA,21E0119,50,42170,165,01/07/2021,SERRA DE TEIXEIRA - PB 262,PB
590,"ZINQUA 29,56MG C/ 30 CP 50CT",Airela Indústria Farmacêutica LTDA,21E0119,200,42166,165,01/07/2021,SERRA DE TEIXEIRA - PB 262,PB
