"",Produto*,Empresa*,No Lote*,"*QuantidadeRoubada/Furtada/Extraviada",*No Nota Fiscal*,"*No Boletim deOcorrência*","*Data do rouboou extravio","*Local doroubo ouextravio"
1,"ACNE SOLUTION LOCAOSECATIVA FPS 30 INCOLOR50ML","ADCOS INDÚSTRIA ECOMERCIO LTDA.",83922,12,29095,29905599,19/8/2016,"MIMOSO SOSUL - ES"
2,"ACNE SOLUTION LOCAOSECATIVA FPS 30TONALIZANTE 50ML","ADCOS INDÚSTRIA ECOMERCIO LTDA.",81379,50,29095,29905599,19/8/2016,"MIMOSO SOSUL - ES"
3,"ACNEZIL LENCODEMAQUILANTE SAC C/20UN","NUTRACOM INDÚSTRIAE COMÉRCIO LTDA",LOTE: 1605929,312 SACOS,17026,918-00943/2016,23/9/2016,"ETR RIODOURO 801,BL 01 - PQCOLUMBIA -PAVUNA -RIO DEJANEIRO/RJ"
4,"ACNEZIL SAB BARRA CARTX 90G FORM FORTE","NUTRACOM INDÚSTRIAE COMÉRCIO LTDA",LOTE: 1608343,100 CARTUCHOS,17026,918-00943/2016,23/9/2016,"ETR RIODOURO 801,BL 01 - PQCOLUMBIA -PAVUNA -RIO DEJANEIRO/RJ"
5,"ACNEZIL SABONETELIQUIDO FACIAL FR 200ML","NUTRACOM INDÚSTRIAE COMÉRCIO LTDA",LOTE: 1609998,120,5055,918-00943/2016,23/9/2016,"ETR RIODOURO 801,BL 01 - PQCOLUMBIA -PAVUNA -RIO DEJANEIRO/RJ"
6,ACQUAGEL NATURAL,"KLEY HERTZFARMACÊUTICA S/A",86885,6,57337,"BO no xxxxREDS 2016-001603880001",21/1/2016,"SÃO JOSÉDA LAGOA -MINASGERAIS"
7,ACQUAGEL NATURAL,"KLEY HERTZFARMACÊUTICA S/A",86885,4,57341,"BO no xxxxREDS 2016-001603880001",21/1/2016,"SÃO JOSÉDA LAGOA -MINASGERAIS"
"",Produto*,Empresa*,No Lote*,"*QuantidadeRoubada/Furtada/Extraviada",*No Nota Fiscal*,"*No Boletim deOcorrência*","*Data do rouboou extravio","*Local doroubo ouextravio"
8,ACTINE BARRA,"LABORATÓRIOS PIERREFABRE DO BRASIL LTDA",1501378,1656,47668,918-00487/2016-1,16/5/2016,"AV BRASIL /CAMPOGRANDE"
9,ACTINE ESFOLIANTE,"LABORATÓRIOS PIERREFABRE DO BRASIL LTDA",1501191,32,47668,918-00487/2016-1,16/5/2016,"AV BRASIL /CAMPOGRANDE"
10,ACTINE LIQUIDO 140 ML,"LABORATÓRIOS PIERREFABRE DO BRASIL LTDA",1600231,451,47668,918-00487/2016-1,16/5/2016,"AV BRASIL /CAMPOGRANDE"
11,ACTINE LIQUIDO 140 ML,"LABORATÓRIOS PIERREFABRE DO BRASIL LTDA",1400280,36,49869,918-00487/2016-1,16/5/2016,"AV BRASIL /CAMPOGRANDE"
12,ACTINE LIQUIDO 240 ML,"LABORATÓRIOS PIERREFABRE DO BRASIL LTDA",1600424,32,47668,918-00487/2016-1,16/5/2016,"AV BRASIL /CAMPOGRANDE"
13,"ACTINE LOÇÃOADSTRINGENTE","LABORATÓRIOS PIERREFABRE DO BRASIL LTDA",1600465,20,47668,918-00487/2016-1,16/5/2016,"AV BRASIL /CAMPOGRANDE"
14,Actine protetor solar FPS 30,"LABORATÓRIOS PIERREFABRE DO BRASIL LTDA",1400754,50,47665,918-00487/2016-1,16/5/2016,"AV BRASIL /CAMPOGRANDE"
15,Actine protetor solar FPS 30,"LABORATÓRIOS PIERREFABRE DO BRASIL LTDA",1500289,50,47665,918-00487/2016-1,16/5/2016,"AV BRASIL /CAMPOGRANDE"
16,Actine Protetor Solar FPS 30,"LABORATÓRIOS PIERREFABRE DO BRASIL LTDA",1501384,86,47668,918-00487/2016-1,16/5/2016,"AV BRASIL /CAMPOGRANDE"
17,ACTINE SABONETE BARRA,"LABORATÓRIOS PIERREFABRE DO BRASIL LTDA",1400461,179,47665,918-00487/2016-1,16/5/2016,"AV BRASIL /CAMPOGRANDE"
18,"ACTINE SABONETE BARRA80G","LABORATÓRIOS PIERREFABRE DO BRASIL LTDA",1500225,86,47665,918-00487/2016-1,16/5/2016,"AV BRASIL /CAMPOGRANDE"
19,"ACTINE SABONETE BARRA80G","LABORATÓRIOS PIERREFABRE DO BRASIL LTDA",1500226,100,47665,918-00487/2016-1,16/5/2016,"AV BRASIL /CAMPOGRANDE"
"",Produto*,Empresa*,No Lote*,"*QuantidadeRoubada/Furtada/Extraviada",*No Nota Fiscal*,"*No Boletim deOcorrência*","*Data do rouboou extravio","*Local doroubo ouextravio"
20,"ACTINE SABONETE BARRA80G","LABORATÓRIOS PIERREFABRE DO BRASIL LTDA",1500338,100,47665,918-00487/2016-1,16/5/2016,"AV BRASIL /CAMPOGRANDE"
21,Actine Sabonete líquido,"LABORATÓRIOS PIERREFABRE DO BRASIL LTDA",1400136,20,47665,918-00487/2016-1,16/5/2016,"AV BRASIL /CAMPOGRANDE"
22,Actine Sabonete líquido,"LABORATÓRIOS PIERREFABRE DO BRASIL LTDA",1400641,40,47665,918-00487/2016-1,16/5/2016,"AV BRASIL /CAMPOGRANDE"
23,Actine Sabonete líquido,"LABORATÓRIOS PIERREFABRE DO BRASIL LTDA",1400642,40,47665,918-00487/2016-1,16/5/2016,"AV BRASIL /CAMPOGRANDE"
24,Actine Sabonete líquido,"LABORATÓRIOS PIERREFABRE DO BRASIL LTDA",1500865,86,47668,918-00487/2016-1,16/5/2016,"AV BRASIL /CAMPOGRANDE"
25,AGAN SHAMPOO 1L,ABA COSMÉTICOS,10022516,1,28338,860/2016,24/2/2016,SÃO PAULO
26,AGAN SHAMPOO 1L,ABA COSMÉTICOS,10019116,1,28338,860/2016,24/2/2016,SÃO PAULO
27,AGAN SHAMPOO 1L,ABA COSMÉTICOS,10023516,1,28338,860/2016,24/2/2016,SÃO PAULO
28,AGAN SHAMPOO 1L,ABA COSMÉTICOS,10019016,1,28338,860/2016,24/2/2016,SÃO PAULO
29,Água Micelar,"Genomma Laboratories doBrasil",160130,12 unidades,40712-1,9229/2016,12/12/2016,"Montenegro/RS"
30,AGUA TERMAL 150 ML,"LABORATÓRIOS PIERREFABRE DO BRASIL LTDA",AV5896C,60,49870,918-00487/2016-1,16/5/2016,"AV BRASIL /CAMPOGRANDE"
31,AGUA TERMAL 150 ML,"LABORATÓRIOS PIERREFABRE DO BRASIL LTDA",AV5906C,84,49870,918-00487/2016-1,16/5/2016,"AV BRASIL /CAMPOGRANDE"
32,AGUA TERMAL 300 ML,"LABORATÓRIOS PIERREFABRE DO BRASIL LTDA",AV5905C,60,49870,918-00487/2016-1,16/5/2016,"AV BRASIL /CAMPOGRANDE"
33,AGUA TERMAL 300 ML,"LABORATÓRIOS PIERREFABRE DO BRASIL LTDA",AV5912C,11,49870,918-00487/2016-1,16/5/2016,"AV BRASIL /CAMPOGRANDE"
34,AGUA TERMAL 300 ML,"LABORATÓRIOS PIERREFABRE DO BRASIL LTDA",AV5922C,956,49870,918-00487/2016-1,16/5/2016,"AV BRASIL /CAMPOGRANDE"
"",Produto*,Empresa*,No Lote*,"*QuantidadeRoubada/Furtada/Extraviada",*No Nota Fiscal*,"*No Boletim deOcorrência*","*Data do rouboou extravio","*Local doroubo ouextravio"
35,AGUA TERMAL 300 ML,"LABORATÓRIOS PIERREFABRE DO BRASIL LTDA",AV5912C,2,49286,918-00487/2016-1,16/5/2016,"AV BRASIL /CAMPOGRANDE"
36,AGUA TERMAL 50 ML,"LABORATÓRIOS PIERREFABRE DO BRASIL LTDA",AV5907B,276,49870,918-00487/2016-1,16/5/2016,"AV BRASIL /CAMPOGRANDE"
37,AGUA TERMAL 50ML,"LABORATÓRIOS PIERREFABRE DO BRASIL LTDA",AV5744B,10,49869,918-00487/2016-1,16/5/2016,"AV BRASIL /CAMPOGRANDE"
38,ANTIROUGEURS CALM,"LABORATÓRIOS PIERREFABRE DO BRASIL LTDA",AV187,24,49870,918-00487/2016-1,16/5/2016,"AV BRASIL /CAMPOGRANDE"
39,ANTIROUGEURS FORT,"LABORATÓRIOS PIERREFABRE DO BRASIL LTDA",AV160,12,49870,918-00487/2016-1,16/5/2016,"AV BRASIL /CAMPOGRANDE"
40,ANTIROUGEURS FORT,"LABORATÓRIOS PIERREFABRE DO BRASIL LTDA",AV162,120,49870,918-00487/2016-1,16/5/2016,"AV BRASIL /CAMPOGRANDE"
41,"ANTIROUGEURS LEITE DELIMPEZA","LABORATÓRIOS PIERREFABRE DO BRASIL LTDA",F297,24,49870,918-00487/2016-1,16/5/2016,"AV BRASIL /CAMPOGRANDE"
42,"ANTIROUGEURS LEITE DELIMPEZA","LABORATÓRIOS PIERREFABRE DO BRASIL LTDA",F268,400,49286,918-00487/2016-1,16/5/2016,"AV BRASIL /CAMPOGRANDE"
43,"ARGAN BALSAMOCONDICIONADOR 1L",ABA COSMÉTICOS,10023916,1,28338,860/2016,24/2/2016,SÃO PAULO
44,"ARGAN BALSAMOCONDICIONADOR 1L",ABA COSMÉTICOS,10023716,1,28338,860/2016,24/2/2016,SÃO PAULO
45,"ARGAN BALSAMOCONDICIONADOR 1L",ABA COSMÉTICOS,10023316,1,28338,860/2016,24/2/2016,SÃO PAULO
46,"ARGAN BALSAMOCONDICIONADOR 1L",ABA COSMÉTICOS,10001016,1,28338,860/2016,24/2/2016,SÃO PAULO
47,"ARGAN BALSAMOCONDICIONADOR 1L",ABA COSMÉTICOS,10002416,1,28338,860/2016,24/2/2016,SÃO PAULO
48,"ARGAN BALSAMOCONDICIONADOR 1L",ABA COSMÉTICOS,10001216,1,28338,860/2016,24/2/2016,SÃO PAULO
"",Produto*,Empresa*,No Lote*,"*QuantidadeRoubada/Furtada/Extraviada",*No Nota Fiscal*,"*No Boletim deOcorrência*","*Data do rouboou extravio","*Local doroubo ouextravio"
49,"ARGAN BALSAMOCONDICIONADOR 1L",ABA COSMÉTICOS,10000816,1,28338,860/2016,24/2/2016,SÃO PAULO
50,"ARGAN BALSAMOCONDICIONADOR 1L",ABA COSMÉTICOS,10019816,1,28338,860/2016,24/2/2016,SÃO PAULO
51,"ARGAN BALSAMOCONDICIONADOR 1L",ABA COSMÉTICOS,10019616,1,28338,860/2016,24/2/2016,SÃO PAULO
52,"ARGAN BALSAMOCONDICIONADOR 1L",ABA COSMÉTICOS,10019916,1,28338,860/2016,24/2/2016,SÃO PAULO
53,"ARGAN BALSAMOCONDICIONADOR 1L",ABA COSMÉTICOS,10019716,1,28338,860/2016,24/2/2016,SÃO PAULO
54,"ARGAN BALSAMOCONDICIONADOR 1L",ABA COSMÉTICOS,10028616,1,28338,860/2016,24/2/2016,SÃO PAULO
55,"ARGAN BALSAMOCONDICIONADOR 1L",ABA COSMÉTICOS,10029416,1,28338,860/2016,24/2/2016,SÃO PAULO
56,"ARGAN BALSAMOCONDICIONADOR 1L",ABA COSMÉTICOS,10016016,1,28338,860/2016,24/2/2016,SÃO PAULO
57,"ARGAN BALSAMOCONDICIONADOR 1L",ABA COSMÉTICOS,10028416,1,28338,860/2016,24/2/2016,SÃO PAULO
58,"ARGAN BALSAMOCONDICIONADOR 1L",ABA COSMÉTICOS,10035616,1,28338,860/2016,24/2/2016,SÃO PAULO
59,"ARGAN BALSAMOCONDICIONADOR 1L",ABA COSMÉTICOS,10040816,1,28338,860/2016,24/2/2016,SÃO PAULO
60,"ARGAN BALSAMOCONDICIONADOR 1L",ABA COSMÉTICOS,10035116,1,28338,860/2016,24/2/2016,SÃO PAULO
61,"ARGAN BALSAMOCONDICIONADOR 1L",ABA COSMÉTICOS,10032316,1,28338,860/2016,24/2/2016,SÃO PAULO
62,"ARGAN BALSAMOCONDICIONADOR 1L",ABA COSMÉTICOS,10031916,1,28338,860/2016,24/2/2016,SÃO PAULO
63,"ARGAN BALSAMOCONDICIONADOR 1L",ABA COSMÉTICOS,10031716,1,28338,860/2016,24/2/2016,SÃO PAULO
64,"ARGAN BALSAMOCONDICIONADOR 250 ML",ABA COSMÉTICOS,10007716,1,28338,860/2016,24/2/2016,SÃO PAULO
65,"ARGAN BALSAMOCONDICIONADOR 250 ML",ABA COSMÉTICOS,10034916,1,28338,860/2016,24/2/2016,SÃO PAULO
66,"ARGAN HAIR SHINE SPRAY400ML",ABA COSMÉTICOS,70000116,18,27913,860/2016,24/2/2016,SÃO PAULO
"",Produto*,Empresa*,No Lote*,"*QuantidadeRoubada/Furtada/Extraviada",*No Nota Fiscal*,"*No Boletim deOcorrência*","*Data do rouboou extravio","*Local doroubo ouextravio"
67,ARGAN LEAVE-IN 250ML,ABA COSMÉTICOS,10298115,1,28338,860/2016,24/2/2016,SÃO PAULO
68,"ARGAN MASCARATRATAMENTO 1KG",ABA COSMÉTICOS,10011516,1,28338,860/2016,24/2/2016,SÃO PAULO
69,"ARGAN MASCARATRATAMENTO 1KG",ABA COSMÉTICOS,10298815,1,28338,860/2016,24/2/2016,SÃO PAULO
70,"ARGAN MASCARATRATAMENTO 1KG",ABA COSMÉTICOS,10298915,1,28338,860/2016,24/2/2016,SÃO PAULO
71,"ARGAN MASCARATRATAMENTO 500G",ABA COSMÉTICOS,10004516,1,28338,860/2016,24/2/2016,SÃO PAULO
72,"ARGAN MASCARATRATAMENTO INTENSIVO250G",ABA COSMÉTICOS,10007316,1,28338,860/2016,24/2/2016,SÃO PAULO
73,"ARGAN NEW ADVANCEDANTI FRIZZ 1L",ABA COSMÉTICOS,10030016,1,28338,860/2016,24/2/2016,SÃO PAULO
74,"ARGAN NEW ADVANCEDANTI FRIZZ 250ML",ABA COSMÉTICOS,10029916,1,28338,860/2016,24/2/2016,SÃO PAULO
75,"ARGAN NEW ADVANCEDBALSAMO RECONSTRUTOR250ML",ABA COSMÉTICOS,10013416,1,28338,860/2016,24/2/2016,SÃO PAULO
76,"ARGAN NEW ADVANCEDSHAMPOO 1L",ABA COSMÉTICOS,10302415,1,28338,860/2016,24/2/2016,SÃO PAULO
77,"ARGAN NEW ADVANCEDSHAMPOO 250ML",ABA COSMÉTICOS,10279315,1,28338,860/2016,24/2/2016,SÃO PAULO
78,"ARGAN NEW ADVANCEDSHAMPOO 250ML",ABA COSMÉTICOS,10303715,1,28338,860/2016,24/2/2016,SÃO PAULO
79,ARGAN OLEO 60ML,ABA COSMÉTICOS,10041916,6,27893,860/2016,24/2/2016,SÃO PAULO
80,ARGAN SHAMPOO 1L,ABA COSMÉTICOS,10023116,1,28338,860/2016,24/2/2016,SÃO PAULO
81,ARGAN SHAMPOO 1L,ABA COSMÉTICOS,10319115,1,28338,860/2016,24/2/2016,SÃO PAULO
82,ARGAN SHAMPOO 1L,ABA COSMÉTICOS,10003516,1,28338,860/2016,24/2/2016,SÃO PAULO
83,ARGAN SHAMPOO 1L,ABA COSMÉTICOS,10003816,1,28338,860/2016,24/2/2016,SÃO PAULO
84,ARGAN SHAMPOO 1L,ABA COSMÉTICOS,10000616,1,28338,860/2016,24/2/2016,SÃO PAULO
85,ARGAN SHAMPOO 1L,ABA COSMÉTICOS,10000516,1,28338,860/2016,24/2/2016,SÃO PAULO
86,ARGAN SHAMPOO 1L,ABA COSMÉTICOS,10000216,1,28338,860/2016,24/2/2016,SÃO PAULO
87,ARGAN SHAMPOO 1L,ABA COSMÉTICOS,10018416,1,28338,860/2016,24/2/2016,SÃO PAULO
88,ARGAN SHAMPOO 1L,ABA COSMÉTICOS,10018516,1,28338,860/2016,24/2/2016,SÃO PAULO
89,ARGAN SHAMPOO 1L,ABA COSMÉTICOS,10022716,1,28338,860/2016,24/2/2016,SÃO PAULO
"",Produto*,Empresa*,No Lote*,"*QuantidadeRoubada/Furtada/Extraviada",*No Nota Fiscal*,"*No Boletim deOcorrência*","*Data do rouboou extravio","*Local doroubo ouextravio"
90,ARGAN SHAMPOO 1L,ABA COSMÉTICOS,10031016,1,28338,860/2016,24/2/2016,SÃO PAULO
91,ARGAN SHAMPOO 1L,ABA COSMÉTICOS,10035316,1,28338,860/2016,24/2/2016,SÃO PAULO
92,ARGAN SHAMPOO 1L,ABA COSMÉTICOS,10034716,1,28338,860/2016,24/2/2016,SÃO PAULO
93,ARGAN SHAMPOO 1L,ABA COSMÉTICOS,10034516,1,28338,860/2016,24/2/2016,SÃO PAULO
94,ARGAN SHAMPOO 1L,ABA COSMÉTICOS,10031216,1,28338,860/2016,24/2/2016,SÃO PAULO
95,ARGAN SHAMPOO 1L,ABA COSMÉTICOS,10035516,1,28338,860/2016,24/2/2016,SÃO PAULO
96,ARGAN SHAMPOO 1L,ABA COSMÉTICOS,10043816,1,28338,860/2016,24/2/2016,SÃO PAULO
97,ARGAN SHAMPOO 1L,ABA COSMÉTICOS,10021016,1,28338,860/2016,24/2/2016,SÃO PAULO
98,ARGAN SHAMPOO 1L,ABA COSMÉTICOS,10042316,1,28338,860/2016,24/2/2016,SÃO PAULO
99,ARGAN SHAMPOO 1L,ABA COSMÉTICOS,10043616,1,28338,860/2016,24/2/2016,SÃO PAULO
100,ARGAN SHAMPOO 1L,ABA COSMÉTICOS,10021216,1,28338,860/2016,24/2/2016,SÃO PAULO
101,ARGAN SHAMPOO 1L,ABA COSMÉTICOS,10029216,1,28338,860/2016,24/2/2016,SÃO PAULO
102,ARGAN SHAMPOO 1L,ABA COSMÉTICOS,10030816,1,28338,860/2016,24/2/2016,SÃO PAULO
103,ARGAN SHAMPOO 1L,ABA COSMÉTICOS,10028216,1,28338,860/2016,24/2/2016,SÃO PAULO
104,ARGAN SHAMPOO 1L,ABA COSMÉTICOS,10027616,1,28338,860/2016,24/2/2016,SÃO PAULO
105,ARGAN SHAMPOO 1L,ABA COSMÉTICOS,10030616,1,28338,860/2016,24/2/2016,SÃO PAULO
106,ARGAN SHAMPOO 1L,ABA COSMÉTICOS,10029016,1,28338,860/2016,24/2/2016,SÃO PAULO
107,ARGAN SHAMPOO 1L,ABA COSMÉTICOS,10027816,1,28338,860/2016,24/2/2016,SÃO PAULO
108,ARGAN SHAMPOO 1L,ABA COSMÉTICOS,10028016,1,28338,860/2016,24/2/2016,SÃO PAULO
109,ARGAN SHAMPOO 250ML,ABA COSMÉTICOS,10003616,1,28338,860/2016,24/2/2016,SÃO PAULO
110,ARGAN SHAMPOO 250ML,ABA COSMÉTICOS,10020816,1,28338,860/2016,24/2/2016,SÃO PAULO
111,ARGAN SHAMPOO 3L,ABA COSMÉTICOS,10022916,1,28338,860/2016,24/2/2016,SÃO PAULO
112,"ARGANPLEXRECONSTRUTOR 120ML",ABA COSMÉTICOS,10284615,1,28338,860/2016,24/2/2016,SÃO PAULO
113,"Asepxia Gel Ducha EsfoliantePET 250 ml","Genomma Laboratories doBrasil",N06163,36 unidades,40712-1,9229/2016,12/12/2016,"Montenegro/RS"
114,Asepxia Maquiagem Pó Bege,"Genomma Laboratories doBrasil",PG21066,12 unidades,40712-1,9229/2016,12/12/2016,"Montenegro/RS"
115,Asepxia Maquiagem Pó Bronze,"Genomma Laboratories doBrasil",PB21006,6 unidades,40712-1,9229/2016,12/12/2016,"Montenegro/RS"
116,"Asepxia Sabonete Enxofre AN90g","Genomma Laboratories doBrasil",025/16,60 unidades,40712-1,9229/2016,12/12/2016,"Montenegro/RS"
117,"Asepxia Sabonete EsfolianteAN 90g","Genomma Laboratories doBrasil",037/16,120 unidades,40712-1,9229/2016,12/12/2016,"Montenegro/RS"
118,"Asepxia Sabonete Herbário AN85g","Genomma Laboratories doBrasil",RJB,100 unidades,40712-1,9229/2016,12/12/2016,"Montenegro/RS"
"",Produto*,Empresa*,No Lote*,"*QuantidadeRoubada/Furtada/Extraviada",*No Nota Fiscal*,"*No Boletim deOcorrência*","*Data do rouboou extravio","*Local doroubo ouextravio"
119,"AVENE EMULSÃO 30 TOQUESECO","LABORATÓRIOS PIERREFABRE DO BRASIL LTDA",AV114,288,49869,918-00487/2016-1,16/5/2016,"AV BRASIL /CAMPOGRANDE"
120,"AVÈNE EMULSÃO 30 TOQUESECO","LABORATÓRIOS PIERREFABRE DO BRASIL LTDA",AV109,10,49869,918-00487/2016-1,16/5/2016,"AV BRASIL /CAMPOGRANDE"
121,"AVENE EMULSÃO 50 TOQUESECO","LABORATÓRIOS PIERREFABRE DO BRASIL LTDA",AV285,12,49869,918-00487/2016-1,16/5/2016,"AV BRASIL /CAMPOGRANDE"
122,AVENE STICK LABIAL FPS30,"LABORATÓRIOS PIERREFABRE DO BRASIL LTDA",F570,24,49796,918-00487/2016-1,16/5/2016,"AV BRASIL /CAMPOGRANDE"
123,"BABYMED AMENDOASCREM BG X 40 G","NUTRACOM INDÚSTRIAE COMÉRCIO LTDA",LOTE: 1609045,2400 CARTUCHOS,17026,918-00943/2016,23/9/2016,"ETR RIODOURO 801,BL 01 - PQCOLUMBIA -PAVUNA -RIO DEJANEIRO/RJ"
124,"BB CREAMCONDICIONADOR 250ML",ABA COSMÉTICOS,10008916,1,28338,860/2016,24/2/2016,SÃO PAULO
125,"BB CREAMCONDICIONADOR 250ML",ABA COSMÉTICOS,10279115,1,28338,860/2016,24/2/2016,SÃO PAULO
126,"BB CREAMCONDICIONADOR 500ML",ABA COSMÉTICOS,10009016,1,28338,860/2016,24/2/2016,SÃO PAULO
127,BB CREAM LEAVE-IN 500ML,ABA COSMÉTICOS,10010816,1,28338,860/2016,24/2/2016,SÃO PAULO
128,BB CREAM MASCARA 500G,ABA COSMÉTICOS,10004716,1,28338,860/2016,24/2/2016,SÃO PAULO
129,BB CREAM SHAMPOO 250ML,ABA COSMÉTICOS,10025116,1,28338,860/2016,24/2/2016,SÃO PAULO
"",Produto*,Empresa*,No Lote*,"*QuantidadeRoubada/Furtada/Extraviada",*No Nota Fiscal*,"*No Boletim deOcorrência*","*Data do rouboou extravio","*Local doroubo ouextravio"
130,"BEPANTRIZ DERMA CREMBG 20G","NUTRACOM INDÚSTRIAE COMÉRCIO LTDA",LOTE: 1606558,200 CARTUCHOS,17026,918-00943/2016,23/9/2016,"ETR RIODOURO 801,BL 01 - PQCOLUMBIA -PAVUNA -RIO DEJANEIRO/RJ"
131,"BEPANTRIZ DERMA SOL FRC/ 50 ML","NUTRACOM INDÚSTRIAE COMÉRCIO LTDA",LOTE: 1608276,300 CARTUCHOS,5055,918-00943/2016,23/9/2016,"ETR RIODOURO 801,BL 01 - PQCOLUMBIA -PAVUNA -RIO DEJANEIRO/RJ"
132,"BEPANTRIZ SOL SPR FR 50ML","NUTRACOM INDÚSTRIAE COMÉRCIO LTDA",LOTE: 1609227,300 CARTUCHOS,5055,918-00943/2016,23/9/2016,"ETR RIODOURO 801,BL 01 - PQCOLUMBIA -PAVUNA -RIO DEJANEIRO/RJ"
133,BOTO HAIR STEP 2 1L,ABA COSMÉTICOS,1455,1,28338,860/2016,24/2/2016,SÃO PAULO
134,BOTO HAIR STEP 2 1L,ABA COSMÉTICOS,1419,1,28338,860/2016,24/2/2016,SÃO PAULO
135,"CELL COMPLEX AREA DOSOLHOS 15GR","ADCOS INDÚSTRIA ECOMERCIO LTDA.",79811,24,29095,29905599,19/8/2016,"MIMOSO SOSUL - ES"
136,"CELL COMPLEX GEL CREMEINTENSIVO - 50G","ADCOS INDÚSTRIA ECOMERCIO LTDA.",83661,84,29095,29905599,19/8/2016,"MIMOSO SOSUL - ES"
137,"CEPACOL SABOR TUTTI-FRUTTI SOLUÇÃO 250 ML",SANOFI,631807,48,128177-1,6169/2016,19/11/2016,"SÃO PAULO-SP"
138,"CEPACOL SABOR TUTTI-FRUTTI SOLUÇÃO 250ML",SANOFI,631807,48,128148-1,6169/2016,19/11/2016,"SÃO PAULO-SP"
139,"CEPACOL SABOR TUTTI-FRUTTI SOLUÇÃO 250ML",SANOFI,631807,24,128182-1,6169/2016,19/11/2016,"SÃO PAULO-SP"
140,"CEPACOL SOL 250 MLFLUOR",SANOFI,623133,24,128177-1,6169/2016,19/11/2016,"SÃO PAULO-SP"
"",Produto*,Empresa*,No Lote*,"*QuantidadeRoubada/Furtada/Extraviada",*No Nota Fiscal*,"*No Boletim deOcorrência*","*Data do rouboou extravio","*Local doroubo ouextravio"
141,"CEPACOL SOL 250 MLMORANGO",SANOFI,631808,48,128156-1,6169/2016,19/11/2016,"SÃO PAULO-SP"
142,"CEPACOL SOL 250 MLMORANGO",SANOFI,631808,144,128182-1,6169/2016,19/11/2016,"SÃO PAULO-SP"
143,"CEPACOL SOL 250MLMENTA",SANOFI,642210,120,128148-1,6169/2016,19/11/2016,"SÃO PAULO-SP"
144,"CEPACOL SOL 250MLORIGINAL",SANOFI,6V1809,24,128177-1,6169/2016,19/11/2016,"SÃO PAULO-SP"
145,"CEPACOL SOL 250MLORIGINAL",SANOFI,6V1809,144,128148-1,6169/2016,19/11/2016,"SÃO PAULO-SP"
146,"Cicactricure Creme CorporalReafirmante 400g","Genomma Laboratories doBrasil",CW075,12 unidades,40712-1,9229/2016,12/12/2016,"Montenegro/RS"
147,CICALFATE CREME,"LABORATÓRIOS PIERREFABRE DO BRASIL LTDA",AV800,36,49870,918-00487/2016-1,16/5/2016,"AV BRASIL /CAMPOGRANDE"
148,CICALFATE CREME,"LABORATÓRIOS PIERREFABRE DO BRASIL LTDA",AV791,48,49870,918-00487/2016-1,16/5/2016,"AV BRASIL /CAMPOGRANDE"
149,CICALFATE CREME,"LABORATÓRIOS PIERREFABRE DO BRASIL LTDA",AV790,12,49870,918-00487/2016-1,16/5/2016,"AV BRASIL /CAMPOGRANDE"
150,CICALFATE LOÇÃO,"LABORATÓRIOS PIERREFABRE DO BRASIL LTDA",AV321,48,49870,918-00487/2016-1,16/5/2016,"AV BRASIL /CAMPOGRANDE"
151,CICALFATE POST-ACTE,"LABORATÓRIOS PIERREFABRE DO BRASIL LTDA",AV143,24,49870,918-00487/2016-1,16/5/2016,"AV BRASIL /CAMPOGRANDE"
152,"Cicatricure Creme Contornodos Olhos","Genomma Laboratories doBrasil",15GFR28,48 unidades,40712-1,9229/2016,12/12/2016,"Montenegro/RS"
153,"Cicatricure Creme CorporalAntiestrias 400g","Genomma Laboratories doBrasil",CX640,120 unidades,40712-1,9229/2016,12/12/2016,"Montenegro/RS"
154,"Cicatricure Creme para Rugas60g (16 unidades)","Genomma Laboratories doBrasil",CX067,192 unidades,40712-1,9229/2016,12/12/2016,"Montenegro/RS"
155,"Cicatricure Gel 30g (20unidades)","Genomma Laboratories doBrasil",CV022,140 unidades,40712-1,9229/2016,12/12/2016,"Montenegro/RS"
"",Produto*,Empresa*,No Lote*,"*QuantidadeRoubada/Furtada/Extraviada",*No Nota Fiscal*,"*No Boletim deOcorrência*","*Data do rouboou extravio","*Local doroubo ouextravio"
156,"CICATRIMED CREME BG 60G","NUTRACOM INDÚSTRIAE COMÉRCIO LTDA",LOTE: 1609457,160 CARTUCHOS,17026,918-00943/2016,23/9/2016,"ETR RIODOURO 801,BL 01 - PQCOLUMBIA -PAVUNA -RIO DEJANEIRO/RJ"
157,"CICATRIMED CREME BG 60G","NUTRACOM INDÚSTRIAE COMÉRCIO LTDA",LOTE: 1609456,1040 CARTUCHOS,17026,918-00943/2016,23/9/2016,"ETR RIODOURO 801,BL 01 - PQCOLUMBIA -PAVUNA -RIO DEJANEIRO/RJ"
158,"CLEAN SOLUTION AGUAMICELAR 240ML","ADCOS INDÚSTRIA ECOMERCIO LTDA.",83528,72,29095,29905599,19/8/2016,"MIMOSO SOSUL - ES"
159,"CLEAN SOLUTION MASCARAULTRA SUAVIZANTE 500GR","ADCOS INDÚSTRIA ECOMERCIO LTDA.",83557,12,29095,29905599,19/8/2016,"MIMOSO SOSUL - ES"
160,CLEAN-AC,"LABORATÓRIOS PIERREFABRE DO BRASIL LTDA",F572,96,49870,918-00487/2016-1,16/5/2016,"AV BRASIL /CAMPOGRANDE"
161,"CLEANANCE ÁGUA DELIMPEZA 400 ML","LABORATÓRIOS PIERREFABRE DO BRASIL LTDA",F172,36,49869,918-00487/2016-1,16/5/2016,"AV BRASIL /CAMPOGRANDE"
162,"CLEANANCE ÁGUA DELIMPEZA 400 ML","LABORATÓRIOS PIERREFABRE DO BRASIL LTDA",F172,11,49286,918-00487/2016-1,16/5/2016,"AV BRASIL /CAMPOGRANDE"
163,"CLEANANCE ÁGUA DELIMPEZA 50 ML","LABORATÓRIOS PIERREFABRE DO BRASIL LTDA",F171,200,49286,918-00487/2016-1,16/5/2016,"AV BRASIL /CAMPOGRANDE"
164,CLEANANCE BARRA,"LABORATÓRIOS PIERREFABRE DO BRASIL LTDA",T114,12,49870,918-00487/2016-1,16/5/2016,"AV BRASIL /CAMPOGRANDE"
"",Produto*,Empresa*,No Lote*,"*QuantidadeRoubada/Furtada/Extraviada",*No Nota Fiscal*,"*No Boletim deOcorrência*","*Data do rouboou extravio","*Local doroubo ouextravio"
165,CLEANANCE BARRA,"LABORATÓRIOS PIERREFABRE DO BRASIL LTDA",T118,132,49870,918-00487/2016-1,16/5/2016,"AV BRASIL /CAMPOGRANDE"
166,CLEANANCE BARRA,"LABORATÓRIOS PIERREFABRE DO BRASIL LTDA",T117,200,49286,918-00487/2016-1,16/5/2016,"AV BRASIL /CAMPOGRANDE"
167,"CLEANANCE BARRA +SABONETEIRA","LABORATÓRIOS PIERREFABRE DO BRASIL LTDA",T106,100,49286,918-00487/2016-1,16/5/2016,"AV BRASIL /CAMPOGRANDE"
168,CLEANANCE EMULSÃO,"LABORATÓRIOS PIERREFABRE DO BRASIL LTDA",F833,11,49286,918-00487/2016-1,16/5/2016,"AV BRASIL /CAMPOGRANDE"
169,CLEANANCE EXPERT,"LABORATÓRIOS PIERREFABRE DO BRASIL LTDA",F153,2,49286,918-00487/2016-1,16/5/2016,"AV BRASIL /CAMPOGRANDE"
170,CLEANANCE GEL 200 ML,"LABORATÓRIOS PIERREFABRE DO BRASIL LTDA",AR2042,260,47665,918-00487/2016-1,16/5/2016,"AV BRASIL /CAMPOGRANDE"
171,CLEANANCE GEL 200 ML,"LABORATÓRIOS PIERREFABRE DO BRASIL LTDA",AR2042,24,47668,918-00487/2016-1,16/5/2016,"AV BRASIL /CAMPOGRANDE"
172,CLEANANCE GEL 60 ML,"LABORATÓRIOS PIERREFABRE DO BRASIL LTDA",AR2043,152,47667,918-00487/2016-1,16/5/2016,"AV BRASIL /CAMPOGRANDE"
173,CLEANANCE GEL 60 ML,"LABORATÓRIOS PIERREFABRE DO BRASIL LTDA",AR2033,100,47667,918-00487/2016-1,16/5/2016,"AV BRASIL /CAMPOGRANDE"
174,Clinara óleo hidratante 100mL,"Cifarma CientíficaFarmacêutica Ltda.",5IB55,60 frascos,127053,1930/2016,9/11/2016,"São Paulo -SP"
175,"Clinerize Enxaguatório bucalhortelã c/ flúor 300mL","Cifarma CientíficaFarmacêutica Ltda.",5IB32,24 frascos,127053,1930/2016,9/11/2016,"São Paulo -SP"
176,"Clinerize Enxaguatório bucalMenta Suave 300mL","Cifarma CientíficaFarmacêutica Ltda.",5IA57,24 frascos,127053,1930/2016,9/11/2016,"São Paulo -SP"
177,COLD CREAM BALM,"LABORATÓRIOS PIERREFABRE DO BRASIL LTDA",AV159,72,49870,918-00487/2016-1,16/5/2016,"AV BRASIL /CAMPOGRANDE"
"",Produto*,Empresa*,No Lote*,"*QuantidadeRoubada/Furtada/Extraviada",*No Nota Fiscal*,"*No Boletim deOcorrência*","*Data do rouboou extravio","*Local doroubo ouextravio"
178,COLD CREAM LIMPEZA,"LABORATÓRIOS PIERREFABRE DO BRASIL LTDA",V1168,24,49870,918-00487/2016-1,16/5/2016,"AV BRASIL /CAMPOGRANDE"
179,COLD CREAM MÃOS,"LABORATÓRIOS PIERREFABRE DO BRASIL LTDA",AV982,72,49870,918-00487/2016-1,16/5/2016,"AV BRASIL /CAMPOGRANDE"
180,"DAYMOISTCONDICIONADOR 1L",ABA COSMÉTICOS,10020216,1,28338,860/2016,24/2/2016,SÃO PAULO
181,"DAYMOISTCONDICIONADOR 1L",ABA COSMÉTICOS,10297715,1,28338,860/2016,24/2/2016,SÃO PAULO
182,"DAYMOISTCONDICIONADOR 1L",ABA COSMÉTICOS,10033816,1,28338,860/2016,24/2/2016,SÃO PAULO
183,"DAYMOISTCONDICIONADOR 1L",ABA COSMÉTICOS,10044816,1,28338,860/2016,24/2/2016,SÃO PAULO
184,"DAYMOISTCONDICIONADOR 250ML",ABA COSMÉTICOS,10020316,1,28338,860/2016,24/2/2016,SÃO PAULO
185,"DAYMOISTCONDICIONADOR 250ML",ABA COSMÉTICOS,10024216,1,28338,860/2016,24/2/2016,SÃO PAULO
186,"DAYMOISTCONDICIONADOR 250ML",ABA COSMÉTICOS,10044516,1,28338,860/2016,24/2/2016,SÃO PAULO
187,DAYMOIST MASCARA 250G,ABA COSMÉTICOS,10224516,1,28338,860/2016,24/2/2016,SÃO PAULO
188,DAYMOIST MASCARA 500G,ABA COSMÉTICOS,10024416,1,28338,860/2016,24/2/2016,SÃO PAULO
189,DAYMOIST MASCARA 500G,ABA COSMÉTICOS,10038516,1,28338,860/2016,24/2/2016,SÃO PAULO
190,DAYMOIST SHAMPOO 1L,ABA COSMÉTICOS,10308315,1,28338,860/2016,24/2/2016,SÃO PAULO
191,DAYMOIST SHAMPOO 1L,ABA COSMÉTICOS,10280815,1,28338,860/2016,24/2/2016,SÃO PAULO
192,DAYMOIST SHAMPOO 250ML,ABA COSMÉTICOS,10024816,1,28338,860/2016,24/2/2016,SÃO PAULO
193,DAYMOIST SHAMPOO 250ML,ABA COSMÉTICOS,10291115,1,28338,860/2016,24/2/2016,SÃO PAULO
194,DAYMOIST SHAMPOO 250ML,ABA COSMÉTICOS,10012316,1,28338,860/2016,24/2/2016,SÃO PAULO
195,"DEIXA FICAR LEAVE-IN500ML",ABA COSMÉTICOS,10285615,1,28338,860/2016,24/2/2016,SÃO PAULO
"",Produto*,Empresa*,No Lote*,"*QuantidadeRoubada/Furtada/Extraviada",*No Nota Fiscal*,"*No Boletim deOcorrência*","*Data do rouboou extravio","*Local doroubo ouextravio"
196,DENTALFIX 20g,"KLEY HERTZFARMACÊUTICA S/A",82503,6,57337,"BO no xxxxREDS 2016-001603880001",21/1/2016,"SÃO JOSÉDA LAGOA -MINASGERAIS"
197,DENTALFIX 20g,"KLEY HERTZFARMACÊUTICA S/A",82503,3,57339,"BO no xxxxREDS 2016-001603880001",21/1/2016,"SÃO JOSÉDA LAGOA -MINASGERAIS"
198,DENTALFIX 20g,"KLEY HERTZFARMACÊUTICA S/A",82503,12,57341,"BO no xxxxREDS 2016-001603880001",21/1/2016,"SÃO JOSÉDA LAGOA -MINASGERAIS"
199,DENTALFIX 40g,"KLEY HERTZFARMACÊUTICA S/A",82599,3,57260,"BO no xxxxREDS 2016-001603880001",21/1/2016,"SÃO JOSÉDA LAGOA -MINASGERAIS"
200,DENTALFIX 40g,"KLEY HERTZFARMACÊUTICA S/A",89260,3,57337,"BO no xxxxREDS 2016-001603880001",21/1/2016,"SÃO JOSÉDA LAGOA -MINASGERAIS"
201,DENTALFIX 40g,"KLEY HERTZFARMACÊUTICA S/A",89260,3,57339,"BO no xxxxREDS 2016-001603880001",21/1/2016,"SÃO JOSÉDA LAGOA -MINASGERAIS"
202,DENTALFIX 40g,"KLEY HERTZFARMACÊUTICA S/A",89260,3,57341,"BO no xxxxREDS 2016-001603880001",21/1/2016,"SÃO JOSÉDA LAGOA -MINASGERAIS"
203,"DENTALFIX SABOR MENTA20g","KLEY HERTZFARMACÊUTICA S/A",88220,3,57337,"BO no xxxxREDS 2016-001603880001",21/1/2016,"SÃO JOSÉDA LAGOA -MINASGERAIS"
204,"DENTALFIX SABOR MENTA20g","KLEY HERTZFARMACÊUTICA S/A",88220,3,57341,"BO no xxxxREDS 2016-001603880001",21/1/2016,"SÃO JOSÉDA LAGOA -MINASGERAIS"
"",Produto*,Empresa*,No Lote*,"*QuantidadeRoubada/Furtada/Extraviada",*No Nota Fiscal*,"*No Boletim deOcorrência*","*Data do rouboou extravio","*Local doroubo ouextravio"
205,"DENTALFIX SABOR MENTA40g","KLEY HERTZFARMACÊUTICA S/A",83062,4,57258,"BO no xxxxREDS 2016-001603880001",21/1/2016,"SÃO JOSÉDA LAGOA -MINASGERAIS"
206,"DENTALFIX SABOR MENTA40g","KLEY HERTZFARMACÊUTICA S/A",83062,3,57260,"BO no xxxxREDS 2016-001603880001",21/1/2016,"SÃO JOSÉDA LAGOA -MINASGERAIS"
207,"DERMACYD BREEZE 24H 200ML - PORTINARI",SANOFI,632841,192,128156-1,6169/2016,19/11/2016,"SÃO PAULO-SP"
208,"DERMACYD DELICATA 24H200 ML - PORTINARI",SANOFI,635696,240,128156-1,6169/2016,19/11/2016,"SÃO PAULO-SP"
209,"DERMACYD FEMINA 24H 200ML - PORTINARI",SANOFI,621218,168,128156-1,6169/2016,19/11/2016,"SÃO PAULO-SP"
210,"DERMACYD INFANTIL 200MLPORTINARI",SANOFI,6E2590,216,128148-1,6169/2016,19/11/2016,"SÃO PAULO-SP"
211,"DERMACYD NEUTRALIZE200ML - PORTINARI",SANOFI,6E1745,192,128148-1,6169/2016,19/11/2016,"SÃO PAULO-SP"
212,"DERMACYD PRO BIOHIDRATE 200 ML",SANOFI,6V8147,720,128202-1,6169/2016,19/11/2016,"SÃO PAULO-SP"
213,"DERMACYD PRO BIOHIDRATE 200 ML",SANOFI,6V8147,24,128175-1,6169/2016,19/11/2016,"SÃO PAULO-SP"
214,"DERMAFEME NEUTRALIZZSABONETE INTIMO","NUTRACOM INDÚSTRIAE COMÉRCIO LTDA",LOTE: 1513807,96 FRASCOS,5055,918-00943/2016,23/9/2016,"ETR RIODOURO 801,BL 01 - PQCOLUMBIA -PAVUNA -RIO DEJANEIRO/RJ"
215,"DIVINE CURLS GELFINALIZADOR 240ML",ABA COSMÉTICOS,10283015,1,28338,860/2016,24/2/2016,SÃO PAULO
216,"DIVINE CURLS GELFINALIZADOR 240ML",ABA COSMÉTICOS,10036316,1,28338,860/2016,24/2/2016,SÃO PAULO
217,"DIVINE CURLS MASCARATRATAMENTO 450G",ABA COSMÉTICOS,10296615,1,28338,860/2016,24/2/2016,SÃO PAULO
"",Produto*,Empresa*,No Lote*,"*QuantidadeRoubada/Furtada/Extraviada",*No Nota Fiscal*,"*No Boletim deOcorrência*","*Data do rouboou extravio","*Local doroubo ouextravio"
218,"DIVINE CURLS MASCARATRATAMENTO 450G",ABA COSMÉTICOS,10287815,1,28338,860/2016,24/2/2016,SÃO PAULO
219,"DIVINE CURLS MASCARATRATAMENTO 450G",ABA COSMÉTICOS,10025316,1,28338,860/2016,24/2/2016,SÃO PAULO
220,DOCTAR CREME,"LABORATÓRIOS PIERREFABRE DO BRASIL LTDA",1500958,139,47666,918-00487/2016-1,16/5/2016,"AV BRASIL /CAMPOGRANDE"
221,DOCTAR CREME,"LABORATÓRIOS PIERREFABRE DO BRASIL LTDA",1500958,80,47669,918-00487/2016-1,16/5/2016,"AV BRASIL /CAMPOGRANDE"
222,DOCTAR SHAMPOO,"LABORATÓRIOS PIERREFABRE DO BRASIL LTDA",1600440,112,47666,918-00487/2016-1,16/5/2016,"AV BRASIL /CAMPOGRANDE"
223,DOCTAR SHAMPOO,"LABORATÓRIOS PIERREFABRE DO BRASIL LTDA",1600441,106,47669,918-00487/2016-1,16/5/2016,"AV BRASIL /CAMPOGRANDE"
224,"DOCTOR MASCARAHIDRATAÇÃO 450G",ABA COSMÉTICOS,10009616,1,28338,860/2016,24/2/2016,SÃO PAULO
225,"DOCTOR MASCARAHIDRATAÇÃO 450G",ABA COSMÉTICOS,10009416,1,28338,860/2016,24/2/2016,SÃO PAULO
226,"DOCTOR MASCARAHIDRATAÇÃO 450G",ABA COSMÉTICOS,10286215,1,28338,860/2016,24/2/2016,SÃO PAULO
227,"DOCTOR MASCARAHIDRATAÇÃO 450G",ABA COSMÉTICOS,10295815,1,28338,860/2016,24/2/2016,SÃO PAULO
228,"DOCTOR MASCARAHIDRATAÇÃO 450G",ABA COSMÉTICOS,10286115,1,28338,860/2016,24/2/2016,SÃO PAULO
229,"DOCTOR MASCARAHIDRATAÇÃO 450G",ABA COSMÉTICOS,10305215,1,28338,860/2016,24/2/2016,SÃO PAULO
230,"DOCTOR MASCARANUTRIÇÃO 450G",ABA COSMÉTICOS,10009816,1,28338,860/2016,24/2/2016,SÃO PAULO
231,"DOCTOR MASCARANUTRIÇÃO 450G",ABA COSMÉTICOS,10007016,1,28338,860/2016,24/2/2016,SÃO PAULO
232,"DOCTOR MASCARANUTRIÇÃO 450G",ABA COSMÉTICOS,10296015,1,28338,860/2016,24/2/2016,SÃO PAULO
233,"DOCTOR MASCARANUTRIÇÃO 450G",ABA COSMÉTICOS,10037416,1,28338,860/2016,24/2/2016,SÃO PAULO
"",Produto*,Empresa*,No Lote*,"*QuantidadeRoubada/Furtada/Extraviada",*No Nota Fiscal*,"*No Boletim deOcorrência*","*Data do rouboou extravio","*Local doroubo ouextravio"
234,"DOCTOR MASCARARECONSTRUÇÃO 450G",ABA COSMÉTICOS,10007516,1,28338,860/2016,24/2/2016,SÃO PAULO
235,"DOCTOR MASCARARECONSTRUÇÃO 450G",ABA COSMÉTICOS,10286915,1,28338,860/2016,24/2/2016,SÃO PAULO
236,"DOCTOR MASCARARECONSTRUÇÃO 450G",ABA COSMÉTICOS,10296215,1,28338,860/2016,24/2/2016,SÃO PAULO
237,"DOCTOR MASCARARECONSTRUÇÃO 450G",ABA COSMÉTICOS,10287015,1,28338,860/2016,24/2/2016,SÃO PAULO
238,"DOCTOR MASCARARECONSTRUÇÃO 450G",ABA COSMÉTICOS,10037616,1,28338,860/2016,24/2/2016,SÃO PAULO
239,"DOCTOR SHAMPOOMULTIFUNCIONAL 250ML",ABA COSMÉTICOS,10006816,1,28338,860/2016,24/2/2016,SÃO PAULO
240,"DOCTOR SHAMPOOMULTIFUNCIONAL 250ML",ABA COSMÉTICOS,10293315,1,28338,860/2016,24/2/2016,SÃO PAULO
241,D-PIGMENT,"LABORATÓRIOS PIERREFABRE DO BRASIL LTDA",AV148,36,49870,918-00487/2016-1,16/5/2016,"AV BRASIL /CAMPOGRANDE"
242,D-PIGMENT,"LABORATÓRIOS PIERREFABRE DO BRASIL LTDA",AV151,108,49869,918-00487/2016-1,16/5/2016,"AV BRASIL /CAMPOGRANDE"
243,"ECOBAC LOCAOANTISEPTICA 6X800ML",ECOLAB QUÍMICA LTDA,3160051,1,992778-1,6/2016,5/1/2016,"ESTRADAMUNICIPALSABINABAPTISTADE CAM - PQDOSPINHEIROS -HORTOLÂNDIA - SP."
244,"ECOBAC LOCAOANTISEPTICA 6X800ML",ECOLAB QUÍMICA LTDA,3170655,5,1098401-1,00038-2016-05195,28/9/2016,"Rodovia BR101, Km 369 -Esplanada -Icara - SC -CEP: 88820-000"
"",Produto*,Empresa*,No Lote*,"*QuantidadeRoubada/Furtada/Extraviada",*No Nota Fiscal*,"*No Boletim deOcorrência*","*Data do rouboou extravio","*Local doroubo ouextravio"
245,"ECOSHOWER GEL DEBANHO 2X5L",ECOLAB QUÍMICA LTDA,3170652,12,1098151-1,00038-2016-05196,28/9/2016,"Rodovia BR101, Km 369 -Esplanada -Icara - SC -CEP: 88820-000"
246,"ECOSOAP BAC SABONETEESPUMA - CLOREXIDINA",ECOLAB QUÍMICA LTDA,3168923,1,1098149-1,00038-2016-05206,28/9/2016,"Rodovia BR101, Km 369 -Esplanada -Icara - SC -CEP: 88820-000"
247,"ECOSOAP BAC SABONETEESPUMA - CLOREXIDINA",ECOLAB QUÍMICA LTDA,3168923,1,1098150-1,00038-2016-05207,28/9/2016,"Rodovia BR101, Km 369 -Esplanada -Icara - SC -CEP: 88820-000"
248,"ECOSOAP BAC SABONETEESPUMA - TRICLOSAN",ECOLAB QUÍMICA LTDA,3170641,6,1098401-1,00038-2016-05208,28/9/2016,"Rodovia BR101, Km 369 -Esplanada -Icara - SC -CEP: 88820-000"
249,ELUAGE EMULSÃO,"LABORATÓRIOS PIERREFABRE DO BRASIL LTDA",F217,2,49869,918-00487/2016-1,16/5/2016,"AV BRASIL /CAMPOGRANDE"
250,"ESPUMA HIGIENIZADORA P/MAOS 6X800ML",ECOLAB QUÍMICA LTDA,3161223,10,1003561-1,228/2016,29/1/2016,"AVENIDALOURENÇODE SOUZAFRANCO, 0 -JUNDIAPEBA- MOGI DASCRUZES - SP"
"",Produto*,Empresa*,No Lote*,"*QuantidadeRoubada/Furtada/Extraviada",*No Nota Fiscal*,"*No Boletim deOcorrência*","*Data do rouboou extravio","*Local doroubo ouextravio"
251,"ESPUMA HIGIENIZADORA P/MAOS 6X800ML",ECOLAB QUÍMICA LTDA,3170672,2,1098401-1,00038-2016-05203,28/9/2016,"Rodovia BR101, Km 369 -Esplanada -Icara - SC -CEP: 88820-000"
252,"ESPUMA HIGIENIZADORA P/MAOS 6X800ML",ECOLAB QUÍMICA LTDA,3170672,2,1098149-1,00038-2016-05204,28/9/2016,"Rodovia BR101, Km 369 -Esplanada -Icara - SC -CEP: 88820-000"
253,"ESPUMA HIGIENIZADORA P/MAOS 6X800ML",ECOLAB QUÍMICA LTDA,3170672,2,1098150-1,00038-2016-05205,28/9/2016,"Rodovia BR101, Km 369 -Esplanada -Icara - SC -CEP: 88820-000"
254,"EXTREME PREMIUM LIFTINGCAPILAR 1L",ABA COSMÉTICOS,10300015,1,28338,860/2016,24/2/2016,SÃO PAULO
255,"EXTREME PREMIUNMADVANCED REPAIR STEP 21L",ABA COSMÉTICOS,10008716,1,28338,860/2016,24/2/2016,SÃO PAULO
256,"FILTRO SOLARTONALIZANTE FPS 40 IVORY50G","ADCOS INDÚSTRIA ECOMERCIO LTDA.",80882,24,29095,29905599,19/8/2016,"MIMOSO SOSUL - ES"
257,FLOWERS SHAMPOO 1L,ABA COSMÉTICOS,10276615,1,28338,860/2016,24/2/2016,SÃO PAULO
258,FLOWERS SHAMPOO 1L,ABA COSMÉTICOS,10305915,1,28338,860/2016,24/2/2016,SÃO PAULO
259,"FORTERINE ENX BUC FR250ML SBR HORTELA","NUTRACOM INDÚSTRIAE COMÉRCIO LTDA",LOTE: 1608913,240 FRASCOS,17026,918-00943/2016,23/9/2016,"ETR RIODOURO 801,BL 01 - PQCOLUMBIA -PAVUNA -RIO DEJANEIRO/RJ"
"",Produto*,Empresa*,No Lote*,"*QuantidadeRoubada/Furtada/Extraviada",*No Nota Fiscal*,"*No Boletim deOcorrência*","*Data do rouboou extravio","*Local doroubo ouextravio"
260,"FORTERINE SOL FR 250MLSBR COOL MINT","NUTRACOM INDÚSTRIAE COMÉRCIO LTDA",LOTE: 1607984,312 FRASCOS,17026,918-00943/2016,23/9/2016,"ETR RIODOURO 801,BL 01 - PQCOLUMBIA -PAVUNA -RIO DEJANEIRO/RJ"
261,"FOTOPROTECAO FILTROSOLAR FLUID TONALIZFPS40 IVORY 50ML","ADCOS INDÚSTRIA ECOMERCIO LTDA.",80354,12,29095,29905599,19/8/2016,"MIMOSO SOSUL - ES"
262,"FOTOPROTECAO FILTROSOLAR FLUID TONALIZFPS40 PEACH 50ML","ADCOS INDÚSTRIA ECOMERCIO LTDA.","84314 /83030 /81721",11,29095,29905599,19/8/2016,"MIMOSO SOSUL - ES"
263,"FOTOPROTECAO POCOMPACTO TONALIZANTEFPS 50 PEACH 12GR","ADCOS INDÚSTRIA ECOMERCIO LTDA.",167109 / 167209,11,29095,29905599,19/8/2016,"MIMOSO SOSUL - ES"
264,"FOTOPROTECAO POCOMPACTO TONALIZANTEFPS 50 TRANSLUCIDO 11G","ADCOS INDÚSTRIA ECOMERCIO LTDA.",1631,24,29095,29905599,19/8/2016,"MIMOSO SOSUL - ES"
265,"GEL HIGIENIZADOR P/ MAOS6X800ML",ECOLAB QUÍMICA LTDA,1604/16,5,1098401-1,00038-2016-05194,28/9/2016,"Rodovia BR101, Km 369 -Esplanada -Icara - SC -CEP: 88820-000"
266,"GENGIBRECONDICIONADOR 1L",ABA COSMÉTICOS,10288615,1,28338,860/2016,24/2/2016,SÃO PAULO
267,"GENGIBRECONDICIONADOR 250ML",ABA COSMÉTICOS,10288715,1,28338,860/2016,24/2/2016,SÃO PAULO
268,"GENGIBRECONDICIONADOR 250ML",ABA COSMÉTICOS,10034316,1,28338,860/2016,24/2/2016,SÃO PAULO
269,GENGIBRE SHAMPOO 1L,ABA COSMÉTICOS,10088415,1,28338,860/2016,24/2/2016,SÃO PAULO
270,Goicoechea Diabetex,"Genomma Laboratories doBrasil",CW320,24 unidades,40712-1,9229/2016,12/12/2016,"Montenegro/RS"
271,Goicoechea Reafirmante,"Genomma Laboratories doBrasil",CU953,24 unidades,40712-1,9229/2016,12/12/2016,"Montenegro/RS"
"",Produto*,Empresa*,No Lote*,"*QuantidadeRoubada/Furtada/Extraviada",*No Nota Fiscal*,"*No Boletim deOcorrência*","*Data do rouboou extravio","*Local doroubo ouextravio"
272,"HAIR TREATMENT LEAVE-IN250ML",ABA COSMÉTICOS,3437,12,27913,860/2016,24/2/2016,SÃO PAULO
273,"HAIR TREATMENT PASSO 21L",ABA COSMÉTICOS,10008316,1,28338,860/2016,24/2/2016,SÃO PAULO
274,"HAIR TREATMENT PASSO 21L",ABA COSMÉTICOS,10005316,1,28338,860/2016,24/2/2016,SÃO PAULO
275,"HAIR TREATMENTSHAMPOO 1L",ABA COSMÉTICOS,10022116,1,28338,860/2016,24/2/2016,SÃO PAULO
276,HELP AMPOLA 30ML,ABA COSMÉTICOS,10303115,1,28338,860/2016,24/2/2016,SÃO PAULO
277,"HELP MASCARA ULTRAREPARADORA 450G",ABA COSMÉTICOS,10039816,12,27893,860/2016,24/2/2016,SÃO PAULO
278,"HELP MASCARA ULTRAREPARADORA 450G",ABA COSMÉTICOS,10296815,1,28338,860/2016,24/2/2016,SÃO PAULO
279,"HELP MASCARA ULTRAREPARADORA 450G",ABA COSMÉTICOS,10026916,1,28338,860/2016,24/2/2016,SÃO PAULO
280,HELP SHAMPOO 250ML,ABA COSMÉTICOS,10017816,1,28338,860/2016,24/2/2016,SÃO PAULO
281,"HERBAL SOLUTIONCONDICIONADOR 1L",ABA COSMÉTICOS,10284315,1,28338,860/2016,24/2/2016,SÃO PAULO
282,"HERBAL SOLUTIONSHAMPOO 1L",ABA COSMÉTICOS,10018716,1,28338,860/2016,24/2/2016,SÃO PAULO
283,"HERBAL SOLUTIONSHAMPOO 1L",ABA COSMÉTICOS,10293915,1,28338,860/2016,24/2/2016,SÃO PAULO
284,"HERBAL SOLUTIONSHAMPOO 1L",ABA COSMÉTICOS,10307715,1,28338,860/2016,24/2/2016,SÃO PAULO
285,"HERBAL SOLUTIONSHAMPOO 1L",ABA COSMÉTICOS,10294115,1,28338,860/2016,24/2/2016,SÃO PAULO
286,"HERBAL SOLUTIONSHAMPOO 1L",ABA COSMÉTICOS,10036716,1,28338,860/2016,24/2/2016,SÃO PAULO
287,"HERBAL SOLUTIONSHAMPOO 1L",ABA COSMÉTICOS,10034016,1,28338,860/2016,24/2/2016,SÃO PAULO
288,"HIDRADEFENSE SERUMINTENSIVO 55ML","ADCOS INDÚSTRIA ECOMERCIO LTDA.",83881,108,29095,29905599,19/8/2016,"MIMOSO SOSUL - ES"
"",Produto*,Empresa*,No Lote*,"*QuantidadeRoubada/Furtada/Extraviada",*No Nota Fiscal*,"*No Boletim deOcorrência*","*Data do rouboou extravio","*Local doroubo ouextravio"
289,HIDRAT 10% LOC FR 150 ML,"NUTRACOM INDÚSTRIAE COMÉRCIO LTDA",LOTE: 1609113,72 FRASCOS,5055,918-00943/2016,23/9/2016,"ETR RIODOURO 801,BL 01 - PQCOLUMBIA -PAVUNA -RIO DEJANEIRO/RJ"
290,"HYDRANCE OPTIMALELÉGÉRE FPS 20","LABORATÓRIOS PIERREFABRE DO BRASIL LTDA",F314,96,49869,918-00487/2016-1,16/5/2016,"AV BRASIL /CAMPOGRANDE"
291,"INOAR PROGRESSSOLUTION 250ML",ABA COSMÉTICOS,10284415,1,28338,860/2016,24/2/2016,SÃO PAULO
292,KIT ACTINE SOLAR 2014,"LABORATÓRIOS PIERREFABRE DO BRASIL LTDA",1500063,-,47665,918-00487/2016-1,16/5/2016,"AV BRASIL /CAMPOGRANDE"
293,KIT ACTINE SOLAR 2015,"LABORATÓRIOS PIERREFABRE DO BRASIL LTDA",1600148,,47668,918-00487/2016-1,16/5/2016,"AV BRASIL /CAMPOGRANDE"
294,"KIT DUO ACTINE BARRA2015","LABORATÓRIOS PIERREFABRE DO BRASIL LTDA",1500561,-,47665,918-00487/2016-1,16/5/2016,"AV BRASIL /CAMPOGRANDE"
295,"KIT DUO SPEED BLOND250ML",ABA COSMÉTICOS,10050916,6,27913,860/2016,24/2/2016,SÃO PAULO
296,KIT TOQUE SECO,"LABORATÓRIOS PIERREFABRE DO BRASIL LTDA",1400724,-,49869,918-00487/2016-1,16/5/2016,"AV BRASIL /CAMPOGRANDE"
297,"KLINSE N SHAMPOONEUTRO","LABORATÓRIOS PIERREFABRE DO BRASIL LTDA",1500961,124,47666,918-00487/2016-1,16/5/2016,"AV BRASIL /CAMPOGRANDE"
298,KLINSE SHAMPOO,"LABORATÓRIOS PIERREFABRE DO BRASIL LTDA",1501205,608,47669,918-00487/2016-1,16/5/2016,"AV BRASIL /CAMPOGRANDE"
299,LOÇÃO MICELAR,"LABORATÓRIOS PIERREFABRE DO BRASIL LTDA",F5246,120,49870,918-00487/2016-1,16/5/2016,"AV BRASIL /CAMPOGRANDE"
"",Produto*,Empresa*,No Lote*,"*QuantidadeRoubada/Furtada/Extraviada",*No Nota Fiscal*,"*No Boletim deOcorrência*","*Data do rouboou extravio","*Local doroubo ouextravio"
300,LOÇÃO MICELAR,"LABORATÓRIOS PIERREFABRE DO BRASIL LTDA",F1011,8,49869,918-00487/2016-1,16/5/2016,"AV BRASIL /CAMPOGRANDE"
301,LUVA DE SILICONE 120ML,"NUTRACOM INDÚSTRIAE COMÉRCIO LTDA",LOTE: 1607972,24 BISNAGAS,5055,918-00943/2016,23/9/2016,"ETR RIODOURO 801,BL 01 - PQCOLUMBIA -PAVUNA -RIO DEJANEIRO/RJ"
302,"MACADAMIACONDICIONADOR 1 L",ABA COSMÉTICOS,10024116,1,28338,860/2016,24/2/2016,SÃO PAULO
303,"MACADAMIACONDICIONADOR 250ML",ABA COSMÉTICOS,10024016,1,28338,860/2016,24/2/2016,SÃO PAULO
304,"MACADAMIACONDICIONADOR 250ML",ABA COSMÉTICOS,10282515,1,28338,860/2016,24/2/2016,SÃO PAULO
305,"MACADAMIA LEAVE-IN250ML",ABA COSMÉTICOS,10297115,1,28338,860/2016,24/2/2016,SÃO PAULO
306,MACADAMIA MASCARA 500G,ABA COSMÉTICOS,10011916,1,28338,860/2016,24/2/2016,SÃO PAULO
307,MACADAMIA MASCARA 500G,ABA COSMÉTICOS,10038016,1,28338,860/2016,24/2/2016,SÃO PAULO
308,"MACADAMIA SHAMPOO250ML",ABA COSMÉTICOS,10020416,1,28338,860/2016,24/2/2016,SÃO PAULO
309,"MACADAMIA SHAMPOO250ML",ABA COSMÉTICOS,10033416,1,28338,860/2016,24/2/2016,SÃO PAULO
310,Malvatirkids F - Infantil,"Laboratório Daudt OliveiraLtda.",160249,192,32275,918-00587/2016,11/6/2016,"Rio de Janeiro-RJ"
311,Malvatirkids F - Infantil,"Laboratório Daudt OliveiraLtda.",160321,192,32275,918-00587/2016,11/6/2016,"Rio de Janeiro-RJ"
312,Malvatricin Antitartaro,"Laboratório Daudt OliveiraLtda.",151082,120,32275,918-00587/2016,11/6/2016,"Rio de Janeiro-RJ"
313,Malvatricin Dentes Sensíveis,"Laboratório Daudt OliveiraLtda.",160207,144,32275,918-00587/2016,11/6/2016,"Rio de Janeiro-RJ"
314,Malvatricin Plus,"Laboratório Daudt OliveiraLtda.",16048,96,32275,918-00587/2016,11/6/2016,"Rio de Janeiro-RJ"
"",Produto*,Empresa*,No Lote*,"*QuantidadeRoubada/Furtada/Extraviada",*No Nota Fiscal*,"*No Boletim deOcorrência*","*Data do rouboou extravio","*Local doroubo ouextravio"
315,Malvatricin Plus 5 em 1,"Laboratório Daudt OliveiraLtda.",151031,96,32275,918-00587/2016,11/6/2016,"Rio de Janeiro-RJ"
316,Malvatricin Plus 5 em 1,"Laboratório Daudt OliveiraLtda.",160238,96,32275,918-00587/2016,11/6/2016,"Rio de Janeiro-RJ"
317,Malvatrikids Baby,"Laboratório Daudt OliveiraLtda.",160294,168,32275,918-00587/2016,11/6/2016,"Rio de Janeiro-RJ"
318,Malvatrikids Junior,"Laboratório Daudt OliveiraLtda.",160274,108,32275,918-00587/2016,11/6/2016,"Rio de Janeiro-RJ"
319,Malvatrikids Junior Gel,"Laboratório Daudt OliveiraLtda.",160310,168,32275,918-00587/2016,11/6/2016,"Rio de Janeiro-RJ"
320,MASK MASCARA 1KG,ABA COSMÉTICOS,10007216,1,28338,860/2016,24/2/2016,SÃO PAULO
321,MASK MASCARA 1KG,ABA COSMÉTICOS,10282415,1,28338,860/2016,24/2/2016,SÃO PAULO
322,MASK MASCARA 1KG,ABA COSMÉTICOS,10288915,1,28338,860/2016,24/2/2016,SÃO PAULO
323,Medicasp Shampoo,"Genomma Laboratories doBrasil",16IA7202,10 unidades,40712-1,9229/2016,12/12/2016,"Montenegro/RS"
324,"MELAN-OFF CLAREADOR30G","ADCOS INDÚSTRIA ECOMERCIO LTDA.",81709/ 83509,48,29095,29905599,19/8/2016,"MIMOSO SOSUL - ES"
325,"NEODERM COMPLEXSABONETE GLICOATIVO240ML","ADCOS INDÚSTRIA ECOMERCIO LTDA.",81749,12,29095,29905599,19/8/2016,"MIMOSO SOSUL - ES"
326,"NEODERM COMPLEXPROFESSIONAL PREPEELINGDESENGORDURANTE 120","ADCOS INDÚSTRIA ECOMERCIO LTDA.",83886,36,29095,29905599,19/8/2016,"MIMOSO SOSUL - ES"
327,"NEODERM COMPLEXSERUM RENOVADOR 30ML","ADCOS INDÚSTRIA ECOMERCIO LTDA.",80131,12,29095,29905599,19/8/2016,"MIMOSO SOSUL - ES"
328,"NEVRALGEX HOT SPORTSPOM 25G","TEC-COLOR HAIRCOSMÉTICOS DOBRASIL LTDA",LOTE: 1608839,800 CARTUCHOS,5055,918-00943/2016,23/9/2016,"ETR RIODOURO 801,BL 01 - PQCOLUMBIA -PAVUNA -RIO DEJANEIRO/RJ"
"",Produto*,Empresa*,No Lote*,"*QuantidadeRoubada/Furtada/Extraviada",*No Nota Fiscal*,"*No Boletim deOcorrência*","*Data do rouboou extravio","*Local doroubo ouextravio"
329,"NEVRALGEX ICE AEROSSOL120ML","TEC-COLOR HAIRCOSMÉTICOS DOBRASIL LTDA",LOTE: 1609156,480 FRASCOS,5055,918-00943/2016,23/9/2016,"ETR RIODOURO 801,BL 01 - PQCOLUMBIA -PAVUNA -RIO DEJANEIRO/RJ"
330,"NUTRALIFT CONCENTRADOPARA INTERNO DE COXAS EBRACOS 75G","ADCOS INDÚSTRIA ECOMERCIO LTDA.",75237,9,29095,29905599,19/8/2016,"MIMOSO SOSUL - ES"
331,"NUTRALIFT INTENSIVEANTIAGING INTENSIVO 60GR","ADCOS INDÚSTRIA ECOMERCIO LTDA.",82424,3,29095,29905599,19/8/2016,"MIMOSO SOSUL - ES"
332,PHYSIOLIFT EMULSÃO,"LABORATÓRIOS PIERREFABRE DO BRASIL LTDA",F106,8,49286,918-00487/2016-1,16/5/2016,"AV BRASIL /CAMPOGRANDE"
333,PHYSIOLIFT NOITE,"LABORATÓRIOS PIERREFABRE DO BRASIL LTDA",F107,2,49286,918-00487/2016-1,16/5/2016,"AV BRASIL /CAMPOGRANDE"
334,PHYSIOLIFT OLHOS,"LABORATÓRIOS PIERREFABRE DO BRASIL LTDA",F103,2,49286,918-00487/2016-1,16/5/2016,"AV BRASIL /CAMPOGRANDE"
335,"PÓ DESCOLORANTE ULTRARAPIDO 300G",ABA COSMÉTICOS,100000116,13,27913,860/2016,24/2/2016,SÃO PAULO
336,"POS PROGRESSCONDICIONADOR 250ML",ABA COSMÉTICOS,10012716,1,28338,860/2016,24/2/2016,SÃO PAULO
337,"POS PROGRESSCONDICIONADOR 250ML",ABA COSMÉTICOS,10043116,1,28338,860/2016,24/2/2016,SÃO PAULO
338,"POS PROGRESS LEAVE-IN250ML",ABA COSMÉTICOS,10038216,1,28338,860/2016,24/2/2016,SÃO PAULO
339,"POS PROGRESS SHAMPOO250ML",ABA COSMÉTICOS,10311715,1,28338,860/2016,24/2/2016,SÃO PAULO
340,"POS PROGRESS SHAMPOO250ML",ABA COSMÉTICOS,10012916,1,28338,860/2016,24/2/2016,SÃO PAULO
"",Produto*,Empresa*,No Lote*,"*QuantidadeRoubada/Furtada/Extraviada",*No Nota Fiscal*,"*No Boletim deOcorrência*","*Data do rouboou extravio","*Local doroubo ouextravio"
341,PROCTODERM,TAKEDA PHARMA LTDA,304467,"177UNIDADES",000128405,2016/70628,19/1/2016,"RUA MARIAGRODZ, No00BAIRRO:CAMPINA DOSIQUEIRACURITIBA -PR"
342,PROCTODERM,TAKEDA PHARMA LTDA,320127,"237UNIDADES",000128405,2016/70628,19/1/2016,"RUA MARIAGRODZ, No00BAIRRO:CAMPINA DOSIQUEIRACURITIBA -PR"
343,"REDUXCEL ANTICELULITE EREDUTOR 200G","ADCOS INDÚSTRIA ECOMERCIO LTDA.",79715,12,29095,29905599,19/8/2016,"MIMOSO SOSUL - ES"
344,"REDUXCEL SLIM CREME DEMASSAGEM REDUTOR PLUS1KG","ADCOS INDÚSTRIA ECOMERCIO LTDA.",81957,18,29095,29905599,19/8/2016,"MIMOSO SOSUL - ES"
345,"SAB DESENGRAXANTEMICRO ESFERAS2X5000ML","ADHETECH QUIMICAINDÚSTRIA ECOMÉRCIO LTDA",126351,5,1098401-1,00038-2016-05209,28/9/2016,"Rodovia BR101, Km 369 -Esplanada -Icara - SC -CEP: 88820-000"
"",Produto*,Empresa*,No Lote*,"*QuantidadeRoubada/Furtada/Extraviada",*No Nota Fiscal*,"*No Boletim deOcorrência*","*Data do rouboou extravio","*Local doroubo ouextravio"
346,"SAB.EXCELLENCE FOAMINGSOAP VALVULA DESC",ECOLAB QUÍMICA LTDA,0016/16,50,1003562-1,228/2016,29/1/2016,"AVENIDALOURENÇODE SOUZAFRANCO, 0 -JUNDIAPEBA- MOGI DASCRUZES - SP"
347,"SAB.EXCELLENCE FOAMINGSOAP VALVULA DESC",ECOLAB QUÍMICA LTDA,0016/16,50,1003561-1,228/2016,29/1/2016,"AVENIDALOURENÇODE SOUZAFRANCO, 0 -JUNDIAPEBA- MOGI DASCRUZES - SP"
348,"SAB.EXCELLENCE FOAMINGSOAP VALVULA DESC",ECOLAB QUÍMICA LTDA,2004/16,41,1098401-1,00038-2016-05197,28/9/2016,"Rodovia BR101, Km 369 -Esplanada -Icara - SC -CEP: 88820-000"
349,"SAB.EXCELLENCE FOAMINGSOAP VALVULA DESC",ECOLAB QUÍMICA LTDA,2006/16,7,1098401-1,00038-2016-05198,28/9/2016,"Rodovia BR101, Km 369 -Esplanada -Icara - SC -CEP: 88820-000"
350,"SAB.EXCELLENCE FOAMINGSOAP VALVULA DESC",ECOLAB QUÍMICA LTDA,2004/16,3,10981499-1,00038-2016-05199,28/9/2016,"Rodovia BR101, Km 369 -Esplanada -Icara - SC -CEP: 88820-000"
"",Produto*,Empresa*,No Lote*,"*QuantidadeRoubada/Furtada/Extraviada",*No Nota Fiscal*,"*No Boletim deOcorrência*","*Data do rouboou extravio","*Local doroubo ouextravio"
351,"SAB.EXCELLENCE FOAMINGSOAP VALVULA DESC",ECOLAB QUÍMICA LTDA,2004/16,7,1098150-1,00038-2016-05200,28/9/2016,"Rodovia BR101, Km 369 -Esplanada -Icara - SC -CEP: 88820-000"
352,"SAB.LIQ.6X1000ML BASICLOTION",ECOLAB QUÍMICA LTDA,3170656,5,1098401-1,00038-2016-05194,28/9/2016,"Rodovia BR101, Km 369 -Esplanada -Icara - SC -CEP: 88820-000"
353,"SAB.LIQ.ECOSOAP GALAO4X5000 ML",ECOLAB QUÍMICA LTDA,3170757,1,1098401-1,00038-2016-05194,28/9/2016,"Rodovia BR101, Km 369 -Esplanada -Icara - SC -CEP: 88820-000"
354,"SAB.LIQ.ECOSOAP NEUTROGALAO 2X5000 ML",ECOLAB QUÍMICA LTDA,3170461,3,1098401-1,00038-2016-05194,28/9/2016,"Rodovia BR101, Km 369 -Esplanada -Icara - SC -CEP: 88820-000"
355,"SAB.LIQ.EXCEL.FOAMING6X800 ML",ECOLAB QUÍMICA LTDA,1152573,1,992778-1,6/2016,5/1/2016,"ESTRADAMUNICIPALSABINABAPTISTADE CAM - PQDOSPINHEIROS -HORTOLÂNDIA - SP."
"",Produto*,Empresa*,No Lote*,"*QuantidadeRoubada/Furtada/Extraviada",*No Nota Fiscal*,"*No Boletim deOcorrência*","*Data do rouboou extravio","*Local doroubo ouextravio"
356,SAB.LIQ.SUITE 4X5L,ECOLAB QUÍMICA LTDA,2023/16,5,1098401-1,00038-2016-05201,28/9/2016,"Rodovia BR101, Km 369 -Esplanada -Icara - SC -CEP: 88820-000"
357,SAB.LIQ.SUITE 4X5L,ECOLAB QUÍMICA LTDA,2023/16,7,1098155-1,00038-2016-05202,28/9/2016,"Rodovia BR101, Km 369 -Esplanada -Icara - SC -CEP: 88820-000"
358,"SABONETE INTIMODERMAFEME (KIT VERÃO2011)","NUTRACOM INDÚSTRIAE COMÉRCIO LTDA",LOTE: 1609780,1272 CARTUCHOS,5055,918-00943/2016,23/9/2016,"ETR RIODOURO 801,BL 01 - PQCOLUMBIA -PAVUNA -RIO DEJANEIRO/RJ"
359,"SABONETE INTIMODERMAFEME (KIT VERÃO2011)","NUTRACOM INDÚSTRIAE COMÉRCIO LTDA",LOTE: 1609781,1032 CARTUCHOS,5055,918-00943/2016,23/9/2016,"ETR RIODOURO 801,BL 01 - PQCOLUMBIA -PAVUNA -RIO DEJANEIRO/RJ"
360,"Siluet 40 Gel Redutor deMedidas 200 ml","Genomma Laboratories doBrasil",15EFR05,60 unidades,40712-1,9229/2016,12/12/2016,"Montenegro/RS"
361,"SIMPLY FRAGRANCE(JUNIPER SPLASH) CAIXACOM 6 UNIDADE  48ML",ECOLAB QUÍMICA LTDA,C120351,6,1098145-1,00038-2016-05210,28/9/2016,"Rodovia BR101, Km 369 -Esplanada -Icara - SC -CEP: 88820-000"
"",Produto*,Empresa*,No Lote*,"*QuantidadeRoubada/Furtada/Extraviada",*No Nota Fiscal*,"*No Boletim deOcorrência*","*Data do rouboou extravio","*Local doroubo ouextravio"
362,SKINSEC BARRA,"LABORATÓRIOS PIERREFABRE DO BRASIL LTDA",1500435,106,47665,918-00487/2016-1,16/5/2016,"AV BRASIL /CAMPOGRANDE"
363,"SKINSEC HIDRATANTELABIAL","LABORATÓRIOS PIERREFABRE DO BRASIL LTDA",1501070,21,47668,918-00487/2016-1,16/5/2016,"AV BRASIL /CAMPOGRANDE"
364,"SKINSEC HIDRATANTE SEMPERFUME","LABORATÓRIOS PIERREFABRE DO BRASIL LTDA",1500519,141,47665,918-00487/2016-1,16/5/2016,"AV BRASIL /CAMPOGRANDE"
365,"SKINSEC LOÇÃOHIDRATANTE","LABORATÓRIOS PIERREFABRE DO BRASIL LTDA",1501247,128,47665,918-00487/2016-1,16/5/2016,"AV BRASIL /CAMPOGRANDE"
366,SOAPELLE BARRA,"LABORATÓRIOS PIERREFABRE DO BRASIL LTDA",1501193,215,47668,918-00487/2016-1,16/5/2016,"AV BRASIL /CAMPOGRANDE"
367,"SPEED BLONDCONDICIONADOR 250ML",ABA COSMÉTICOS,10025616,1,28338,860/2016,24/2/2016,SÃO PAULO
368,"SPEED BLONDCONDICIONADOR 250ML",ABA COSMÉTICOS,10278815,1,28338,860/2016,24/2/2016,SÃO PAULO
369,"SPEED BLONDCONDICIONADOR 250ML",ABA COSMÉTICOS,20393415,1,28338,860/2016,24/2/2016,SÃO PAULO
370,"SPEED BLOND MÁSCARA250G",ABA COSMÉTICOS,10026416,1,28338,860/2016,24/2/2016,SÃO PAULO
371,"SPEED BLOND MÁSCARA250G",ABA COSMÉTICOS,10305715,1,28338,860/2016,24/2/2016,SÃO PAULO
372,"SPEED BLOND MASCARA500G",ABA COSMÉTICOS,10301115,1,28338,860/2016,24/2/2016,SÃO PAULO
373,"SPEED BLOND PODECOLORANTE ULTRARAPIDO 300G",ABA COSMÉTICOS,100000116,1,28338,,,SÃO PAULO
374,"SPEED BLOND PODESCOLORANTE 300G",ABA COSMÉTICOS,100000216,1,28338,860/2016,24/2/2016,SÃO PAULO
375,SPEED BLOND SHAMPOO 1L,ABA COSMÉTICOS,10301315,1,28338,860/2016,24/2/2016,SÃO PAULO
376,"SPEED BLOND SHAMPOO250ML",ABA COSMÉTICOS,33051000,6,27913,860/2016,24/2/2016,SÃO PAULO
"",Produto*,Empresa*,No Lote*,"*QuantidadeRoubada/Furtada/Extraviada",*No Nota Fiscal*,"*No Boletim deOcorrência*","*Data do rouboou extravio","*Local doroubo ouextravio"
377,"SPEED BLOND SHAMPOO250ML",ABA COSMÉTICOS,10025816,1,28338,860/2016,24/2/2016,SÃO PAULO
378,"SPEED BLOND SHAMPOO250ML",ABA COSMÉTICOS,10290515,1,28338,860/2016,24/2/2016,SÃO PAULO
379,"SPEED BLOND SHAMPOO250ML",ABA COSMÉTICOS,10026016,1,28338,860/2016,24/2/2016,SÃO PAULO
380,"SPEED BLOND SHAMPOO250ML",ABA COSMÉTICOS,10278615,1,28338,860/2016,24/2/2016,SÃO PAULO
381,"SPEED BLOND SHAMPOO250ML",ABA COSMÉTICOS,10041616,1,28338,860/2016,24/2/2016,SÃO PAULO
382,SUAVIE BARRA,"LABORATÓRIOS PIERREFABRE DO BRASIL LTDA",1500964,121,47665,918-00487/2016-1,16/5/2016,"AV BRASIL /CAMPOGRANDE"
383,SUAVIE BARRA,"LABORATÓRIOS PIERREFABRE DO BRASIL LTDA",1500964,210,47668,918-00487/2016-1,16/5/2016,"AV BRASIL /CAMPOGRANDE"
384,SUAVIE LIQUIDO 140 ML,"LABORATÓRIOS PIERREFABRE DO BRASIL LTDA",1600154,560,47668,918-00487/2016-1,16/5/2016,"AV BRASIL /CAMPOGRANDE"
385,"SUAVIE SABONETE LIQUIDO140 ML","LABORATÓRIOS PIERREFABRE DO BRASIL LTDA",1600154,138,47665,918-00487/2016-1,16/5/2016,"AV BRASIL /CAMPOGRANDE"
386,"SUAVIE SABONETE LIQUIDO60 ML","LABORATÓRIOS PIERREFABRE DO BRASIL LTDA",1500691,132,47665,918-00487/2016-1,16/5/2016,"AV BRASIL /CAMPOGRANDE"
387,"THERMOLISS DEFRISANTETHERMOATIVADO 240ML",ABA COSMÉTICOS,10027216,1,28338,860/2016,24/2/2016,SÃO PAULO
388,"THERMOLISS DEFRISANTETHERMOATIVADO 240ML",ABA COSMÉTICOS,10035916,1,28338,860/2016,24/2/2016,SÃO PAULO
389,"THERMOLISS SHAMPOO240ML",ABA COSMÉTICOS,10016216,1,28338,860/2016,24/2/2016,SÃO PAULO
390,"Tio Nacho Shampoo AntiquedaClareador","Genomma Laboratories doBrasil",H06164,24 unidades,40712-1,9229/2016,12/12/2016,"Montenegro/RS"
391,"Tio Nacho Shampoo Antiquedae Anti-idade","Genomma Laboratories doBrasil",E06165,48 unidades,40712-1,9229/2016,12/12/2016,"Montenegro/RS"
"",Produto*,Empresa*,No Lote*,"*QuantidadeRoubada/Furtada/Extraviada",*No Nota Fiscal*,"*No Boletim deOcorrência*","*Data do rouboou extravio","*Local doroubo ouextravio"
392,TOLERANCE EXTREME,"LABORATÓRIOS PIERREFABRE DO BRASIL LTDA",F1005,180,49870,918-00487/2016-1,16/5/2016,"AV BRASIL /CAMPOGRANDE"
393,XERACALM,"LABORATÓRIOS PIERREFABRE DO BRASIL LTDA",AV178,3,49286,918-00487/2016-1,16/5/2016,"AV BRASIL /CAMPOGRANDE"
394,YSTHEAL EMULSÃO,"LABORATÓRIOS PIERREFABRE DO BRASIL LTDA",F724,24,49870,918-00487/2016-1,16/5/2016,"AV BRASIL /CAMPOGRANDE"
