Ordem,Produto*,Empresa*,No de Série/ Lote*,"Quantidade Roubada/Furtada/ Extraviada*",No Nota Fiscal*,No Boletim de Ocorrência*,Data do roubo ou extravio*,Cidade*,UF*
1,ACETIL VIT C ZINCO X10 CPR EFER,"ALTHAIA S.A. INDUSTRIAFARMACEUTICA",122461,60,145.097,EP8938-1/2023,04/03/2023,"Estrada dos Alpes, 320, - Jardim Belval - 06423080 - Barueri - SP",SP
2,ACEVITON 1G 3 TB X 10 COMP EFERV,CIMED INDÚSTRIA S.A.,2214332,6,1010292,2023-006716083-001,10/01/2023,UBERLANDIA,MG
3,ACEVITON 1G 3 TB X 10 COMP EFERV,CIMED & CO S.A,2202513,1,78.780,23I0319027421,29/09/2022,RECIFE,PE
4,ACEVITON 1G TB X 10 COMP EFERV,CIMED INDÚSTRIA S.A.,2209875,100 UNIDADES,997115,2023-003007073-001,07/12/2022,UBERLÂNDIA,MG
5,ACEVITON 1G TB X 10 COMP EFERV,CIMED INDÚSTRIA S.A.,2209874,24 UNIDADES,1006693,2023-002954220-001,13/12/2022,BELO HORIZONTE,MG
6,ACEVITON 1G TB X 10 COMP EFERV,CIMED INDÚSTRIA S.A.,2209874,10,1014485,2023-006716083-001,02/01/2023,UBERLANDIA,MG
7,ACEVITON 1G TB X 10 COMP EFERV,CIMED INDÚSTRIA S.A.,2209874,12,1010292,2023-006716083-001,10/01/2023,UBERLANDIA,MG
8,ACEVITON 1G TB X 10 COMP EFERV,CIMED INDÚSTRIA S.A.,2207570,4,1021014,2023-006716083-001,11/01/2023,UBERLANDIA,MG
9,ACEVITON 1G TB X 10 COMP EFERV,CIMED INDÚSTRIA S.A.,2209874,10,1015944,2023-007163465-001,12/01/2023,BELO HORIZONTE,MG
10,ACEVITON 1G TB X 10 COMP EFERV,CIMED INDÚSTRIA S.A.,2207568,12,948041,2023-007163465-001,23/01/2023,BELO HORIZONTE,MG
11,ACEVITON 1G TB X 10 COMP EFERV,CIMED INDÚSTRIA S.A.,2209873,12,1.032.407,2023-003932020-001,09/02/2023,BELO HORIZONTE,MG
12,ACEVITON 1G TB X 10 COMP EFERV,CIMED INDÚSTRIA S.A.,2216229,60,1.039.287,2023-007376846-001,17/02/2023,UBERLÂNDIA,MG
13,ACEVITON 1G TB X 10 COMP EFERV,CIMED INDÚSTRIA S.A.,2217116,30,000.046.839,201-2251/2023,29/03/2023,CAUCAIA-CE,CE
14,ACEVITON 1G TB X 10 COMP EFERV,CIMED INDÚSTRIA S.A.,2216229,12,1.043.217,2023-008920590-001,16/03/2023,UBERLÂNDIA,MG
15,ACEVITON IMUNIDADE COMP MAST 1 FR X 60,CIMED INDÚSTRIA S.A.,2211842,4,1.043.423,2023-008717368-001,03/03/2023,UBERLÂNDIA,MG
16,ACEVITON IMUNIDADE COMP MAST 1 FR X 60,CIMED INDÚSTRIA S.A.,2211440,6,1.043.217,2023-008920590-001,16/03/2023,UBERLÂNDIA,MG
17,ACEVITON ZINCO COMP EFERV 1 TB X 10,CIMED INDÚSTRIA S.A.,2208804,10,1014485,2023-006716083-001,02/01/2023,UBERLANDIA,MG
18,ACEVITON ZINCO COMP EFERV 1 TB X 10,CIMED INDÚSTRIA S.A.,2201854,6,1010292,2023-006716083-001,10/01/2023,UBERLANDIA,MG
19,ACEVITON ZINCO COMP EFERV 1 TB X 10,CIMED INDÚSTRIA S.A.,2219533,4,1021014,2023-006716083-001,11/01/2023,UBERLANDIA,MG
20,ACEVITON ZINCO COMP EFERV 1 TB X 10,CIMED INDÚSTRIA S.A.,2209121,10,1015944,2023-007163465-001,12/01/2023,BELO HORIZONTE,MG
21,ACEVITON ZINCO COMP EFERV 1 TB X 10,CIMED & CO S.A,2209120,10,78.780,23I0319027421,29/09/2022,RECIFE,PE
22,ACEVITON ZINCO COMP EFERV 3 TB X 10,CIMED INDÚSTRIA S.A.,2207360,12 UNIDADES,996972,2023-002990540-001,23/12/2022,UBERLÂNDIA,MG
23,ACEVITON ZINCO COMP EFERV 3 TB X 10,CIMED INDÚSTRIA S.A.,2207361,8,1010292,2023-006716083-001,10/01/2023,UBERLANDIA,MG
24,ACEVITON ZINCO COMP EFERV 3 TB X 10,CIMED & CO S.A,2207353,8,78.780,23I0319027421,29/09/2022,RECIFE,PE
25,ACEVITON ZINCO COMP EFERV 3 TB X 10,CIMED INDÚSTRIA S.A.,2207520,8,1.061.473,2023-013347477-001,27/03/2023,UBERLÂNDIA,MG
26,ADDERA+CABELO E UNHA FR C/30COMP,HYPERA S.A,Q22H0229,1,22.343.811,DP2612-2/2023,09/03/2023,"RUA SETE DE SETEMBRO 100, CENTRO, GUARULHOS,SP",SP
27,ADOC ADOCYL LIQ 100ML,HYPERA S.A,H22L0087,4,22.343.811,DP2612-2/2023,09/03/2023,"RUA SETE DE SETEMBRO 100, CENTRO, GUARULHOS,SP",SP
28,ADOC ZERO CAL STEVIA LIQ 80ML,HYPERA S.A,H23A0089,1,22.343.811,DP2612-2/2023,09/03/2023,"RUA SETE DE SETEMBRO 100, CENTRO, GUARULHOS,SP",SP
29,ADOC ZERO CAL STEVIA PO C/50 ENV,HYPERA S.A,H23A0023,1,22.343.811,DP2612-2/2023,09/03/2023,"RUA SETE DE SETEMBRO 100, CENTRO, GUARULHOS,SP",SP
30,ALBOCRESIL SOL 12ML,HYPERA S.A,537012,1,22.343.811,DP2612-2/2023,09/03/2023,"RUA SETE DE SETEMBRO 100, CENTRO, GUARULHOS,SP",SP
31,ALETAM 40MG 5CAP AG,"CATALENT BRASIL LTDA(Fabricante e detentora do registro)",1163540,10 cartuchos,356426,BQ7415-2/2022,16/05/2022,"Rua Corta Vento, 6 – Tatuapé – São Paulo- SP",SP
32,ATROFEM 400MG C/48 CAPS GEL,HYPERA S.A,B22K3260,1,22.343.811,DP2612-2/2023,09/03/2023,"RUA SETE DE SETEMBRO 100, CENTRO, GUARULHOS,SP",SP
33,ATROVERAN DIP 1G C/10 COMP,HYPERA S.A,B22K0323,2,22.343.811,DP2612-2/2023,09/03/2023,"RUA SETE DE SETEMBRO 100, CENTRO, GUARULHOS,SP",SP
34,BIO 5 SACHE 4 G X 30 (AL),"UNIÃO QUÍMICA FARMACÊUTICANACIONAL",2143506,1,358362,2022-053601231-001,08/12/2022,CONTAGEM - MG,MG
35,BIO C 1 G COM EFEV TB X 30 (AL),"UNIÃO QUÍMICA FARMACÊUTICANACIONAL",2212146,6,366872,2022-056961235-001,21/12/2022,LAVRAS,MG
36,BIO C 1 G COM EFEV TB X 30 (AL),"UNIÃO QUÍMICA FARMACÊUTICANACIONAL",2212146,7,366876,2022-056961235-001,21/12/2022,LAVRAS,MG
37,BIOARGI-C 1G/1G COM EFEV X 16 (AL),"UNIÃO QUÍMICA FARMACÊUTICANACIONAL",2241503,1,366876,2022-056961235-001,21/12/2022,LAVRAS,MG
38,BIOTONICO FONTOURA N 400ML-NOVO,HYPERA S.A,B22K0039,1,22.343.811,DP2612-2/2023,09/03/2023,"RUA SETE DE SETEMBRO 100, CENTRO, GUARULHOS,SP",SP
39,CALDE KM C/30 COMP REV,"MARJAN INDUSTRIA E COMERCIOLTDA",S181,1,22.740.267,FC2916-1,13/04/2023,"Rua São Gonçalo do Rio das Pedras,35, Vila Mara-São Paulo-SP",SP
40,CETOBETA POM MLT 1 BGAL X 30G,Cellera Farmacêutica,00035992,160,49343,2022-042498654-001,27/09/2022,Pouso Alegre,MG
41,CIMEGRIPE C + ZINCO COMP EFEV 1 TB X 10,CIMED INDÚSTRIA S.A.,2202390,160,1017783,2023-007163465-001,13/01/2023,BELO HORIZONTE,MG
42,CIMEGRIPE C + ZINCO COMP EFEV 1 TB X 10,CIMED INDÚSTRIA S.A.,2202390,200,1017783,2023-007163465-001,13/01/2023,BELO HORIZONTE,MG
43,CIMEGRIPE C + ZINCO COMP EFEV 1 TB X 10,CIMED INDÚSTRIA S.A.,2207548,12,001046135-20,2023-008920590-001,27/02/2023,UBERLÂNDIA,MG
44,CIMEGRIPE C + ZINCO COMP EFEV 1 TB X 10,CIMED INDÚSTRIA S.A.,2219661,30,000.046.839,201-2251/2023,29/03/2023,CAUCAIA-CE,CE
45,CIMEGRIPE IMUNE COMP EFEV 1 TBX16,CIMED INDÚSTRIA S.A.,2204280,4,1.061.473,2023-013347477-001,27/03/2023,UBERLÂNDIA,MG
46,COGNICX 60 CAPSULAS X BLISTER (AL),"UNIÃO QUÍMICA FARMACÊUTICANACIONAL",2246409,3,366.236,2023-007341260-001,16/01/2023,CONTAGEM,MG
47,COLACT 667MG/ML LIQ AMEIXA X120ML (AL),"UNIÃO QUÍMICA FARMACÊUTICANACIONAL",2202199,1,303797,2022-053601231-001,08/12/2022,CONTAGEM - MG,MG
48,COLACT 667MG/ML LIQ AMEIXA X120ML (AL),"UNIÃO QUÍMICA FARMACÊUTICANACIONAL",2224071,6,350451,2022-053601231-001,08/12/2022,CONTAGEM - MG,MG
49,COLACT 667MG/ML LIQ AMEIXA X120ML (AL),"UNIÃO QUÍMICA FARMACÊUTICANACIONAL",2208949,1 CARTUCHO,609484,KR4831-1/2022,03/09/2022,GUARULHOS / SP,SP
50,COLACT 667MG/ML LIQ AMEIXA X120ML (AL),"UNIÃO QUÍMICA FARMACÊUTICANACIONAL",2243638,2,368.162,2023-007341260-0001,16/01/2023,CONTAGEM,MG
51,COLACT 667MG/ML LIQ FRUTAS X120ML (AL),"UNIÃO QUÍMICA FARMACÊUTICANACIONAL",2243668,210 CARTUCHOS,681530,2022-056961235-001,21/12/2022,LAVRAS / MG,MG
52,COLACT 667MG/ML LIQ X 120ML (AL),"UNIÃO QUÍMICA FARMACÊUTICANACIONAL",2205732,2 CARTUCHOS,600629,KR4831-1/2022,03/09/2022,GUARULHOS / SP,SP
53,COLATEN CAP DURA CT C/30 OR,Marjan Indústria e Comércio Ltda,R883,20,"No: 000342359;No: 000342214;No: 000342241;No: 000342217;No: 000342236.",NA,05/05/2023,Serra,ES
54,COLATEN CAP DURA CT C/30 OR,MARJAN Indústria e Comércio Ltda.,R883,20,"No 000342359; No 000342214;No 000342241; No 000342217;No 000342236.",NA,05/05/2023,Serra,ES
55,CURC 400MG C/30 COMP,HYPERA S.A,Q22L0171,1,22.343.811,DP2612-2/2023,09/03/2023,"RUA SETE DE SETEMBRO 100, CENTRO, GUARULHOS,SP",SP
56,ENERGYZIP BAUNILHA 200ML,PRODIET,220040054,36 FRASCOS,88586,KP7935-1/2022,13/12/2022,"AVENIDA NOVA CANTAREIRA, 7300 - TREMEMBE - SP",SP
57,ENERGYZIP BAUNILHA 200ML,PRODIET,220040054,24 CAIXAS,88590,KP7935-1/2022,13/12/2022,"AVENIDA NOVA CANTAREIRA, 7300 - TREMEMBE - SP",SP
58,ENERGYZIP CHOCOLATE 200ML,PRODIET,220060053,36 FRASCOS,88586,KP7935-1/2022,13/12/2022,"AVENIDA NOVA CANTAREIRA, 7300 - TREMEMBE - SP",SP
59,ENERGYZIP CHOCOLATE 200ML,PRODIET,220060053,24 CAIXAS,88590,KP7935-1/2022,13/12/2022,"AVENIDA NOVA CANTAREIRA, 7300 - TREMEMBE - SP",SP
60,ENERGYZIP MORANGO 200ML,PRODIET,220010055,36 FRASCOS,88586,KP7935-1/2022,13/12/2022,"AVENIDA NOVA CANTAREIRA, 7300 - TREMEMBE - SP",SP
61,ENERGYZIP MORANGO 200ML,PRODIET,220010055,24 CAIXAS,88590,KP7935-1/2022,13/12/2022,"AVENIDA NOVA CANTAREIRA, 7300 - TREMEMBE - SP",SP
62,ENGOV AFTER ABACAXI 250ML,COSMED,B22C1477,01 UNID,18686698,2023-002559140-001,17/01/2023,CURVELO/MG,MG
63,ENGOV AFTER BERRY 250ML,COSMED,Q22F0180,01 UNID,18686698,2023-002559140-001,17/01/2023,CURVELO/MG,MG
64,ENGOV AFTER BERRY VIBES FR 250ML,Hypera,N/A,1,702.271,B.O N°  LI0367-1-2022,27.12.2022,Itaquaquecetuba - SP,SP
65,ENGOV AFTER CITRUS 250ML,COSMED,Q22H0041,01 UNID,18686698,2023-002559140-001,17/01/2023,CURVELO/MG,MG
66,ENGOV AFTER CITRUS FR 250ML,HYPERA S.A,Q22H0042,1,22.343.811,DP2612-2/2023,09/03/2023,"RUA SETE DE SETEMBRO 100, CENTRO, GUARULHOS,SP",SP
67,ENGOV AFTER RED HITS 250ML,HYPERA S.A,Q22H0131,4,22.343.811,DP2612-2/2023,09/03/2023,"RUA SETE DE SETEMBRO 100, CENTRO, GUARULHOS,SP",SP
68,ENGOV AFTER RED HITS 250ML,Hypera,N/A,1,702.271,B.O N°  LI0367-1-2022,27.12.2022,Itaquaquecetuba - SP,SP
69,ENGOV AFTER TANGERINA 250ML,COSMED,Q22H0068,03 UNID,18686698,2023-002559140-001,17/01/2023,CURVELO/MG,MG
70,ENGOV AFTER TANGERINA FR 250ML,HYPERA S.A,Q22H0064,1,22.343.811,DP2612-2/2023,09/03/2023,"RUA SETE DE SETEMBRO 100, CENTRO, GUARULHOS,SP",SP
71,ENGOV AFTER TANGERINA FR 250ML,Hypera,N/A,1,702.271,B.O N°  LI0367-1-2022,27.12.2022,Itaquaquecetuba - SP,SP
72,EQUALIV ARGININA VIT C X30 CAP,"ALTHAIA S.A. INDUSTRIAFARMACEUTICA",22110237,11,132.010,25171/2023,20/12/2022,"BR 135 Rua 01, No 05 Galpão B, bairro Distrito Industrial - SãoLuis - MA",MA
73,EQUALIV BODY FRUTAS VERMELHAS X600G,"ALTHAIA S.A. INDUSTRIAFARMACEUTICA",22080098,2,0,82074/2022,26/09/2022,"BR 135 rua 01, bairro Distrito Industrial, no 5, galpão B, São Luis -MA",MA
74,EQUALIV BODY PROTEIN CACAU X600G,"ALTHAIA S.A. INDUSTRIAFARMACEUTICA",22080098,2,0,82074/2022,26/09/2022,"BR 135 rua 01, bairro Distrito Industrial, no 5, galpão B, São Luis -MA",MA
75,EQUALIV BODY PROTEIN CACAU X600G,"ALTHAIA S.A INDUSTRIAFARMACEUTICA",23030173,6,152.282,FP6335-1/2023,12/04/2023,"Avenida Portugal, 11000,-Itaqui - 066960600-Itapevi - SP",
76,EQUALIV BODY PROTEIN VANILLA X440G,"ALTHAIA S.A. INDUSTRIAFARMACEUTICA",22110179,2,132255,2022-055634684-001,21/12/2022,"RUA JOSE ALVES DA SILVA, N°15, CAICARA, BELOHORIZONTE, MG.",MG
77,EQUALIV BODY PROTEIN VANILLA X440G,"ALTHAIA S.A. INDUSTRIAFARMACEUTICA",22070202,1,0,82074/2022,26/09/2022,"BR 135 rua 01, bairro Distrito Industrial, no 5, galpão B, São Luis -MA",MA
78,EQUALIV BODY PROTEIN VANILLA X440G,"ALTHAIA S.A. INDUSTRIAFARMACEUTICA",22100103,13,131.029,2023-013176554-001,22/02/2023,"Rodovia BR 381, no 850, Pouso Alegre - MG",MG
79,EQUALIV BODY PROTEIN X450G,"ALTHAIA S.A. INDUSTRIAFARMACEUTICA",22060001,1,0,82074/2022,26/09/2022,"BR 135 rua 01, bairro Distrito Industrial, no 5, galpão B, São Luis -MA",MA
80,EQUALIV BODY PROTEIN X450G,"ALTHAIA S.A. INDUSTRIAFARMACEUTICA",23020009,13,147784,931 - 72361 / 2023,03/04/2023,"BR Quarto Anel Viário, 4902, Bairro Boa Esperança, Maracanau -CE",CE
81,EQUALIV CALCITRATUS X30 CPR,"ALTHAIA S.A. INDUSTRIAFARMACEUTICA",22100105,6,126607,92865/2022,22/12/2022,"BR 135 RUA 01, bairro Distrito Industrial, São Luis - MA",MA
82,EQUALIV CALCITRATUS X30 CPR,"ALTHAIA S.A. INDUSTRIAFARMACEUTICA",22100105,6,126608,92865/2022,22/12/2022,"BR 135 RUA 01, bairro Distrito Industrial, São Luis - MA",MA
83,EQUALIV CALCITRATUS X30 CPR,"ALTHAIA S.A. INDUSTRIAFARMACEUTICA",22100105,6,126606,92865/2022,22/12/2022,"BR 135 RUA 01, bairro Distrito Industrial, São Luis - MA",MA
84,EQUALIV CALCITRATUS X30 CPR,"ALTHAIA S.A. INDUSTRIAFARMACEUTICA",22100105,6,126609,92865/2022,22/12/2022,"BR 135 RUA 01, bairro Distrito Industrial, São Luis - MA",MA
85,EQUALIV CARTLIV ULTRA X60 CAP,"ALTHAIA S.A. INDUSTRIAFARMACEUTICA",22100139,3,126607,92865/2022,22/12/2022,"BR 135 RUA 01, bairro Distrito Industrial, São Luis - MA",MA
86,EQUALIV CARTLIV ULTRA X60 CAP,"ALTHAIA S.A. INDUSTRIAFARMACEUTICA",22100139,3,126608,92865/2022,22/12/2022,"BR 135 RUA 01, bairro Distrito Industrial, São Luis - MA",MA
87,EQUALIV CARTLIV ULTRA X60 CAP,"ALTHAIA S.A. INDUSTRIAFARMACEUTICA",22100139,3,126606,92865/2022,22/12/2022,"BR 135 RUA 01, bairro Distrito Industrial, São Luis - MA",MA
88,EQUALIV CARTLIV ULTRA X60 CAP,"ALTHAIA S.A. INDUSTRIAFARMACEUTICA",22100139,3,126609,92865/2022,22/12/2022,"BR 135 RUA 01, bairro Distrito Industrial, São Luis - MA",MA
89,EQUALIV COLAGENO 4G X30 SCH NEUTRO,"ALTHAIA S.A. INDUSTRIAFARMACEUTICA",22020270,2,126607,92865/2022,22/12/2022,"BR 135 RUA 01, bairro Distrito Industrial, São Luis - MA",MA
90,EQUALIV COLAGENO 4G X30 SCH NEUTRO,"ALTHAIA S.A. INDUSTRIAFARMACEUTICA",22020270,3,126608,92865/2022,22/12/2022,"BR 135 RUA 01, bairro Distrito Industrial, São Luis - MA",MA
91,EQUALIV COLAGENO 4G X30 SCH NEUTRO,"ALTHAIA S.A. INDUSTRIAFARMACEUTICA",22020270,3,126609,92865/2022,22/12/2022,"BR 135 RUA 01, bairro Distrito Industrial, São Luis - MA",MA
92,EQUALIV GLUTAMINA X300G,"ALTHAIA S.A. INDUSTRIAFARMACEUTICA",22030213,1,0,82074/2022,26/09/2022,"BR 135 rua 01, bairro Distrito Industrial, no 5, galpão B, São Luis -MA",MA
93,"EQUALIV MELATONINA 0,21MG X120","ALTHAIA S.A. INDUSTRIAFARMACEUTICA",23010056,60,145.097,EP8938-1/2023,04/03/2023,"Estrada dos Alpes, 320, - Jardim Belval - 06423080 - Barueri - SP",SP
94,EQUALIV MELATONINA 210MCG X30ML GOT,"ALTHAIA S.A. INDUSTRIAFARMACEUTICA",22110091,120,145.097,EP8938-1/2023,04/03/2023,"Estrada dos Alpes, 320, - Jardim Belval - 06423080 - Barueri - SP",SP
95,EQUALIV MELATONINA TRIPTOFANO X60 CAP,"ALTHAIA S.A. INDUSTRIAFARMACEUTICA",22120025,35,145.097,EP8938-1/2023,04/03/2023,"Estrada dos Alpes, 320, - Jardim Belval - 06423080 - Barueri - SP",SP
96,EQUALIV NUTRI HOMEM X60 CAP GEL,"ALTHAIA S.A. INDUSTRIAFARMACEUTICA",22070026,20,126607,92865/2022,22/12/2022,"BR 135 RUA 01, bairro Distrito Industrial, São Luis - MA",MA
97,EQUALIV NUTRI HOMEM X60 CAP GEL,"ALTHAIA S.A. INDUSTRIAFARMACEUTICA",22070026,6,126608,92865/2022,22/12/2022,"BR 135 RUA 01, bairro Distrito Industrial, São Luis - MA",MA
98,EQUALIV NUTRI HOMEM X60 CAP GEL,"ALTHAIA S.A. INDUSTRIAFARMACEUTICA",22070026,12,126606,92865/2022,22/12/2022,"BR 135 RUA 01, bairro Distrito Industrial, São Luis - MA",MA
99,EQUALIV NUTRI HOMEM X60 CAP GEL,"ALTHAIA S.A. INDUSTRIAFARMACEUTICA",22070026,20,126609,92865/2022,22/12/2022,"BR 135 RUA 01, bairro Distrito Industrial, São Luis - MA",MA
100,EQUALIV NUTRI MULHER X60 CAP,"ALTHAIA S.A. INDUSTRIAFARMACEUTICA",22030036,20,126607,92865/2022,22/12/2022,"BR 135 RUA 01, bairro Distrito Industrial, São Luis - MA",MA
101,EQUALIV NUTRI MULHER X60 CAP,"ALTHAIA S.A. INDUSTRIAFARMACEUTICA",22030036,12,126608,92865/2022,22/12/2022,"BR 135 RUA 01, bairro Distrito Industrial, São Luis - MA",MA
102,EQUALIV NUTRI MULHER X60 CAP,"ALTHAIA S.A. INDUSTRIAFARMACEUTICA",22030036,20,126606,92865/2022,22/12/2022,"BR 135 RUA 01, bairro Distrito Industrial, São Luis - MA",MA
103,EQUALIV NUTRI MULHER X60 CAP,"ALTHAIA S.A. INDUSTRIAFARMACEUTICA",22030036,10,126609,92865/2022,22/12/2022,"BR 135 RUA 01, bairro Distrito Industrial, São Luis - MA",MA
104,EQUALIV OMEGA 3 PRO KIDS OIL X30 CAP,"ALTHAIA S.A. INDUSTRIAFARMACEUTICA",22080163,24,145.097,EP8938-1/2023,04/03/2023,"Estrada dos Alpes, 320, - Jardim Belval - 06423080 - Barueri - SP",SP
105,EQUALIV OMEGA 3 ULTRA CAPS X120 CAP,"ALTHAIA S.A. INDUSTRIAFARMACEUTICA",23010064,12,141.084,"28876262,00",10/02/2023,"Avenida maria melo N° 318, QD: 02, LT: 11, No: 318, BAIRRO:ZONA INDUSTRIAL PEDRO ABRÃO,CIDADE: GOIÂNIA, ESTADO: GOIÁS CEP: 74583-285",GO
106,EQUALIV OMEGA 3 ULTRA CAPS X120 CAP,"ALTHAIA S.A. INDUSTRIAFARMACEUTICA",23010064,6,145.097,EP8938-1/2023,04/03/2023,"Estrada dos Alpes, 320, - Jardim Belval - 06423080 - Barueri - SP",SP
107,EQUALIV OMEGA 3 ULTRA CAPS X60 CAP,"ALTHAIA S.A. INDUSTRIAFARMACEUTICA",22100259,3,126608,92865/2022,22/12/2022,"BR 135 RUA 01, bairro Distrito Industrial, São Luis - MA",MA
108,EQUALIV OMEGA 3 ULTRA CAPS X60 CAP,"ALTHAIA S.A. INDUSTRIAFARMACEUTICA",22100259,6,126606,92865/2022,22/12/2022,"BR 135 RUA 01, bairro Distrito Industrial, São Luis - MA",MA
109,EQUALIV OMEGA 3 ULTRA CAPS X60 CAP,"ALTHAIA S.A. INDUSTRIAFARMACEUTICA",22100259,3,126609,92865/2022,22/12/2022,"BR 135 RUA 01, bairro Distrito Industrial, São Luis - MA",MA
110,EQUALIV OMEGA 3 ULTRA CAPS X60 CAP,"ALTHAIA S.A. INDUSTRIAFARMACEUTICA",22120055,12,145.097,EP8938-1/2023,04/03/2023,"Estrada dos Alpes, 320, - Jardim Belval - 06423080 - Barueri - SP",SP
111,EQUALIV OMEGA 3 X180 CAP,"ALTHAIA S.A. INDUSTRIAFARMACEUTICA",22100181,2,126607,92865/2022,22/12/2022,"BR 135 RUA 01, bairro Distrito Industrial, São Luis - MA",MA
112,EQUALIV OMEGA 3 X180 CAP,"ALTHAIA S.A. INDUSTRIAFARMACEUTICA",22100181,2,126608,92865/2022,22/12/2022,"BR 135 RUA 01, bairro Distrito Industrial, São Luis - MA",MA
113,EQUALIV OMEGA 3 X180 CAP,"ALTHAIA S.A. INDUSTRIAFARMACEUTICA",22100181,2,126606,92865/2022,22/12/2022,"BR 135 RUA 01, bairro Distrito Industrial, São Luis - MA",MA
114,EQUALIV OMEGA 3 X180 CAP,"ALTHAIA S.A. INDUSTRIAFARMACEUTICA",22100181,2,126609,92865/2022,22/12/2022,"BR 135 RUA 01, bairro Distrito Industrial, São Luis - MA",MA
115,EQUALIV OMEGA MIX X60 CAP,"ALTHAIA S.A. INDUSTRIAFARMACEUTICA",22070027,6,126607,92865/2022,22/12/2022,"BR 135 RUA 01, bairro Distrito Industrial, São Luis - MA",MA
116,EQUALIV OMEGA MIX X60 CAP,"ALTHAIA S.A. INDUSTRIAFARMACEUTICA",22070027,6,126608,92865/2022,22/12/2022,"BR 135 RUA 01, bairro Distrito Industrial, São Luis - MA",MA
117,EQUALIV OMEGA MIX X60 CAP,"ALTHAIA S.A. INDUSTRIAFARMACEUTICA",22070027,12,126606,92865/2022,22/12/2022,"BR 135 RUA 01, bairro Distrito Industrial, São Luis - MA",MA
118,EQUALIV OMEGA MIX X60 CAP,"ALTHAIA S.A. INDUSTRIAFARMACEUTICA",22070027,6,126609,92865/2022,22/12/2022,"BR 135 RUA 01, bairro Distrito Industrial, São Luis - MA",MA
119,EQUALIV VEGAN POWER SENIOR X30 CAP,"ALTHAIA S.A. INDUSTRIAFARMACEUTICA",21080294,35,134.496,2023-012090946-001,23/02/2023,"Avenida Elias Guersoni, 251, galpão 3, bairro Jardim Califórnia -Pouso Alegre",MG
120,EQUALIV VIT D 200UI X30ML SOL OR GOT,"ALTHAIA S.A. INDUSTRIAFARMACEUTICA",22020033,20,126607,92865/2022,22/12/2022,"BR 135 RUA 01, bairro Distrito Industrial, São Luis - MA",MA
121,EQUALIV VITAMINA C 500MG X30 CPR,"ALTHAIA S.A. INDUSTRIAFARMACEUTICA",22040133,100,145.097,EP8938-1/2023,04/03/2023,"Estrada dos Alpes, 320, - Jardim Belval - 06423080 - Barueri - SP",SP
122,EQUALIV VITAMINA CDZ X30 CPR,"ALTHAIA S.A. INDUSTRIAFARMACEUTICA",22060063,4,126609,92865/2022,22/12/2022,"BR 135 RUA 01, bairro Distrito Industrial, São Luis - MA",MA
123,EXIMIA FORTALIZE KERA D 30COMP,DIVCOM S A,222890,1,22.739.563,FC2916-1,13/04/2023,"Rua São Gonçalo do Rio das Pedras,35, Vila Mara-São Paulo-SP",SP
124,FLORASTOR CAP X 12 (AL),"UNIÃO QUÍMICA FARMACÊUTICANACIONAL",2231678,2,357380,2022-053654728-001,19/11/2022,UBERLÂNDIA - MG,MG
125,FLORASTOR SACHE 4G X 6 (AL),"UNIÃO QUÍMICA FARMACÊUTICANACIONAL",2243304,4,368.162,2023-007341260-001,16/01/2023,CONTAGEM,MG
126,FONT D GOTAS FR 10ML (AL),"UNIÃO QUÍMICA FARMACÊUTICANACIONAL",2225560,2,357380,2022-053654728-001,19/11/2022,UBERLÂNDIA - MG,MG
127,FROW FERRO,CIFARMA,016/20,06 UN,234401,26292298,31/08/2022,A PARECIDA DE GOIÂNIA,GO
128,GROW CALCIO,CIFARMA,6GA68,06 UN,334790,27690535,06/12/2022,APARECIDA DE GOIÂNIA,GO
129,GROW D X 10ML,CIFARMA,6GA86,06 UN,318058,27220032,03/11/2022,APARECIDA DE GOIÂNIA,GO
130,GROW FERRO,CIFARMA,6GB91,12 UN,334790,27690535,06/12/2022,APARECIDA DE GOIÂNIA,GO
131,GROW FERRO,CIFARMA,6GB91,03 UN,336503,"27690535,00",06/12/2022,APARECIDA DE GOIÂNIA,GO
132,GROW FERRO,CIFARMA,6GA84,02 UN,324580,26927820,14/10/2022,Aparecida de Goiânia,GO
133,GROW IMUNE,CIFARMA,6GB86,03UN,336503,"27690535,00",06/12/2022,APARECIDA DE GOIÂNIA,GO
134,GROW VIT,CIFARMA,6GB02,06 UN,324580,26927820,14/10/2022,Aparecida de Goiânia,GO
135,GROW VIT BB,CIFRMA,6GB56,40 UN,136439,IH4899-1/2022,20/09/2022,RIBEIRÃO PRETO,SP
136,GROW VIT BB,CIFRMA,6FC53,5 UN,291.834,"27513815,00",29/03/2022,GOIÂNIA,GO
137,GROW ZINCO,CIFARMA,6GB64,02UN,336503,"27690535,00",06/12/2022,APARECIDA DE GOIÂNIA,GO
138,GROW ZINCO,CIFARMA,6GB06,02 UN,324580,26927820,14/10/2022,Aparecida de Goiânia,GP
139,GROW ZINCO X 100 ML SOL,CIFARMA,6GB38,02 UN,318058,27220032,03/11/2022,APARECIDA DE GOIÂNIA,GO
140,GROW ZINCO X 100 MLSOL,CIFARMA,6GB06,04 UN,318058,27220032,03/11/2022,APARECIDA DE GOIÂNIA,GO
141,GROWVIT,CIFARMA,6GB77,02UN,336503,"27690535,00",06/12/2022,APARECIDA DE GOIÂNIA,GO
142,HEPAMED ABACAXI SOL ORAL 48 FLAC X 10 ML,CIMED INDÚSTRIA S.A.,2221502,3,1.043.347,2023-008920590-001,16/03/2023,UBERLÂNDIA,MG
143,HEPAMED ABACAXI SOL ORAL 48 FLAC X 10 ML,CIMED INDÚSTRIA S.A.,2224854,6,1.055.330,2023-011913764-001,16/03/2023,BELO HORIZONTE,MG
144,HEPAMED ABACAXI SOL ORAL 48 FLAC X 10 ML,CIMED INDÚSTRIA S.A.,2224854,1 UNIDADE,1.049.010,2023-012334728-001,28/03/2023,UBERLÂNDIA,MG
145,HEPAMED SOL OR 48 FLAC X 10ML SBR ABAC,CIMED INDÚSTRIA S.A.,2215624,1 UNIDADE,1010292,2023-006716083-001,10/01/2023,UBERLANDIA,MG
146,HEPAMED SOL OR 48 FLAC X 10ML SBR ABAC,CIMED INDÚSTRIA S.A.,2224851,1 UNIDADE,001046135-20,2023-008920590-001,27/02/2023,UBERLÂNDIA,MG
147,IMOLAC,CIFARMA,3OF28,07 UN,324580,26927820,14/10/2022,Aparecida de Goiânia,GO
148,IMOLAC 120 ML,CIFARMA,6FA56,13  UN,234401,26292298,31/08/2022,A PARECIDA DE GOIÂNIA,GO
149,IMOLAC 200 ML,CIFARMA,6FA56,08 UN,231635,26292298,31/08/2022,APARECIDA DE GOIÂNIA,GO
150,LAC 0 COMP MAST 1 BL ALU ALU X 10,CIMED INDÚSTRIA S.A.,2224891,6,1.060.902,2023-013347477-001,28/03/2023,UBERLÂNDIA,MG
151,LACTO LEVE SABOR AMEIXA FR 120ML,HYPERA S.A,Q22G0082,3,22.343.811,DP2612-2/2023,09/03/2023,"RUA SETE DE SETEMBRO 100, CENTRO, GUARULHOS,SP",SP
152,LACTO PURGA LEVE SEM SABOR 120ML,HYPERA S.A,Q22C0334,1,22.343.811,DP2612-2/2023,09/03/2023,"RUA SETE DE SETEMBRO 100, CENTRO, GUARULHOS,SP",SP
153,LACTOLINEA 667MG SOL OR FR 120ML SBR AME,CIMED INDÚSTRIA S.A.,2218812,180 UNIDADES,986892,2023-002954220-001,15/12/2022,BELO HORIZONTE,MG
154,LACTOLINEA 667MG SOL OR FR 120ML SBR AME,CIMED INDÚSTRIA S.A.,2218812,20 UNIDADES,986892,2023-002954220-001,15/12/2022,BELO HORIZONTE,MG
155,LACTOLINEA 667MG SOL OR FR 120ML SBR AME,CIMED INDÚSTRIA S.A.,2218811,180 UNIDADES,1005055,2023-002967007-001,21/12/2022,BELO HORIZONTE,MG
156,LACTOLINEA 667MG SOL OR FR 120ML SBR AME,CIMED INDÚSTRIA S.A.,2218811,20 UNIDADES,1005055,2023-002967007-001,21/12/2022,BELO HORIZONTE,MG
157,LACTOLINEA 667MG SOL OR FR 120ML SBR AME,CIMED INDÚSTRIA S.A.,2210196,25,873586,2023-007163465-001,11/01/2023,BELO HORIZONTE,MG
158,LACTOLINEA 667MG SOL OR FR 120ML SBR AME,CIMED INDÚSTRIA S.A.,2217419,3,1.061.473,2023-013347477-001,27/03/2023,UBERLÂNDIA,MG
159,LAVITAN 50+ MULHER COMP REV X 60,CIMED INDÚSTRIA S.A.,2211220,2,983534,2022-053657656-001,21/11/2022,UBERLÂNDIA,MG
160,LAVITAN 50+ MULHER COMP REV X 60,CIMED INDÚSTRIA S.A.,2211221,4 UNIDADES,1030289,3157748200113010003,13/01/2023,GOVERNADOR VALADARES,MG
161,LAVITAN 50+ MULHER COMP REV X 60,CIMED INDÚSTRIA S.A.,2211220,2,001047329-20,2023-009570350-001,28/02/2023,UBERLÂNDIA,MG
162,LAVITAN 50+ MULHER COMP REV X 60,CIMED INDÚSTRIA S.A.,2211220,36,1.048.232,2023-012334728-001,06/03/2023,UBERLÂNDIA,MG
163,LAVITAN AZ MULHER CBF COMP REV FR C/60,CIMED INDÚSTRIA S.A.,2212960,12 UNIDADES,993052,2023-002954220-001,09/12/2022,BELO HORIZONTE,MG
164,LAVITAN AZ MULHER CBF COMP REV FR C/60,CIMED INDÚSTRIA S.A.,2212960,18 UNIDADES,991484,2023-002967007-001,22/12/2022,BELO HORIZONTE,MG
165,LAVITAN CALCIO + D1000UI COMP REV FRX60,CIMED INDÚSTRIA S.A.,2213273,2,1001923,2023-004283668-001,05/01/2023,POUSO ALEGRE,MG
166,LAVITAN CALCIO MDK 3 BL X 10 CPRV,CIMED INDÚSTRIA S.A.,2212686,4,983534,2022-053657656-001,21/11/2022,UBERLÂNDIA,MG
167,LAVITAN CALCIO MDK 3 BL X 10 CPRV,CIMED INDÚSTRIA S.A.,2219136,6 UNIDADES,991484,2023-002967007-001,22/12/2022,BELO HORIZONTE,MG
168,LAVITAN CALCIO MDK 3 BL X 10 CPRV,CIMED INDÚSTRIA S.A.,2219136,3,1001923,2023-004283668-001,05/01/2023,POUSO ALEGRE,MG
169,LAVITAN CALCIO MDK 3 BL X 10 CPRV,CIMED INDÚSTRIA S.A.,2225191,4,1.032.407,2023-003932020-001,09/02/2023,BELO HORIZONTE,MG
170,LAVITAN CALCIO MDK 3 BL X 10 CPRV,CIMED INDÚSTRIA S.A.,2300753,1 UNIDADE,1.043.217,2023-008920590-001,16/03/2023,UBERLÂNDIA,MG
171,LAVITAN COLAGENO TIPO II 2 BL X 15 CAPS,CIMED INDÚSTRIA S.A.,2217045,2,983534,2022-053657656-001,21/11/2022,UBERLÂNDIA,MG
172,LAVITAN COLAGENO TIPO II 2 BL X 15 CAPS,CIMED INDÚSTRIA S.A.,2225823,3,1.032.407,2023-003932020-001,09/02/2023,BELO HORIZONTE,MG
173,LAVITAN COLAGENO TIPO II 2 BL X 15 CAPS,CIMED INDÚSTRIA S.A.,2300873,1 UNIDADE,001047329-20,2023-009570350-001,28/02/2023,UBERLÂNDIA,MG
174,LAVITAN CRANBERRY CAPS FR X 30,CIMED INDÚSTRIA S.A.,2212880,4 UNIDADES,1006693,2023-002954220-001,13/12/2022,BELO HORIZONTE,MG
175,LAVITAN CRANBERRY CAPS FR X 30,CIMED INDÚSTRIA S.A.,2209824,1 UNIDADE,948041,2023-007163465-001,23/01/2023,BELO HORIZONTE,MG
176,LAVITAN CRANBERRY CAPS FR X 30,CIMED INDÚSTRIA S.A.,2216235,1 UNIDADE,1.043.217,2023-008920590-001,16/03/2023,UBERLÂNDIA,MG
177,LAVITAN DETOX COMP EFEV 1 TB X 16,CIMED INDÚSTRIA S.A.,2125421,3 UNIDADES,991484,2023-002967007-001,22/12/2022,BELO HORIZONTE,MG
178,LAVITAN DETOX COMP EFEV 1 TB X 16,CIMED INDÚSTRIA S.A.,2120030,36 UNIDADES,996972,2023-002990540-001,23/12/2022,UBERLÂNDIA,MG
179,LAVITAN ESPORTE COMP REV FR X 60,CIMED INDÚSTRIA S.A.,2208260,3,1001923,2023-004283668-001,05/01/2023,POUSO ALEGRE,MG
180,LAVITAN IMUNIDADE CDZ COMP EFERV 1TBX16,CIMED INDÚSTRIA S.A.,2217948,4,983534,2022-053657656-001,21/11/2022,UBERLÂNDIA,MG
181,LAVITAN IMUNIDADE CDZ COMP EFERV 1TBX16,CIMED INDÚSTRIA S.A.,2222955,12 UNIDADES,1006693,2023-002954220-001,13/12/2022,BELO HORIZONTE,MG
182,LAVITAN IMUNIDADE CDZ COMP EFERV 1TBX16,CIMED INDÚSTRIA S.A.,2217948,2,1001923,2023-004283668-001,05/01/2023,POUSO ALEGRE,MG
183,LAVITAN IMUNIDADE CDZSE COMP REV FR X 30,CIMED INDÚSTRIA S.A.,2119005,8,949673,2022-053657656-001,10/11/2022,UBERLÂNDIA,MG
184,LAVITAN IMUNIDADE CDZSE COMP REV FR X 30,CIMED INDÚSTRIA S.A.,2116430,1 UNIDADE,1006693,2023-002954220-001,13/12/2022,BELO HORIZONTE,MG
185,LAVITAN IMUNIDADE CDZSE COMP REV FR X 30,CIMED INDÚSTRIA S.A.,2119439,8 UNIDADES,991484,2023-002967007-001,22/12/2022,BELO HORIZONTE,MG
186,LAVITAN IMUNIDADE CDZSE COMP REV FR X 30,CIMED & CO S.A,2217459,10,78.780,23I0319027421,29/09/2022,RECIFE,PE
187,LAVITAN LUTEINA CAPS FR C/ 60,CIMED INDÚSTRIA S.A.,2206982,1 UNIDADE,979414,2022-053657656-001,16/11/2022,UBERLÂNDIA,MG
188,LAVITAN LUTEINA CAPS FR C/ 60,CIMED INDÚSTRIA S.A.,2225753,2,001048156-20,2023-009570350-001,28/02/2023,UBERLÂNDIA,MG
189,LAVITAN LUTEINA CAPS FR C/ 60,CIMED INDÚSTRIA S.A.,2225753,1 UNIDADE,1.043.259,2023-008717368-001,03/03/2023,UBERLÂNDIA,MG
190,LAVITAN LUTEINA CAPS FR C/ 60,CIMED INDÚSTRIA S.A.,2225753,1 UNIDADE,1.043.423,2023-008717368-001,03/03/2023,UBERLÂNDIA,MG
191,LAVITAN LUTEINA CAPS FR C/ 60,CIMED INDÚSTRIA S.A.,2225753,3,1.049.300,2023-011913764-001,14/03/2023,BELO HORIZONTE,MG
192,"LAVITAN MELATONINA 0,21MG CP PT 150 MOR",CIMED INDÚSTRIA S.A.,2217689,20 UNIDADES,997916,2023-002967007-001,22/12/2022,BELO HORIZONTE,MG
193,"LAVITAN MELATONINA 0,21MG CP PT 150 MOR",CIMED INDÚSTRIA S.A.,2219814,2,1.043.259,2023-008717368-001,03/03/2023,UBERLÂNDIA,MG
194,"LAVITAN MELATONINA 0,21MG CP PT 150 MOR",CIMED INDÚSTRIA S.A.,2219814,1 UNIDADE,1.043.423,2023-008717368-001,03/03/2023,UBERLÂNDIA,MG
195,"LAVITAN MELATONINA 0,21MG CP PT 150 MOR",CIMED INDÚSTRIA S.A.,2219814,12,1.048.232,2023-012334728-001,06/03/2023,UBERLÂNDIA,MG
196,"LAVITAN MELATONINA 0,21MG CP PT 150 MOR",CIMED INDÚSTRIA S.A.,2219814,24,1.048.232,2023-012334728-001,06/03/2023,UBERLÂNDIA,MG
197,"LAVITAN MELATONINA 0,21MG CP PT 150 MOR",CIMED INDÚSTRIA S.A.,2219814,12,1.048.232,2023-012334728-001,06/03/2023,UBERLÂNDIA,MG
198,"LAVITAN MELATONINA 0,21MG CP PT 90 MAR",CIMED INDÚSTRIA S.A.,2222300,4 UNIDADES,1030289,3157748200113010003,13/01/2023,GOVERNADOR VALADARES,MG
199,"LAVITAN MELATONINA 0,21MG CP PT 90 MAR",CIMED INDÚSTRIA S.A.,2218010,4,1015944,2023-007163465-001,12/01/2023,BELO HORIZONTE,MG
200,"LAVITAN MELATONINA 0,21MG CP PT 90 MAR",CIMED & CO S.A,2215718,2,78.780,23I0319027421,29/09/2022,RECIFE,PE
201,"LAVITAN MELATONINA 0,21MG CP PT 90 MAR",CIMED INDÚSTRIA S.A.,2302180,12,1.048.232,2023-012334728-001,06/03/2023,UBERLÂNDIA,MG
202,"LAVITAN MELATONINA 0,21MG CP PT 90 MAR",CIMED INDÚSTRIA S.A.,2302181,2,1.061.473,2023-013347477-001,27/03/2023,UBERLÂNDIA,MG
203,"LAVITAN MELATONINA 0,21MG CP PT 90 MOR",CIMED INDÚSTRIA S.A.,2217687,8 UNIDADES,1006693,2023-002954220-001,13/12/2022,BELO HORIZONTE,MG
204,"LAVITAN MELATONINA 0,21MG CP PT 90 MOR",CIMED INDÚSTRIA S.A.,2217687,12 UNIDADES,997916,2023-002967007-001,22/12/2022,BELO HORIZONTE,MG
205,"LAVITAN MELATONINA 0,21MG CP PT 90 MOR",CIMED INDÚSTRIA S.A.,2217687,4,1015944,2023-007163465-001,12/01/2023,BELO HORIZONTE,MG
206,"LAVITAN MELATONINA 0,21MG CP PT 90 MOR",CIMED INDÚSTRIA S.A.,2217688,1 UNIDADE,1.043.259,2023-008717368-001,03/03/2023,UBERLÂNDIA,MG
207,"LAVITAN MELATONINA 0,21MG CP PT 90 MOR",CIMED INDÚSTRIA S.A.,2217688,6,1.043.423,2023-008717368-001,03/03/2023,UBERLÂNDIA,MG
208,"LAVITAN MELATONINA 0,21MG CP PT 90 MOR",CIMED INDÚSTRIA S.A.,2222167,36,1.048.232,2023-012334728-001,06/03/2023,UBERLÂNDIA,MG
209,"LAVITAN MELATONINA 0,21MG CP PT 90 MOR",CIMED INDÚSTRIA S.A.,2222167,1 UNIDADE,1.061.473,2023-013347477-001,27/03/2023,UBERLÂNDIA,MG
210,LAVITAN MULTI HOMEM 5G FR X 60 CPRV,CIMED INDÚSTRIA S.A.,2211857,8,949673,2022-053657656-001,10/11/2022,UBERLÂNDIA,MG
211,LAVITAN MULTI HOMEM 5G FR X 60 CPRV,CIMED INDÚSTRIA S.A.,2222645,4,1.032.407,2023-003932020-001,09/02/2023,BELO HORIZONTE,MG
212,LAVITAN MULTI HOMEM 5G FR X 60 CPRV,CIMED INDÚSTRIA S.A.,2222645,4,1.047.782,2023-009570350-001,15/03/2023,UBERLÂNDIA,MG
213,LAVITAN MULTI HOMEM 5G FR X 60 CPRV,CIMED INDÚSTRIA S.A.,2222645,4,1.043.217,2023-007939439-001,16/03/2023,UBERLÂNDIA,MG
214,LAVITAN MULTI MULHER 5G FR X 60 CPRV,CIMED INDÚSTRIA S.A.,2212192,8,949673,2022-053657656-001,10/11/2022,UBERLÂNDIA,MG
215,LAVITAN OMEGA 3 1000MG CAP GEL FR C/ 120,CIMED INDÚSTRIA S.A.,2213318,3,1001923,2023-004283668-001,05/01/2023,POUSO ALEGRE,MG
216,LAVITAN OMEGA 3 1000MG CAP GEL FR C/ 120,CIMED INDÚSTRIA S.A.,2221055,4,1026102,2023-004117620-001,25/01/2023,BELO HORIZONTE,MG
217,LAVITAN OMEGA 3 MAIS CAPS GEL MOLE PTX90,CIMED INDÚSTRIA S.A.,2220182,2,1001923,2023-004283668-001,05/01/2023,POUSO ALEGRE,MG
218,LAVITAN OMEGA 3 MAIS CAPS GEL MOLE PTX90,CIMED INDÚSTRIA S.A.,2222364,1 UNIDADE,1.043.423,2023-008717368-001,03/03/2023,UBERLÂNDIA,MG
219,LAVITAN OMEGA CAP FR C/ 60,CIMED INDÚSTRIA S.A.,2213557,12,998204,2022-053248058-001,24/11/2022,BELO HORIZONTE,MG
220,LAVITAN OMEGA CAP FR C/ 60,CIMED INDÚSTRIA S.A.,2214709,6,1.032.407,2023-003932020-001,09/02/2023,BELO HORIZONTE,MG
221,LAVITAN OMEGA CAP FR C/ 60,CIMED INDÚSTRIA S.A.,2214707,1 UNIDADE,001044643-20,2023-008717368-001,24/02/2023,UBERLÂNDIA,MG
222,LAVITAN PRIMULA FEMME 60 CAPS,CIMED INDÚSTRIA S.A.,2213692,1 UNIDADE,948041,2023-007163465-001,23/01/2023,BELO HORIZONTE,MG
223,"LAVITAN SUPER C 1,9G COMP EFERV 1TBX16",CIMED INDÚSTRIA S.A.,2214382,10,1.032.407,2023-003932020-001,09/02/2023,BELO HORIZONTE,MG
224,"LAVITAN SUPER C 1,9G COMP EFERV 1TBX16",CIMED INDÚSTRIA S.A.,2214382,5,1.043.259,2023-008717368-001,03/03/2023,UBERLÂNDIA,MG
225,LAVITAN TESTO FEMME COMP 2BL X 15,CIMED INDÚSTRIA S.A.,2221091,2,1.043.423,2023-008717368-001,03/03/2023,UBERLÂNDIA,MG
226,"LAVITAN TONICO SOL OR FR 400ML SABORMOR",CIMED INDÚSTRIA S.A.,2210187,2,948041,2023-007163465-001,23/01/2023,BELO HORIZONTE,MG
227,"LAVITAN TONICO SOL OR FR 400ML SABORMOR",CIMED INDÚSTRIA S.A.,2210188,6,1.032.407,2023-003932020-001,09/02/2023,BELO HORIZONTE,MG
228,"LAVITAN TONICO SOL OR FR 400ML SABORMOR",CIMED INDÚSTRIA S.A.,2210188,6,1.048.232,2023-012334728-001,06/03/2023,UBERLÂNDIA,MG
229,LAVITAN TONICO SOL OR FR 400ML SABR TRAD,CIMED INDÚSTRIA S.A.,2206598,2,948041,2023-007163465-001,23/01/2023,BELO HORIZONTE,MG
230,LAVITAN TONICO SOL OR FR 400ML SABR TRAD,CIMED INDÚSTRIA S.A.,2208519,10,1.032.407,2023-003932020-001,09/02/2023,BELO HORIZONTE,MG
231,LAVITAN TONICO SOL OR FR 400ML SABR TRAD,CIMED INDÚSTRIA S.A.,2208519,6,1.048.232,2023-012334728-001,06/03/2023,UBERLÂNDIA,MG
232,LAVITAN TRIPTOFANO CAPS PT 30,CIMED INDÚSTRIA S.A.,2220152,3,1001923,2023-004283668-001,05/01/2023,POUSO ALEGRE,MG
233,LAVITAN VIRON MACA PERUANA CAPS FR X 60,CIMED INDÚSTRIA S.A.,2214534,1 UNIDADE,949673,2022-053657656-001,10/11/2022,UBERLÂNDIA,MG
234,LAVITAN VIT 50+ COMP REV FR 60,CIMED INDÚSTRIA S.A.,2219120,4 UNIDADES,997916,2023-002967007-001,22/12/2022,BELO HORIZONTE,MG
235,LAVITAN VIT 50+ COMP REV FR 60,CIMED INDÚSTRIA S.A.,2217238,6,1001923,2023-004283668-001,05/01/2023,POUSO ALEGRE,MG
236,LAVITAN VIT 50+ COMP REV FR 60,CIMED INDÚSTRIA S.A.,2217240,4,001047329-20,2023-009570350-001,28/02/2023,UBERLÂNDIA,MG
237,LAVITAN VIT 50+ COMP REV FR 60,CIMED INDÚSTRIA S.A.,2217240,36,1.048.232,2023-012334728-001,06/03/2023,UBERLÂNDIA,MG
238,LAVITAN VIT 50+ COMP REV FR 60,CIMED INDÚSTRIA S.A.,2217240,4,1.061.725,2023-013347477-001,28/03/2023,UBERLÂNDIA,MG
239,LAVITAN VIT 50+ COMP REV FR 60,CIMED INDÚSTRIA S.A.,2217240,4,1.060.902,2023-013347477-001,28/03/2023,UBERLÂNDIA,MG
240,LAVITAN VIT AZ MULHER COMP REV FR C/ 60,CIMED INDÚSTRIA S.A.,2214302,20,998204,2022-053248058-001,24/11/2022,BELO HORIZONTE,MG
241,LAVITAN VIT AZ MULHER COMP REV FR C/ 60,CIMED INDÚSTRIA S.A.,2216040,4 UNIDADES,1030289,3157748200113010003,13/01/2023,GOVERNADOR VALADARES,MG
242,LAVITAN VIT AZ MULHER COMP REV FR C/ 60,CIMED INDÚSTRIA S.A.,2216040,20 UNIDADES,1029675,3157748200113010003,13/01/2023,GOVERNADOR VALADARES,MG
243,LAVITAN VIT AZ MULHER COMP REV FR C/ 60,CIMED INDÚSTRIA S.A.,2216040,6 UNIDADES,1029675,3157748200113010003,13/01/2023,GOVERNADOR VALADARES,MG
244,LAVITAN VIT AZ MULHER COMP REV FR C/ 60,CIMED INDÚSTRIA S.A.,2214302,30,1001923,2023-004283668-001,05/01/2023,POUSO ALEGRE,MG
245,LAVITAN VIT AZ MULHER COMP REV FR C/ 60,CIMED INDÚSTRIA S.A.,2215193,6,1015944,2023-007163465-001,12/01/2023,BELO HORIZONTE,MG
246,LAVITAN VIT AZ MULHER COMP REV FR C/ 60,CIMED INDÚSTRIA S.A.,2215193,60,1026102,2023-004117620-001,25/01/2023,BELO HORIZONTE,MG
247,LAVITAN VIT AZ MULHER COMP REV FR C/ 60,CIMED INDÚSTRIA S.A.,2216040,6,1.032.407,2023-003932020-001,09/02/2023,BELO HORIZONTE,MG
248,LAVITAN VIT AZ MULHER COMP REV FR C/ 60,CIMED INDÚSTRIA S.A.,2216116,18,1.039.929,2023-007163465-001,15/02/2023,BELO HORIZONTE,MG
249,LAVITAN VIT AZ MULHER COMP REV FR C/ 90,CIMED INDÚSTRIA S.A.,2207085,3,949673,2022-053657656-001,10/11/2022,UBERLÂNDIA,MG
250,LAVITAN VIT AZ MULHER COMP REV FR C/ 90,CIMED INDÚSTRIA S.A.,2220068,12 UNIDADES,1006693,2023-002954220-001,13/12/2022,BELO HORIZONTE,MG
251,LAVITAN VIT AZ MULHER COMP REV FR C/ 90,CIMED INDÚSTRIA S.A.,2212193,2,1001923,2023-004283668-001,05/01/2023,POUSO ALEGRE,MG
252,LAVITAN VIT AZ MULHER COMP REV FR C/ 90,CIMED INDÚSTRIA S.A.,2212193,2,000988250-20,2023-009838291-001,22/02/2023,BELO HORIZONTE,MG
253,LAVITAN VIT AZ MULHER COMP REV FR C/ 90,CIMED INDÚSTRIA S.A.,2221467,4,1.043.423,2023-008717368-001,03/03/2023,UBERLÂNDIA,MG
254,LAVITAN VIT AZ MULHER COMP REV FR C/ 90,CIMED INDÚSTRIA S.A.,2225547,24,1.048.232,2023-012334728-001,06/03/2023,UBERLÂNDIA,MG
255,LAVITAN VIT AZ MULHER COMP REV FR C/ 90,CIMED INDÚSTRIA S.A.,2225547,12,1.048.232,2023-012334728-001,06/03/2023,UBERLÂNDIA,MG
256,LAVITAN VIT AZ ORIG CBF COMP REV FR C/60,CIMED INDÚSTRIA S.A.,2214248,12 UNIDADES,993052,2023-002954220-001,09/12/2022,BELO HORIZONTE,MG
257,LAVITAN VIT AZ ORIG CBF COMP REV FR C/60,CIMED INDÚSTRIA S.A.,2214248,18 UNIDADES,991484,2023-002967007-001,22/12/2022,BELO HORIZONTE,MG
258,LAVITAN VIT AZ ORIG CBF COMP REV FR C/60,CIMED INDÚSTRIA S.A.,2214248,15 UNIDADES,991484,2023-002967007-001,22/12/2022,BELO HORIZONTE,MG
259,LAVITAN VIT AZ ORIGINAL COMP REV FR C/60,CIMED INDÚSTRIA S.A.,2207269,12,998204,2022-053248058-001,24/11/2022,BELO HORIZONTE,MG
260,LAVITAN VIT AZ ORIGINAL COMP REV FR C/60,CIMED INDÚSTRIA S.A.,2209481,12,331169,134-12008/2022-01,14/12/2022,CAMPOS DOS GOYTACAZES,RJ
261,LAVITAN VIT AZ ORIGINAL COMP REV FR C/60,CIMED INDÚSTRIA S.A.,2214869,20 UNIDADES,1029675,3157748200113010003,13/01/2023,GOVERNADOR VALADARES,MG
262,LAVITAN VIT AZ ORIGINAL COMP REV FR C/60,CIMED INDÚSTRIA S.A.,2214869,6 UNIDADES,1029675,3157748200113010003,13/01/2023,GOVERNADOR VALADARES,MG
263,LAVITAN VIT AZ ORIGINAL COMP REV FR C/60,CIMED INDÚSTRIA S.A.,2209478,10,1001923,2023-004283668-001,05/01/2023,POUSO ALEGRE,MG
264,LAVITAN VIT AZ ORIGINAL COMP REV FR C/60,CIMED INDÚSTRIA S.A.,2214118,6,1015944,2023-007163465-001,12/01/2023,BELO HORIZONTE,MG
265,LAVITAN VIT AZ ORIGINAL COMP REV FR C/60,CIMED INDÚSTRIA S.A.,2214478,60,1026102,2023-004117620-001,25/01/2023,BELO HORIZONTE,MG
266,LAVITAN VIT AZ ORIGINAL COMP REV FR C/60,CIMED INDÚSTRIA S.A.,2216849,10,1.032.407,2023-003932020-001,09/02/2023,BELO HORIZONTE,MG
267,LAVITAN VIT AZ ORIGINAL COMP REV FR C/60,CIMED INDÚSTRIA S.A.,2217074,18,1.039.929,2023-007163465-001,15/02/2023,BELO HORIZONTE,MG
268,LAVITAN VIT AZ ORIGINAL COMP REV FR C/90,CIMED INDÚSTRIA S.A.,2207290,3,949673,2022-053657656-001,10/11/2022,UBERLÂNDIA,MG
269,LAVITAN VIT AZ ORIGINAL COMP REV FR C/90,CIMED INDÚSTRIA S.A.,2207813,6 UNIDADES,995708,2023-003007073-001,15/12/2022,UBERLÂNDIA,MG
270,LAVITAN VIT AZ ORIGINAL COMP REV FR C/90,CIMED INDÚSTRIA S.A.,2207813,8 UNIDADES,996972,2023-002990540-001,23/12/2022,UBERLÂNDIA,MG
271,LAVITAN VIT AZ ORIGINAL COMP REV FR C/90,CIMED INDÚSTRIA S.A.,2211425,1 UNIDADE,001044643-20,2023-008717368-001,24/02/2023,UBERLÂNDIA,MG
272,LAVITAN VIT AZ ORIGINAL COMP REV FR C/90,CIMED INDÚSTRIA S.A.,2211587,24,1.048.232,2023-012334728-001,06/03/2023,UBERLÂNDIA,MG
273,LAVITAN VIT AZ ORIGINAL COMP REV FR C/90,CIMED INDÚSTRIA S.A.,2211587,12,1.048.232,2023-012334728-001,06/03/2023,UBERLÂNDIA,MG
274,LAVITAN VIT AZ ORIGINAL COMP REV FR C/90,CIMED INDÚSTRIA S.A.,2211425,8,1.047.782,2023-009570350-001,15/03/2023,UBERLÂNDIA,MG
275,LAVITAN VIT AZ ORIGINAL COMP REV FR C/90,CIMED INDÚSTRIA S.A.,2211425,8,1.043.217,2023-007939439-001,16/03/2023,UBERLÂNDIA,MG
276,LAVITAN VIT CABELO BARBA HOM CAP 4BL X15,CIMED INDÚSTRIA S.A.,2209208,8,1.048.232,2023-012334728-001,06/03/2023,UBERLÂNDIA,MG
277,LAVITAN VIT CABELOS E UNHAS CAP 2 BL X15,CIMED INDÚSTRIA S.A.,2210006,6,949673,2022-053657656-001,10/11/2022,UBERLÂNDIA,MG
278,LAVITAN VIT CABELOS E UNHAS CAP 2 BL X15,CIMED INDÚSTRIA S.A.,2218190,1,331169,134-12008/2022-01,14/12/2022,CAMPOS DOS GOYTACAZES,RJ
279,LAVITAN VIT CABELOS E UNHAS CAP 2 BL X15,CIMED INDÚSTRIA S.A.,2221363,20 UNIDADES,1028947,3157748200113010003,13/01/2023,GOVERNADOR VALADARES,MG
280,LAVITAN VIT CABELOS E UNHAS CAP 2 BL X15,CIMED INDÚSTRIA S.A.,2209904,15,957726,2023-007163465-001,10/01/2023,BELO HORIZONTE,MG
281,LAVITAN VIT CABELOS E UNHAS CAP 2 BL X15,CIMED INDÚSTRIA S.A.,2210006,1 UNIDADE,948041,2023-007163465-001,23/01/2023,BELO HORIZONTE,MG
282,LAVITAN VIT CABELOS E UNHAS CAP 2 BL X15,CIMED INDÚSTRIA S.A.,2214466,18,1.039.929,2023-007163465-001,15/02/2023,BELO HORIZONTE,MG
283,LAVITAN VIT CABELOS E UNHAS CAP 2 BL X15,CIMED INDÚSTRIA S.A.,2221363,12,001048156-20,2023-009570350-001,28/02/2023,UBERLÂNDIA,MG
284,LAVITAN VIT CABELOS E UNHAS CAP 4 BL X15,CIMED INDÚSTRIA S.A.,2214006,6,998204,2022-053248058-001,24/11/2022,BELO HORIZONTE,MG
285,LAVITAN VIT CABELOS E UNHAS CAP 4 BL X15,CIMED INDÚSTRIA S.A.,2216198,12 UNIDADES,1030289,3157748200113010003,13/01/2023,GOVERNADOR VALADARES,MG
286,LAVITAN VIT CABELOS E UNHAS CAP 4 BL X15,CIMED INDÚSTRIA S.A.,2214006,7 UNIDADES,995708,2023-003007073-001,15/12/2022,UBERLÂNDIA,MG
287,LAVITAN VIT CABELOS E UNHAS CAP 4 BL X15,CIMED INDÚSTRIA S.A.,2216199,12,1001923,2023-004283668-001,05/01/2023,POUSO ALEGRE,MG
288,LAVITAN VIT CABELOS E UNHAS CAP 4 BL X15,CIMED INDÚSTRIA S.A.,2213555,15,957726,2023-007163465-001,10/01/2023,BELO HORIZONTE,MG
289,LAVITAN VIT CABELOS E UNHAS CAP 4 BL X15,CIMED INDÚSTRIA S.A.,2223149,12,1026102,2023-004117620-001,25/01/2023,BELO HORIZONTE,MG
290,LAVITAN VIT CABELOS E UNHAS CAP 4 BL X15,CIMED INDÚSTRIA S.A.,2219279,3,1.049.300,2023-011913764-001,14/03/2023,BELO HORIZONTE,MG
291,LAVITAN VIT CABELOS E UNHAS CAP 4 BL X15,CIMED INDÚSTRIA S.A.,2301945,64,1.052.028,2023-011913764-001,15/03/2023,BELO HORIZONTE,MG
292,LAVITAN VIT CABELOS E UNHAS CAP 4 BL X15,CIMED INDÚSTRIA S.A.,2219279,3,1.043.217,2023-008920590-001,16/03/2023,UBERLÂNDIA,MG
293,LAVITAN VIT CABELOS E UNHAS CAP 4 BL X15,CIMED INDÚSTRIA S.A.,2302436,12,1.060.087,2023-013347477-001,27/03/2023,UBERLÂNDIA,MG
294,LAVITAN VIT CABELOS E UNHAS CAP 4 BL X15,CIMED INDÚSTRIA S.A.,2302436,6,1.061.725,2023-013347477-001,28/03/2023,UBERLÂNDIA,MG
295,LAVITAN VIT CABELOS E UNHAS CAP 4 BL X15,CIMED INDÚSTRIA S.A.,2219279,3,1.049.010,2023-012334728-001,28/03/2023,UBERLÂNDIA,MG
296,LAVITAN VIT CABELOS E UNHAS CAP 4BLX15,CIMED & CO S.A,2211809,1,70.516,23I0319022051,01/09/2022,RECIFE,PE
297,LAVITAN VIT CALCIO + D3 COMP FR C/60,CIMED INDÚSTRIA S.A.,2216041,8,1001923,2023-004283668-001,05/01/2023,POUSO ALEGRE,MG
298,LAVITAN VIT INF CBF SOL OR FR 240ML LAR,CIMED INDÚSTRIA S.A.,2215146,2 UNIDADES,991484,2023-002967007-001,22/12/2022,BELO HORIZONTE,MG
299,LAVITAN VIT INF CBF SOL OR FR 240ML LAR,CIMED INDÚSTRIA S.A.,2215137,2 UNIDADES,991484,2023-002967007-001,22/12/2022,BELO HORIZONTE,MG
300,LAVITAN VIT INF COMP MAST FR 60 TUT FRUT,CIMED INDÚSTRIA S.A.,2214496,3,949673,2022-053657656-001,10/11/2022,UBERLÂNDIA,MG
301,LAVITAN VIT INF COMP MAST FR 60 TUT FRUT,CIMED INDÚSTRIA S.A.,2214500,4 UNIDADES,1029675,3157748200113010003,13/01/2023,GOVERNADOR VALADARES,MG
302,LAVITAN VIT INF COMP MAST FR 60 TUT FRUT,CIMED INDÚSTRIA S.A.,2214496,12 UNIDADES,1006693,2023-002954220-001,13/12/2022,BELO HORIZONTE,MG
303,LAVITAN VIT INF COMP MAST FR 60 TUT FRUT,CIMED INDÚSTRIA S.A.,2214503,8 UNIDADES,996972,2023-002990540-001,23/12/2022,UBERLÂNDIA,MG
304,LAVITAN VIT INF COMP MAST FR 60 TUT FRUT,CIMED INDÚSTRIA S.A.,2214503,18,1001923,2023-004283668-001,05/01/2023,POUSO ALEGRE,MG
305,LAVITAN VIT INF COMP MAST FR 60 TUT FRUT,CIMED INDÚSTRIA S.A.,2214500,12,1026091,2023-004117620-001,24/01/2023,BELO HORIZONTE,MG
306,LAVITAN VIT INF COMP MAST FR 60 TUT FRUT,CIMED INDÚSTRIA S.A.,2214500,6,1026091,2023-004117620-001,24/01/2023,BELO HORIZONTE,MG
307,LAVITAN VIT INF COMP MAST FR 60 TUT FRUT,CIMED INDÚSTRIA S.A.,2216484,6,1.039.929,2023-007163465-001,15/02/2023,BELO HORIZONTE,MG
308,LAVITAN VIT INF COMP MAST FR 60 TUT FRUT,CIMED INDÚSTRIA S.A.,2214503,6,001047329-20,2023-009570350-001,28/02/2023,UBERLÂNDIA,MG
309,LAVITAN VIT INF COMP MAST FR 60 TUT FRUT,CIMED INDÚSTRIA S.A.,2218424,2,1.043.423,2023-008717368-001,03/03/2023,UBERLÂNDIA,MG
310,LAVITAN VIT INF SOL OR FR 240ML SBR LAR,CIMED INDÚSTRIA S.A.,2219971,6,331169,134-12008/2022-01,14/12/2022,CAMPOS DOS GOYTACAZES,RJ
311,LAVITAN VIT INF SOL OR FR 240ML SBR LAR,CIMED INDÚSTRIA S.A.,2220843,6 UNIDADES,1029675,3157748200113010003,13/01/2023,GOVERNADOR VALADARES,MG
312,LAVITAN VIT INF SOL OR FR 240ML SBR LAR,CIMED & CO S.A,2214695,1,78.780,23I0319027421,29/09/2022,RECIFE,PE
313,LAVITAN VIT INF SOL OR FR 240ML SBR LAR,CIMED INDÚSTRIA S.A.,2300007,3,000.046.839,201-2251/2023,29/03/2023,CAUCAIA-CE,CE
314,LAVITAN VIT INF SOL OR FR 240ML TUT FRUT,CIMED INDÚSTRIA S.A.,2215043,1 UNIDADE,949673,2022-053657656-001,10/11/2022,UBERLÂNDIA,MG
315,LAVITAN VIT INF SOL OR FR 240ML TUT FRUT,CIMED INDÚSTRIA S.A.,2220143,6,331169,134-12008/2022-01,14/12/2022,CAMPOS DOS GOYTACAZES,RJ
316,LAVITAN VIT INF SOL OR FR 240ML TUT FRUT,CIMED INDÚSTRIA S.A.,2217832,6 UNIDADES,1029675,3157748200113010003,13/01/2023,GOVERNADOR VALADARES,MG
317,LAVITAN VIT INF SOL OR FR 240ML TUT FRUT,CIMED INDÚSTRIA S.A.,2215671,12 UNIDADES,1006693,2023-002954220-001,13/12/2022,BELO HORIZONTE,MG
318,LAVITAN VIT INF SOL OR FR 240ML TUT FRUT,CIMED INDÚSTRIA S.A.,2215671,4 UNIDADES,991484,2023-002967007-001,22/12/2022,BELO HORIZONTE,MG
319,LAVITAN VIT INF SOL OR FR 240ML TUT FRUT,CIMED INDÚSTRIA S.A.,2218690,2 UNIDADES,1006881,2023-002967007-001,22/12/2022,BELO HORIZONTE,MG
320,LAVITAN VIT INF SOL OR FR 240ML TUT FRUT,CIMED INDÚSTRIA S.A.,2218690,12 UNIDADES,1003661,2023-002967007-001,27/12/2022,BELO HORIZONTE,MG
321,LAVITAN VIT INF SOL OR FR 240ML TUT FRUT,CIMED INDÚSTRIA S.A.,2217832,12,1001923,2023-004283668-001,05/01/2023,POUSO ALEGRE,MG
322,LAVITAN VIT INF SOL OR FR 240ML TUT FRUT,CIMED & CO S.A,2215042,1,78.780,23I0319027421,29/09/2022,RECIFE,PE
323,LAVITAN VIT INF SOL OR FR 240ML TUT FRUT,CIMED INDÚSTRIA S.A.,2225250,3,000.046.839,201-2251/2023,29/03/2023,CAUCAIA-CE,CE
324,LAVITAN VIT INFANTIL COMP MAST FR C/ 60,CIMED INDÚSTRIA S.A.,2217605,3 UNIDADES,1029675,3157748200113010003,13/01/2023,GOVERNADOR VALADARES,MG
325,LAVITAN VIT INFANTIL COMP MAST FR C/ 60,CIMED INDÚSTRIA S.A.,2217605,4,1020449,2023-007163465-001,02/01/2023,BELO HORIZONTE,MG
326,LAVITAN VIT INFANTIL COMP MAST FR C/ 60,CIMED INDÚSTRIA S.A.,2217605,3,1014485,2023-006716083-001,02/01/2023,UBERLANDIA,MG
327,LAVITAN VIT INFANTIL COMP MAST FR C/ 60,CIMED INDÚSTRIA S.A.,2217605,4,1021014,2023-006716083-001,11/01/2023,UBERLANDIA,MG
328,LAVITAN VIT INFANTIL COMP MAST FR C/ 60,CIMED INDÚSTRIA S.A.,2217605,6,1.039.929,2023-007163465-001,15/02/2023,BELO HORIZONTE,MG
329,LAVITAN VIT MEMORIA COMP REV FR C/60,CIMED INDÚSTRIA S.A.,2217301,6,998204,2022-053248058-001,24/11/2022,BELO HORIZONTE,MG
330,LAVITAN VIT MEMORIA COMP REV FR C/60,CIMED INDÚSTRIA S.A.,2221689,4 UNIDADES,1030289,3157748200113010003,13/01/2023,GOVERNADOR VALADARES,MG
331,LAVITAN VIT MEMORIA COMP REV FR C/60,CIMED INDÚSTRIA S.A.,2217301,2 UNIDADES,991484,2023-002967007-001,22/12/2022,BELO HORIZONTE,MG
332,LAVITAN VIT MEMORIA COMP REV FR C/60,CIMED INDÚSTRIA S.A.,2221691,6 UNIDADES,1006881,2023-002967007-001,22/12/2022,BELO HORIZONTE,MG
333,LAVITAN VIT MEMORIA COMP REV FR C/60,CIMED INDÚSTRIA S.A.,2301380,2,001048156-20,2023-009570350-001,28/02/2023,UBERLÂNDIA,MG
334,LAVITAN VIT TESTO PERF COMP 2BL X15,CIMED INDÚSTRIA S.A.,2214820,6,998204,2022-053248058-001,24/11/2022,BELO HORIZONTE,MG
335,LAVITAN VIT TESTO PERF COMP 2BL X15,CIMED INDÚSTRIA S.A.,2214821,2 UNIDADES,1029755,3157748200113010003,13/01/2023,GOVERNADOR VALADARES,MG
336,LAVITAN VIT TESTO PERF COMP 2BL X15,CIMED INDÚSTRIA S.A.,2214592,8 UNIDADES,991484,2023-002967007-001,22/12/2022,BELO HORIZONTE,MG
337,LAVITAN VIT TESTO PERF COMP 2BL X15,CIMED INDÚSTRIA S.A.,2211474,2,948041,2023-007163465-001,23/01/2023,BELO HORIZONTE,MG
338,LAVITAN VITAMINA D 2.000UI COMP REV X 30,CIMED INDÚSTRIA S.A.,2215329,1 UNIDADE,1001923,2023-004283668-001,05/01/2023,POUSO ALEGRE,MG
339,LAVITAN VITAMINA D 500UI SOL OR FR 10ML,CIMED INDÚSTRIA S.A.,2224890,1 UNIDADE,001047329-20,2023-009570350-001,28/02/2023,UBERLÂNDIA,MG
340,LAVITAN VIT-D SOL OR FR 30ML,CIMED INDÚSTRIA S.A.,2224432,3 UNIDADES,1030289,3157748200113010003,13/01/2023,GOVERNADOR VALADARES,MG
341,LAVITAN VIT-D SOL OR FR 30ML,CIMED INDÚSTRIA S.A.,2111910,4,1020449,2023-007163465-001,02/01/2023,BELO HORIZONTE,MG
342,LAVITAN VIT-D SOL OR FR 30ML,CIMED INDÚSTRIA S.A.,2219774,2,1001923,2023-004283668-001,05/01/2023,POUSO ALEGRE,MG
343,LAVITAN X BIO COMPLEX COMP REV FR X 30,CIMED INDÚSTRIA S.A.,2121144,4 UNIDADES,991484,2023-002967007-001,22/12/2022,BELO HORIZONTE,MG
344,LOGNIS CX C/60 CP REV,APSEN,22080163,20 CX,624397,49723135,13/12/2022,"RUA GOVERNADOR MARIO COVAS, 222, VILA BETHANIA -VIANA/ES",ES
345,MILIMETRIC ACIDO HIALURONICO CAPS 2BLX15,CIMED INDÚSTRIA S.A.,2208456,6 UNIDADES,997850,2023-002954220-001,16/12/2022,BELO HORIZONTE,MG
346,MILIMETRIC ACIDO HIALURONICO CAPS 2BLX15,CIMED INDÚSTRIA S.A.,2208456,6 UNIDADES,998034,2023-002954220-001,19/12/2022,BELO HORIZONTE,MG
347,MILIMETRIC ACIDO HIALURONICO CAPS 2BLX15,CIMED INDÚSTRIA S.A.,2208456,6 UNIDADES,997916,2023-002967007-001,22/12/2022,BELO HORIZONTE,MG
348,MILIMETRIC ACIDO HIALURONICO CAPS 2BLX15,CIMED INDÚSTRIA S.A.,2208456,6,997649,2023-007163465-001,09/01/2023,BELO HORIZONTE,MG
349,MOTILEX CX C/60 CAPS,APSEN,22080186,60 CX,624397,49723135,13/12/2022,"RUA GOVERNADOR MARIO COVAS, 222, VILA BETHANIA -VIANA/ES",ES
350,MOTILEX HA CX C/60 CAPS,APSEN,22070486,30 CX,624397,49723135,13/12/2022,"RUA GOVERNADOR MARIO COVAS, 222, VILA BETHANIA -VIANA/ES",ES
351,NAN COMFOR 1 F.I NESTLE 800G,NESTLE BRASIL LTDA,N/A,2,699.501,B.O N°  LI0367-1-2022,27.12.2022,Itaquaquecetuba - SP,SP
352,NAN COMFOR 2 F.I NESTLE 800G,NESTLE BRASIL LTDA,302804641,6,22.327.980,DP2612-2/2023,09/03/2023,"RUA SETE DE SETEMBRO 100, CENTRO, GUARULHOS,SP",SP
353,NAN COMFOR 2 F.I NESTLE 800G,NESTLE BRASIL LTDA,N/A,2,699.501,B.O N°  LI0367-1-2022,27.12.2022,Itaquaquecetuba - SP,SP
354,NANLAC COMFOR 800G,NESTLE BRASIL LTDA,3030046041,4,22.736.246,FC2916-1,13/04/2023,"Rua São Gonçalo do Rio das Pedras,35, Vila Mara-São Paulo-SP",SP
355,NATAZY,CIFARMA,6GB10,02 UN,324580,26927820,14/10/2022,Aparecida de Goiânia,GO
356,NATAZY,CIFARMA,6FA05,13  UN,234401,26292298,31/08/2022,A PARECIDA DE GOIÂNIA,GO
357,NESTOGENO 1 F.I NESTLE 400G,NESTLE BRASIL LTDA,22736540,2,222.736.540,FC2916-1,13/04/2023,"Rua São Gonçalo do Rio das Pedras,35, Vila Mara-São Paulo-SP",SP
358,NESTOGENO 1 F.I NESTLE 400G,NESTLE BRASIL LTDA,3053046041,3,22.736.246,FC2916-1,13/04/2023,"Rua São Gonçalo do Rio das Pedras,35, Vila Mara-São Paulo-SP",SP
359,NESTOGENO 1 F.I NESTLE 400G,NESTLE BRASIL LTDA,3053046041,2,22.739.574,FC2916-1,13/04/2023,"Rua São Gonçalo do Rio das Pedras,35, Vila Mara-São Paulo-SP",SP
360,NESTOGENO 1 F.I NESTLE 800G,NESTLE BRASIL LTDA,N/A,2,699.501,B.O N°  LI0367-1-2022,27.12.2022,Itaquaquecetuba - SP,SP
361,NINHO FASES PREBIO 1+ 400G,NESTLE BRASIL LTDA,2273640,2,22.736.540,FC2916-1,13/04/2023,"Rua São Gonçalo do Rio das Pedras,35, Vila Mara-São Paulo-SP",SP
362,NINHO FASES PREBIO 3+800G,NESTLE BRASIL LTDA,2355046021,1,22.327.980,DP2612-2/2023,09/03/2023,"RUA SETE DE SETEMBRO 100, CENTRO, GUARULHOS,SP",SP
363,Norcau Chanty mais Leite Cond. CX 12X1L,PURATOS DO BRASIL LTDA,4017025,6,NFe 581708,No 1184738230212003015\n,12/05/2023,CAETE,MG
364,Norcau Chanty mais Leite Cond. CX 12X1L,PURATOS DO BRASIL LTDA,4011671,20,NFe 581708,No 1184738230212003015\n,13/05/2023,CAETE,MG
365,NUTREN ACTIVE PO BAUNILHA 400G,NESTLE BRASIL LTDA,2348121015,1,22.327.980,DP2612-2/2023,09/03/2023,"RUA SETE DE SETEMBRO 100, CENTRO, GUARULHOS,SP",SP
366,NUTREN SENIOR CHOCOLATE 370GR,NESTLE BRASIL LTDA,2278046012,2,22.327.980,DP2612-2/2023,09/03/2023,"RUA SETE DE SETEMBRO 100, CENTRO, GUARULHOS,SP",SP
367,NUTREN SENIOR PO 740G,NESTLE BRASIL LTDA,2190046023,4,22.327.980,DP2612-2/2023,09/03/2023,"RUA SETE DE SETEMBRO 100, CENTRO, GUARULHOS,SP",SP
368,NUTREN SENIOR SEM SABOR 370GR,NESTLE BRASIL LTDA,2308046011,1,22.327.980,DP2612-2/2023,09/03/2023,"RUA SETE DE SETEMBRO 100, CENTRO, GUARULHOS,SP",SP
369,OLEO MINERAL X 100ML,"UNIÃO QUÍMICA FARMACÊUTICANACIONAL",2203641,1 CARTUCHO,600629,KR4831-1/2022,03/09/2022,GUARULHOS / SP,SP
370,OLMESARTANA 40MG X30 CPR REV,"ALTHAIA S.A. INDUSTRIAFARMACEUTICA",22110252,60,30976,2023-006676550-001,13/01/2023,"Avenida Elias Guersoni, no 251, galpão 3, bairro Jardim Califórnia,Pouso Alegre - MG",MG
371,OS-CAL D 500MG+1000UI C/60 CPR,MEDLEY FARMACEUTICA LTDA,DRA00653,2,22.740.267,FC2916-1,13/04/2023,"Rua São Gonçalo do Rio das Pedras,35, Vila Mara-São Paulo-SP",SP
372,OSTEONUTRI,"ASPEN PHARMA INDÚSTRIAFARMACÊUTICA LTDA",CRA04004,288,48.565,NA,NA,NA,
373,OSTEONUTRI,"ASPEN PHARMA INDÚSTRIAFARMACÊUTICA LTDA",CRA04004,3,47.509,NA,NA,NA,
374,OSTEONUTRI,"ASPEN PHARMA INDÚSTRIAFARMACÊUTICA LTDA",CRA04004,48,48.583,NA,NA,NA,
375,OSTEONUTRI,"ASPEN PHARMA INDÚSTRIAFARMACÊUTICA LTDA",BRA03444,26,42.311,NA,NA,NA,
376,OSTEONUTRI,"ASPEN PHARMA INDÚSTRIAFARMACÊUTICA LTDA",BRA03445,2,42.736,NA,NA,NA,
377,OSTEONUTRI,"ASPEN PHARMA INDÚSTRIAFARMACÊUTICA LTDA",BRA02017,6,41.587,NA,NA,NA,
378,OSTEONUTRI,"ASPEN PHARMA INDÚSTRIAFARMACÊUTICA LTDA",BRA03444,48,41.394,NA,NA,NA,
379,OSTEONUTRI,"ASPEN PHARMA INDÚSTRIAFARMACÊUTICA LTDA",BRA06724,24,45.137,NA,NA,NA,
380,OSTEONUTRI,"ASPEN PHARMA INDÚSTRIAFARMACÊUTICA LTDA",BRA06726,144,45.137,NA,NA,NA,
381,OSTEONUTRI,"ASPEN PHARMA INDÚSTRIAFARMACÊUTICA LTDA",CRA00735,24,45.501,NA,NA,NA,
382,OSTEONUTRI,"ASPEN PHARMA INDÚSTRIAFARMACÊUTICA LTDA",BRA06726,1,45.544,NA,NA,NA,
383,OXIBERRY SACHE 5G X 30 (AL),"UNIÃO QUÍMICA FARMACÊUTICANACIONAL",2239230,1,350451,2022-053601231-001,08/12/2022,CONTAGEM - MG,MG
384,PHARMATON IMUN ENERGIA C/60 CAPS,MEDLEY FARMACEUTICA LTDA,1100002748,1,22.741.988,FC2916-1,13/04/2023,"Rua São Gonçalo do Rio das Pedras,35, Vila Mara-São Paulo-SP",SP
385,PROBIANS CX C/30 CAPS,APSEN,22080281,140 CX,624397,49723135,13/12/2022,"RUA GOVERNADOR MARIO COVAS, 222, VILA BETHANIA -VIANA/ES",ES
386,PROBID CX C/30 CAPS,APSEN,22070150,84 CX,624397,49723135,13/12/2022,"RUA GOVERNADOR MARIO COVAS, 222, VILA BETHANIA -VIANA/ES",ES
387,REDUBIO SHAKE 210G PO SAC SBR BAU,CIMED INDÚSTRIA S.A.,2219854,1 UNIDADE,1001181,2023-002954220-001,15/12/2022,BELO HORIZONTE,MG
388,RESSALIV SOL OR 30 FLAC X 10 ML SBR ABAC,CIMED INDÚSTRIA S.A.,2205632,1 UNIDADE,993875,2022-053248058-001,17/11/2022,BELO HORIZONTE,MG
389,SUPLAN KIDS,"ASPEN PHARMA INDÚSTRIAFARMACÊUTICA LTDA",520860,50,41.406,NA,NA,NA,
390,SUSTAGEM INST BAUNILHA 400G,MEAD JOHNSON,MW2JHR1A,120 LATAS,88590,KP7935-1/2022,13/12/2022,"AVENIDA NOVA CANTAREIRA, 7300 - TREMEMBE - SP",SP
391,SUSTAGEM INST CHOCOLATE 400G,MEAD JOHNSON,MW2FAK1A,24 LATAS,88590,KP7935-1/2022,13/12/2022,"AVENIDA NOVA CANTAREIRA, 7300 - TREMEMBE - SP",SP
392,SUSTAGEM INST MORANGO 400G,MEAD JOHNSON,MW1LUN1A,36 LATAS,88590,KP7935-1/2022,13/12/2022,"AVENIDA NOVA CANTAREIRA, 7300 - TREMEMBE - SP",SP
393,SUSTEAGEM INST BANANA 400G,MEAD JOHNSON,MW2JXG1A,48 LATAS,88590,KP7935-1/2022,13/12/2022,"AVENIDA NOVA CANTAREIRA, 7300 - TREMEMBE - SP",SP
394,TROPHIC SOYA BAUNILHA 1L,PRODIET,220180758,60 CAIXAS,88590,KP7935-1/2022,13/12/2022,"AVENIDA NOVA CANTAREIRA, 7300 - TREMEMBE - SP",SP
395,VALDA C LATA 10X50G,CANONNE,005515,01 UNID,18683693,2023-002559140-001,17/01/2023,CURVELO/MG,MG
396,VALDA FRIENDS CANELA SACHE 30X25G,CANONNE,005883,01 UNID,18683693,2023-002559140-001,17/01/2023,CURVELO/MG,MG
397,VALDA TABLETE POTE C/200 UM,CANONNE,005618,01 UNID,18683693,2023-002559140-001,17/01/2023,CURVELO/MG,MG
398,VELUS CX C/30 CP OR,APSEN,22070081,30 CX,624397,49723135,13/12/2022,"RUA GOVERNADOR MARIO COVAS, 222, VILA BETHANIA -VIANA/ES",ES
399,VITA MUNE CABELOS E UNHAS CAPS 2BL X 15,CIMED INDÚSTRIA S.A.,2218088,24 UNIDADES,998034,2023-002954220-001,19/12/2022,BELO HORIZONTE,MG
400,VITA MUNE CABELOS E UNHAS CAPS 2BL X 15,CIMED INDÚSTRIA S.A.,2205905,2,948041,2023-007163465-001,23/01/2023,BELO HORIZONTE,MG
401,VITA MUNE CABELOS E UNHAS CAPS 2BL X 15,CIMED INDÚSTRIA S.A.,2218088,2,1.043.217,2023-008920590-001,16/03/2023,UBERLÂNDIA,MG
402,VITA MUNE CALCIO 600 MG COMP FR X 60,CIMED INDÚSTRIA S.A.,2209697,6,1.032.407,2023-003932020-001,09/02/2023,BELO HORIZONTE,MG
403,VITA SUPRAZ HAIR X 10 CAP AG  (AL),"UNIÃO QUÍMICA FARMACÊUTICANACIONAL",2119198,594 CARTUCHO,681.707,2023-002930431-001,28/12/2022,POUSO ALEGRE / MG,MG
404,VITA SUPRAZ HAIR X 10 CAP AG  (AL),"UNIÃO QUÍMICA FARMACÊUTICANACIONAL",2119198,7 CARTUCHOS,681708,2022-056961235-001,21/12/2022,LAVRAS / MG,MG
405,VITA SUPRAZ HAIR X 10 CAP AG  (AL),"UNIÃO QUÍMICA FARMACÊUTICANACIONAL",2119198,200 CARTUCHOS,681710,2022-056961235-001,21/12/2022,LAVRAS / MG,MG
406,VITA SUPRAZ HAIR X 60 CAP DURA (AL),"UNIÃO QUÍMICA FARMACÊUTICANACIONAL",2146573,1,303797,2022-053601231-001,08/12/2022,CONTAGEM - MG,MG
407,VITA SUPRAZ MULHER COM REV X 60 (AL),"UNIÃO QUÍMICA FARMACÊUTICANACIONAL",2206059,2 CARTUCHOS,600629,KR4831-1/2022,03/09/2022,GUARULHOS / SP,SP
408,VITA SUPRAZ VIT E CAP MOLE X 30 (AL),"UNIÃO QUÍMICA FARMACÊUTICANACIONAL",2200370,6,350451,2022-053601231-001,08/12/2022,CONTAGEM - MG,MG
409,VITA SUPRAZ VIT E CAP MOLE X 30 (AL),"UNIÃO QUÍMICA FARMACÊUTICANACIONAL",2200370,2,366876,2022-056961235-001,21/12/2022,LAVRAS,MG
410,VITAMINA D 1.000UI X30 CAP (ALIM),"ALTHAIA S.A. INDUSTRIAFARMACEUTICA",22030205,28,135.349,931 - 55612 / 2023,07/01/2023,"BR Quarto Anel Viário , 4902, bairro Boa Esperança, Maracanau -CE",CE
411,VITAMINA D3 50000 UI C/ 04 CAPS MOLE,"ALTHAIA S.A. INDUSTRIAFARMACEUTICA",22030318,70,157450,2023-006676550-001,13/01/2023,"Avenida Elias Guersoni, no 251, galpão 3, bairro Jardim Califórnia,Pouso Alegre - MG",MG
412,VITAMINAS + MINERAIS,CIMED INDÚSTRIA S.A.,2214302,1 UNIDADE,1001181,2023-002954220-001,15/12/2022,BELO HORIZONTE,MG
413,VITAMINAS + MINERAIS,CIMED INDÚSTRIA S.A.,2215083,12 UNIDADES,991484,2023-002967007-001,22/12/2022,BELO HORIZONTE,MG
414,VITAMINAS + MINERAIS,CIMED INDÚSTRIA S.A.,2213557,4 UNIDADES,991484,2023-002967007-001,22/12/2022,BELO HORIZONTE,MG
415,VITAMINAS + MINERAIS,CIMED INDÚSTRIA S.A.,2217605,2 UNIDADES,1006881,2023-002967007-001,22/12/2022,BELO HORIZONTE,MG
416,VITAMINAS + MINERAIS,CIMED INDÚSTRIA S.A.,2214302,24 UNIDADES,1003661,2023-002967007-001,27/12/2022,BELO HORIZONTE,MG
417,VITAMINAS + MINERAIS,CIMED INDÚSTRIA S.A.,2214707,1 UNIDADE,1.043.259,2023-008717368-001,03/03/2023,UBERLÂNDIA,MG
418,VITAMINAS + MINERAIS,CIMED INDÚSTRIA S.A.,2214466,5,1.043.423,2023-008717368-001,03/03/2023,UBERLÂNDIA,MG
419,VITAMINAS + MINERAIS,CIMED INDÚSTRIA S.A.,2214707,2,1.043.423,2023-008717368-001,03/03/2023,UBERLÂNDIA,MG
420,VITAMINAS + MINERAIS,CIMED INDÚSTRIA S.A.,2218881,6,1.048.232,2023-012334728-001,06/03/2023,UBERLÂNDIA,MG
421,VITAMINAS + MINERAIS,CIMED INDÚSTRIA S.A.,2216707,64,1.052.028,2023-011913764-001,15/03/2023,BELO HORIZONTE,MG
422,VITAMINAS + MINERAIS,CIMED INDÚSTRIA S.A.,2216848,64,1.052.028,2023-011913764-001,15/03/2023,BELO HORIZONTE,MG
423,VITAMINAS + MINERAIS,CIMED INDÚSTRIA S.A.,2218017,3,1.047.782,2023-009570350-001,15/03/2023,UBERLÂNDIA,MG
424,VITAMINAS + MINERAIS,CIMED INDÚSTRIA S.A.,2218017,2,1.043.217,2023-007939439-001,16/03/2023,UBERLÂNDIA,MG
425,VITAMINAS + MINERAIS,CIMED INDÚSTRIA S.A.,2221953,57,1.043.347,2023-008920590-001,16/03/2023,UBERLÂNDIA,MG
426,VITAMINAS + MINERAIS,CIMED INDÚSTRIA S.A.,2216537,18,1.060.087,2023-013347477-001,27/03/2023,UBERLÂNDIA,MG
427,VITAMINAS + MINERAIS,CIMED INDÚSTRIA S.A.,2216853,18,1.060.087,2023-013347477-001,27/03/2023,UBERLÂNDIA,MG
428,VITAMINAS + MINERAIS,CIMED INDÚSTRIA S.A.,2303341,5,1.060.087,2023-013347477-001,27/03/2023,UBERLÂNDIA,MG
429,VITAMINAS + MINERAIS,CIMED INDÚSTRIA S.A.,2221953,5,1.060.087,2023-013347477-001,27/03/2023,UBERLÂNDIA,MG
430,VITAMINAS + MINERAIS,CIMED INDÚSTRIA S.A.,2221281,5,1.060.087,2023-013347477-001,27/03/2023,UBERLÂNDIA,MG
431,VITAMINAS + MINERAIS,CIMED INDÚSTRIA S.A.,2302959,6,1.061.473,2023-013347477-001,27/03/2023,UBERLÂNDIA,MG
432,VITAMINAS + MINERAIS,CIMED INDÚSTRIA S.A.,2303341,4,1.061.725,2023-013347477-001,28/03/2023,UBERLÂNDIA,MG
433,VITAMINAS + MINERAIS,CIMED INDÚSTRIA S.A.,2216707,4,1.060.902,2023-013347477-001,28/03/2023,UBERLÂNDIA,MG
434,VITAMINAS + MINERAIS,CIMED INDÚSTRIA S.A.,2216853,4,1.060.902,2023-013347477-001,28/03/2023,UBERLÂNDIA,MG
435,VITAMINAS + MINERAIS,CIMED INDÚSTRIA S.A.,2222658,4,1.060.902,2023-013347477-001,28/03/2023,UBERLÂNDIA,MG
436,VOXX 100% PRO WHEY PO SAC 900G SBR MOR,CIMED INDÚSTRIA S.A.,2216556,3,1.051.622,2023-011913764-001,14/03/2023,BELO HORIZONTE,MG
437,VOXX CAFFEINE CAPS PT C/ 100,CIMED INDÚSTRIA S.A.,2224420,3,1.051.622,2023-011913764-001,14/03/2023,BELO HORIZONTE,MG
438,VOXX CREATINA PT 150 G,CIMED INDÚSTRIA S.A.,2225341,3,1.051.622,2023-011913764-001,14/03/2023,BELO HORIZONTE,MG
439,VOXX L-GLUTAMINA PO PT 120G,CIMED INDÚSTRIA S.A.,2213548,3,1.051.622,2023-011913764-001,14/03/2023,BELO HORIZONTE,MG
440,VOXX MIX HAIR CAP 2 BL X 15,CIMED INDÚSTRIA S.A.,2209209,1 UNIDADE,1017789,2023-007163465-001,11/01/2023,BELO HORIZONTE,MG
441,VOXX OMEGA 3 PT 120 CAPS,CIMED INDÚSTRIA S.A.,2213318,6 UNIDADES,996972,2023-002990540-001,23/12/2022,UBERLÂNDIA,MG
442,VOXX PRE TREINO COMP EFERV TBX10,CIMED INDÚSTRIA S.A.,2201694,6,1023256,2023-006716083-001,09/01/2023,UBERLANDIA,MG
443,VOXX PRE TREINO COMP EFERV TBX10,CIMED INDÚSTRIA S.A.,2201693,10,957726,2023-007163465-001,10/01/2023,BELO HORIZONTE,MG
444,VOXX PRE TREINO COMP EFERV TBX10,CIMED INDÚSTRIA S.A.,2201694,6,1.032.407,2023-003932020-001,09/02/2023,BELO HORIZONTE,MG
445,VOXX PRE TREINO COMP EFERV TBX10,CIMED INDÚSTRIA S.A.,2201694,3,1.051.622,2023-011913764-001,14/03/2023,BELO HORIZONTE,MG
446,VOXX PRO BCAA 2400MG,CIMED INDÚSTRIA S.A.,2213131,12 UNIDADES,8676,"1301360221028050000,00",28/10/2022,HIDROLNADIA - GO,GO
447,ZINCOPRO CAP DURA CT C/ 30 OR,Marjan,R708,54,NFO 337918 (NFD 25863),Não Aplicável - extravio,03/03/2023,SERRA (TRANSPORTADORA FL BRASIL),
