Ordem,Produto*,Empresa*,No de Série/ Lote*,"Quantidade Roubada/Furtada/ Extraviada*",No Nota Fiscal*,No Boletim de Ocorrência*,Data do roubo ou extravio*,Cidade,UF
1,3X PROTEIN PO SAC 300G SBR BAU,"NUTRACOM INDUSTRIA E COMÉRCIOLTDA",2021075,24 UNIDADES,-,20E0230000428,03/11/2020,LAJEDO,PE
2,3X PROTEIN PO SAC 300G SBR CHOC,"NUTRACOM INDUSTRIA E COMÉRCIOLTDA",2021077,672 UNIDADES,-,20E0230000428,03/11/2020,LAJEDO,PE
3,3X PROTEIN PO SAC 300G SBR MOR,"NUTRACOM INDUSTRIA E COMÉRCIOLTDA",2021076,96 UNIDADES,-,20E0230000428,03/11/2020,LAJEDO,PE
4,"ACEVITON ZINCO COMP EFERV 1 TB X10","NUTRACOM INDUSTRIA E COMÉRCIOLTDA",2019812,1200 UNIDADES,-,20E0230000428,03/11/2020,LAJEDO,PE
5,"ACEVITON ZINCO COMP EFERV 1 TB X10","NUTRACOM INDUSTRIA E COMÉRCIOLTDA",2020350,1000 UNIDADES,-,20E0230000428,03/11/2020,LAJEDO,PE
6,"ACEVITON ZINCO COMP EFERV 1 TBX10","NUTRACOM INDUTRIA E COMERCIOLTDA",2000488,200,-,55864,16/02/2020,UMBAUBA,SE
7,"ACEVITON ZINCO COMP EFERV 1 TBX10","NUTRACOM INDUTRIA E COMERCIOLTDA",2001143,200,-,55864,16/02/2020,UMBAUBA,SE
8,"ACEVITON ZINCO COMP EFERV 3 TB X10","NUTRACOM INDUSTRIA E COMÉRCIOLTDA",2020355,90 UNIDADES,-,20E0230000428,03/11/2020,LAJEDO,PE
9,"ACEVITON ZINCO COMP EFERV 3 TB X10","NUTRACOM INDUSTRIA E COMÉRCIOLTDA",2021294,2700 UNIDADES,-,20E0230000428,03/11/2020,LAJEDO,PE
10,AIDE 3 SOL OR 10 ML,EUROFARMA LABORATORIOS S.A.,20010101,64,166665,"Comunicação de Ocorrência PolicialNo 2194081200402003000",02/04/2020,ITATIAIUÇU,MG
11,BARIVIT LARANJA C/ 60 COMP MAST,"MARJAN INDUSTRIA E COMERCIOLTDA",L559,1,11325733,161/2020 e 2610/2020,13/03/2020,MONGAGUA,SP
12,BIO C 1G COM EFERV TB X 10,"UNIÃO QUÍMICA FARMACÊUTICANAIONAL",2011189,6,159.972,16078925,31/07/2020,SÃO PAULO,SP
13,BIO C 1G COM EFERV TB X 10,"UNIÃO QUÍMICA FARMACÊUTICANACIONAL",2011189,6,147.128,16078925,21/08/2020,UBERLÂNDIA,MG
14,BIO C 1G COM EFERV TB X 30 (AL),"UNIÃO QUÍMICA FARMACÊUTICANAIONAL",2031332,3,165.606,2020-042771923-001,04/09/2020,CONTAGEM,MG
15,BIO C 1G COM EFERV TB X 30 (AL),"UNIÃO QUÍMICA FARMACÊUTICANAIONAL",2031332,15,165.586,2020-042771923-001,04/09/2020,CONTAGEM,MG
16,BIO C 1G COM EFEV TB X 10 (AL),"UNIÃO QUÍMICA FARMACÊUTICANACIONAL S/A",2026662,24 UN,000300504-1,4316/2020,03/11/2020,CAMPINAS,SP
17,BIO C 200 MG/ML SOL GOT,"UNIÃO QUÍMICA FARMACÊUTICANAIONAL",2020931,12,159.972,16078925,31/07/2020,SÃO PAULO,SP
18,BIO C 200 MG/ML SOL GOT,"UNIÃO QUÍMICA FARMACÊUTICANAIONAL",2020931,1,159.972,16078925,31/07/2020,SÃO PAULO,SP
19,BIO C 200 MG/ML SOL GOT,"UNIÃO QUÍMICA FARMACÊUTICANAIONAL",2020931,1,159.972,16078925,31/07/2020,SÃO PAULO,SP
20,BIO C 200 MG/ML SOL GOT,"UNIÃO QUÍMICA FARMACÊUTICANAIONAL",2020931,1,159.972,16078925,31/07/2020,SÃO PAULO,SP
21,BIO EPA X60 CAP MOLE (AL),"UNIÃO QUÍMICA FARMACÊUTICANAIONAL",2010540,4,159.972,16078925,31/07/2020,SÃO PAULO,SP
22,BIO EPA X60 CAP MOLE (AL),"UNIÃO QUÍMICA FARMACÊUTICANAIONAL",2010540,3,159.972,16078925,31/07/2020,SÃO PAULO,SP
23,BIO EPA X60 CAP MOLE (AL),"UNIÃO QUÍMICA FARMACÊUTICANAIONAL",2010540,1,159.972,16078925,31/07/2020,SÃO PAULO,SP
24,BIO EPA X60 CAP MOLE (AL),"UNIÃO QUÍMICA FARMACÊUTICANACIONAL",2020040,3 UN,292084-1,3697/2020,01/10/2020,São Paulo,SP
25,BIO PANTOVIT 60FLAC.10 ML,ARTE NATIVA,920,1,84.623,2020-055419157-001,10/11/2020,ALVES DA,MG
26,BIOTONICO FONTOURA N 400ML NOVO,HYPERMARCAS S.A,B19J1670,1,11342585,161/2020 e 2610/2020,13/03/2020,MONGAGUA,SP
27,BIOTONICO FONTOURA N 400ML- NOVO,HYPERMARCAS S.A,B19J1670,1,11346832,161/2020 e 2610/2020,13/03/2020,MONGAGUA,SP
28,BIOTONICO FONTOURA UVA 400ML,HYPERMARCAS S.A,B19B0434,1,11342585,161/2020 e 2610/2020,13/03/2020,MONGAGUA,SP
29,CAPITRAT 4X15,KLEY HERTZ FARMACÊUTICA S.A.,166670,6,730.909,2199/2021,15/09/2020,SÃO PAULO,SP
30,"CARTIFOR (COLAGENO TIPO II) 60CAPS",FORHEALTH,1012,3,84.623,2020-055419157-001,10/11/2020,ALVES DA,MG
31,Centromax Mulher 30 cápsulas,"ECOFITUS LABORATÓRIONUTRACÊUTICO LTDA",12846,60,11.556,20031299B01,02/07/2020,"km 707,1,",MG
32,CENTRUM C/30 COMP,"PF CONSUMER HEALTHCARE BRAZILIMP D",AT2328,1,11306869,2114/2020,06/03/2020,GUARUJÁ,SP
33,CENTRUM C/30 COMP,"PF CONSUMER HEALTHCARE BRAZILIMP D",AT2328,1,11301806,2114/2020,06/03/2020,GUARUJÁ,SP
34,CENTRUM C/30 COMP,"PF CONSUMER HEALTHCARE BRAZILIMP D",AT2328,1,11326854,161/2020 e 2610/2020,13/03/2020,MONGAGUA,SP
35,CIFLOGEX SPRAY MEL 30 ML,CIMED,2005637,6,84.623,2020-055419157-001,10/11/2020,ALVES DA,MG
36,CIFLOGEX SPRAY MENTA 30 ML,CIMED,2005720,6,84.623,2020-055419157-001,10/11/2020,ALVES DA,MG
Ordem,Produto*,Empresa*,No de Série/ Lote*,"Quantidade Roubada/Furtada/ Extraviada*",No Nota Fiscal*,No Boletim de Ocorrência*,Data do roubo ou extravio*,Cidade,UF
37,CNBO CUP NOODLES BOLONHESA,NISSIN FOODS DO BRASIL,20/10/2020 F,1500 unidades,0044137,20E2141000464,10/02/2020,GRAVATÁ,PE
38,CNBO CUP NOODLES BOLONHESA,NISSIN FOODS DO BRASIL,20/11/2020 F,1080 UNIDADES,0275262,M2350-2020-00000411,04/03/2020,"SÃO SEBASTIÃODA BELA VISTA",MG
39,CNBO CUP NOODLES BOLONHESA,NISSIN FOODS DO BRASIL,20/11/2020 F,1800 UNIDADES,0044841,2020/08211.0-235421,26/03/2020,"TEOTÔNIOVILELA",AL
40,CNBO CUP NOODLES BOLONHESA,NISSIN FOODS DO BRASIL,09/04/21 F,2160,0287195,038 - 03428/2020,23/07/2020,Duque de Caxias,RJ
41,CNCH CUP NOODLES CHEDDAR,NISSIN FOODS DO BRASIL,13/11/2020 F,1080 UNIDADES,0275262,M2350-2020-00000411,04/03/2020,"SÃO SEBASTIÃODA BELA VISTA",MG
42,CNCH CUP NOODLES CHEDDAR,NISSIN FOODS DO BRASIL,17/04/21 F,1080,0287195,038 - 03428/2020,23/07/2020,Duque de Caxias,RJ
43,"CNCN CUP NOODLES CARNEDEFUMADA",NISSIN FOODS DO BRASIL,21/11/2020 F,3240 UNIDADES,0275262,M2350-2020-00000411,04/03/2020,"SÃO SEBASTIÃODA BELA VISTA",MG
44,"CNCN CUP NOODLES CARNEDEFUMADA",NISSIN FOODS DO BRASIL,13/04/21 F,4320,0287195,038 - 03428/2020,23/07/2020,Duque de Caxias,RJ
45,CNCR CUP NOODLES CURRY,NISSIN FOODS DO BRASIL,12/09/2020 F,1500 UNIDADES,0044137,20E2141000464,10/02/2020,GRAVATÁ,PE
46,"CNCS CUP NOODLES COSTELAC/MOLHO DE CHURRASCO",NISSIN FOODS DO BRASIL,26/11/2020 F,7560 UNIDADES,0275262,M2350-2020-00000411,04/03/2020,"SÃO SEBASTIÃODA BELA VISTA",MG
47,"CNCS CUP NOODLES COSTELAC/MOLHO DE CHURRASCO",NISSIN FOODS DO BRASIL,12/11/2020 F,1080 UNIDADES,0275262,M2350-2020-00000411,04/03/2020,"SÃO SEBASTIÃODA BELA VISTA",MG
48,"CNCS CUP NOODLES COSTELAC/MOLHO DE CHURRASCO",NISSIN FOODS DO BRASIL,16/04/21 F,5400,0287195,038 - 03428/2020,23/07/2020,Duque de Caxias,RJ
49,CNFM CUP NOODLES FRUTOS DO MAR,NISSIN FOODS DO BRASIL,14/09/2020 F,1000 UNIDADES,0044137,20E2141000464,10/02/2020,GRAVATÁ,PE
50,CNFM CUP NOODLES FRUTOS DO MAR,NISSIN FOODS DO BRASIL,15/11/2020 F,1080 UNIDADES,0275262,M2350-2020-00000411,04/03/2020,"SÃO SEBASTIÃODA BELA VISTA",MG
51,CNFM CUP NOODLES FRUTOS DO MAR,NISSIN FOODS DO BRASIL,11/04/21 F,2160,0287195,038 - 03428/2020,23/07/2020,Duque de Caxias,RJ
52,CNGO CUP NOODLES GALINHA CAIPIRA,NISSIN FOODS DO BRASIL,14/11/2020 F,2160 UNIDADES,0275262,M2350-2020-00000411,04/03/2020,"SÃO SEBASTIÃODA BELA VISTA",MG
53,CNGO CUP NOODLES GALINHA CAIPIRA,NISSIN FOODS DO BRASIL,19/11/2020 F,4320 UNIDADES,0275262,M2350-2020-00000411,04/03/2020,"SÃO SEBASTIÃODA BELA VISTA",MG
54,CNGO CUP NOODLES GALINHA CAIPIRA,NISSIN FOODS DO BRASIL,14/04/21 F,4200,0287195,038 - 03428/2020,23/07/2020,Duque de Caxias,RJ
55,"CNGP CUP NOODLES GALINHA CAIPIRAPICANTE",NISSIN FOODS DO BRASIL,19/09/2020 F,1500 UNIDADES,0044137,20E2141000464,10/02/2020,GRAVATÁ,PE
56,"CNGP CUP NOODLES GALINHA CAIPIRAPICANTE",NISSIN FOODS DO BRASIL,18/11/2020 F,1080 UNIDADES,0275262,M2350-2020-00000411,04/03/2020,"SÃO SEBASTIÃODA BELA VISTA",MG
57,"CNGP CUP NOODLES GALINHA CAIPIRAPICANTE",NISSIN FOODS DO BRASIL,07/04/21 F,2160,0287195,038 - 03428/2020,23/07/2020,Duque de Caxias,RJ
58,CNYK CUP NOODLES YAKISSOBA,NISSIN FOODS DO BRASIL,13/10/2020 F,2500 UNIDADES,0044137,20E2141000464,10/02/2020,GRAVATÁ,PE
59,CNYK CUP NOODLES YAKISSOBA,NISSIN FOODS DO BRASIL,08/04/21 F,2160,0287195,038 - 03428/2020,23/07/2020,Duque de Caxias,RJ
60,COGMAX 60 CAP,EUROFARMA LABORATORIOS S.A.,190567,160,166665,"Comunicação de Ocorrência PolicialNo 2194081200402003000",02/04/2020,ITATIAIUÇU,MG
61,COGNICX 10 CAPSULAS X BL (AG),"UNIÃO QUÍMICA FARMACÊUTICANACIONAL S/A",2009163,387 UN,000276618-1,029-05562/2020,12/08/2020,Rio de Janeiro,RJ
62,"COLACT 667MG/ML LIQ AMEIXA X120ML(AL)","UNIÃO QUÍMICA FARMACÊUTICANACIONAL S/A",1932080,1 UN,000215208-1,13370507,06/01/2020,Goiás,GO
63,"COLACT 667MG/ML LIQ AMEIXA X120ML(AL)","UNIÃO QUÍMICA FARMACÊUTICANACIONAL S/A",1935532,4 UN,000216346-1,13475525,15/01/2020,Goiás,GO
64,"COLACT 667MG/ML LIQ AMEIXA X120ML(AL)","UNIÃO QUÍMICA FARMACÊUTICANACIONAL S/A",1935532,1 UN,000216533-1,02_2020,03/01/2020,Campinas,SP
65,"COLACT 667MG/ML LIQ AMEIXA X120ML(AL)","UNIÃO QUÍMICA FARMACÊUTICANACIONAL S/A",1935695,3 UN,000217156-1,143/2020,10/01/2020,Capão Redondo,SP
66,"COLACT 667MG/ML LIQ AMEIXA X120ML(AL)","UNIÃO QUÍMICA FARMACÊUTICANACIONAL S/A",1935695,6 UN,000217313-1,143/2020,10/01/2020,Capão Redondo,SP
67,"COLACT 667MG/ML LIQ AMEIXA X120ML(AL)","UNIÃO QUÍMICA FARMACÊUTICANACIONAL S/A",1935695,12 UN,000218100-1,44/2020 e 49/2020 Complementar,11 e 14/01/2020,Brotas,SP
68,"COLACT 667MG/ML LIQ AMEIXA X120ML(AL)","UNIÃO QUÍMICA FARMACÊUTICANACIONAL S/A",1935695,2 UN,000218109-1,44/2020 e 49/2020 Complementar,11 e 14/01/2020,Brotas,SP
69,"COLACT 667MG/ML LIQ AMEIXA X120ML(AL)","UNIÃO QUÍMICA FARMACÊUTICANACIONAL S/A",1935695,2 UN,000218150-1,44/2020 e 49/2020 Complementar,11 e 14/01/2020,Brotas,SP
70,"COLACT 667MG/ML LIQ AMEIXA X120ML(AL)","UNIÃO QUÍMICA FARMACÊUTICANACIONAL S/A",1935695,12 UN,000218175-1,44/2020 e 49/2020 Complementar,11 e 14/01/2020,Brotas,SP
71,"COLACT 667MG/ML LIQ AMEIXA X120ML(AL)","UNIÃO QUÍMICA FARMACÊUTICANACIONAL S/A",1946702,11 UN,000236291-1,732/2020,20/03/2020,"SÃO BERNARDODO CAMPO",SP
72,"COLACT 667MG/ML LIQ AMEIXA X120ML(AL)","ANOVIS INDUSTRIAL FARMACEUTICALTDA",1946503,6,381279-1,N°14484801,07/04/2020,"Aparecida deGoiânia",GO
Ordem,Produto*,Empresa*,No de Série/ Lote*,"Quantidade Roubada/Furtada/ Extraviada*",No Nota Fiscal*,No Boletim de Ocorrência*,Data do roubo ou extravio*,Cidade,UF
73,"COLACT 667MG/ML LIQ AMEIXA X120ML(AL)","UNIÃO QUÍMICA FARMACÊUTICANACIONAL S/A",2005298,2 UN,000267128-1,535/2020,08/07/2020,Guarujá,RJ
74,"COLACT 667MG/ML LIQ AMEIXA X120ML(AL)","UNIÃO QUÍMICA FARMACÊUTICANACIONAL S/A",2005298,6 UN,000266947-1,535/2020,08/07/2020,Guarujá,RJ
75,"COLACT 667MG/ML LIQ AMEIXA X120ML(AL)","UNIÃO QUÍMICA FARMACÊUTICANACIONAL S/A",2005298,3 UN,000263170-1,16073154,24/06/2020,"Aparecida deGoiânia",GO
76,"COLACT 667MG/ML LIQ AMEIXA X120ML(AL)","UNIÃO QUÍMICA FARMACÊUTICANACIONAL S/A",2027130,4 UN,000300504-1,4316/2020 e 1296/2020,03/11/2020,CAMPINAS,SP
77,"COLACT 667MG/ML LIQ AMEIXA X120ML(AL)","UNIÃO QUÍMICA FARMACÊUTICANACIONAL S/A",2027130,12 UN,000300593-1,4316/2020,03/11/2020,CAMPINAS,SP
78,"COLACT 667MG/ML LIQ AMEIXA X120ML(AL)","UNIÃO QUÍMICA FARMACÊUTICANACIONAL S/A",2007090,3 UN,000273642-1,17099803,13/11/2020,SÃO PAULO - SP,0871484/13-3
79,"COLACT 667MG/ML LIQ AMEIXA X120ML(AL)","UNIÃO QUÍMICA FARMACÊUTICANACIONAL",2027130,6,172.406,17163033,18/11/2020,UBERLÂNDIA,MG
80,"COLACT 667MG/ML LIQ FRUTAS X120ML(AL)","UNIÃO QUÍMICA FARMACÊUTICANACIONAL S/A",1933465,1 UN,000215208-1,13370507,06/01/2020,Goiás,GO
81,"COLACT 667MG/ML LIQ FRUTAS X120ML(AL)","UNIÃO QUÍMICA FARMACÊUTICANACIONAL S/A",1933465,1 UN,000216533-1,02_2020,03/01/2020,Campinas,SP
82,"COLACT 667MG/ML LIQ FRUTAS X120ML(AL)","UNIÃO QUÍMICA FARMACÊUTICANACIONAL S/A",1933465,6 UN,000217313-1,143/2020,10/01/2020,Capão Redondo,SP
83,"COLACT 667MG/ML LIQ FRUTAS X120ML(AL)","UNIÃO QUÍMICA FARMACÊUTICANACIONAL S/A",1933465,2 UN,000218109-1,44/2020 e 49/2020 Complementar,11 e 14/01/2020,Brotas,SP
84,"COLACT 667MG/ML LIQ FRUTAS X120ML(AL)","UNIÃO QUÍMICA FARMACÊUTICANACIONAL S/A",1933465,2 UN,000218150-1,44/2020 e 49/2020 Complementar,11 e 14/01/2020,Brotas,SP
85,"COLACT 667MG/ML LIQ FRUTAS X120ML(AL)","UNIÃO QUÍMICA FARMACÊUTICANACIONAL S/A",1940292,4 UN,000236291-1,732/2020,20/03/2020,"SÃO BERNARDODO CAMPO",SP
86,"COLACT 667MG/ML LIQ FRUTAS X120ML(AL)","UNIÃO QUÍMICA FARMACÊUTICANACIONAL S/A",1940292,5 UN,000236607-1,732/2020,20/03/2020,"SÃO BERNARDODO CAMPO",SP
87,"COLACT 667MG/ML LIQ FRUTAS X120ML(AL)","ANOVIS INDUSTRIAL FARMACEUTICALTDA",1940293,3,381279-1,N°14484801,07/04/2020,"Aparecida deGoiânia",GO
88,"COLACT 667MG/ML LIQ FRUTAS X120ML(AL)","UNIÃO QUÍMICA FARMACÊUTICANACIONAL S/A",2001584,2 UN,000267128-1,535/2020,08/07/2020,Guarujá,RJ
89,"COLACT 667MG/ML LIQ FRUTAS X120ML(AL)","UNIÃO QUÍMICA FARMACÊUTICANACIONAL",2005895,3 UN,000283481-1,16455213,01/09/2020,São Paulo,SP
90,"COLACT 667MG/ML LIQ FRUTAS X120ML(AL)","UNIÃO QUÍMICA FARMACÊUTICANACIONAL S/A",2024163,4 UN,000300504-1,4316/2020 e 1296/2020,03/11/2020,CAMPINAS,SP
91,"COLACT 667MG/ML LIQ FRUTAS X120ML(AL)","UNIÃO QUÍMICA FARMACÊUTICANACIONAL S/A",2024163,6 UN,000300593-1,4316/2020,03/11/2020,CAMPINAS,SP
92,COLACT 667MG/ML LIQ X 120ML (AL),"UNIÃO QUÍMICA FARMACÊUTICANACIONAL S/A",1934007,3 UN,000215208-1,13370507,06/01/2020,Goiás,GO
93,COLACT 667MG/ML LIQ X 120ML (AL),"UNIÃO QUÍMICA FARMACÊUTICANACIONAL S/A",1934007,1 UN,000216346-1,13475525,15/01/2020,Goiás,GO
94,COLACT 667MG/ML LIQ X 120ML (AL),"UNIÃO QUÍMICA FARMACÊUTICANACIONAL S/A",1934007,1 UN,000216533-1,02_2020,03/01/2020,Campinas,SP
95,COLACT 667MG/ML LIQ X 120ML (AL),"ANOVIS INDUSTRIAL FARMACEUTICALTDA",1945183,2,381279-1,N°14484801,07/04/2020,"Aparecida deGoiânia",GO
96,COLACT 667MG/ML LIQ X 120ML (AL),"UNIÃO QUÍMICA FARMACÊUTICANACIONAL S/A",2003034,3 UN,000267128-1,535/2020,08/07/2020,Guarujá,RJ
97,COLACT 667MG/ML LIQ X 120ML (AL),"UNIÃO QUÍMICA FARMACÊUTICANACIONAL S/A",2009508,3 UN,000300475-1,4316/2020,03/11/2020,CAMPINAS,SP
98,COLARTROX,KLEY HERTZ FARMACÊUTICA S.A.,162380,10,730.714,2199/2020,14/09/2020,SÃO PAULO,SP
99,COLARTROX,KLEY HERTZ FARMACÊUTICA S.A.,162380,3,730.843,2199/2020,14/09/2020,SÃO PAULO,SP
100,COLLESTRA 650MG C/30 CAPS,"ACHE LABORATORIOSFARMACEUTICOS SA",1817336,1,11306869,2114/2020,06/03/2020,GUARUJÁ,SP
101,COMBI AD 30ML + SER DOSA,"ACHE LABORATORIOSFARMACEUTICOS SA",1904065,4,11299457,2114/2020,06/03/2020,GUARUJÁ,SP
102,COMBI AD 30ML + SER DOSA,"ACHE LABORATORIOSFARMACEUTICOS SA",1904065,1,1344232,161/2020 e 2610/2020,13/03/2020,MONGAGUA,SP
103,COMPLEXO OMEGA AZ 30CPS,Exeltis Laboratório Farmaceutico,1100001866,36 unidades,11359,858/2020,14/02/2020,GUARULHOS,SP
104,Cosovit - Amostra Grátis,"Mundipharma Brasil Produtos Médicos eFarmacêuticos Ltda",1201118,50,15021,566949/2020,14/04/2020,"S.BERNARDODO CAMPO",SP
105,Cosovit - Amostra Grátis,"Mundipharma Brasil Produtos Médicos eFarmacêuticos Ltda",1201118,6,15019,023-02245/2020,29/04/2020,Rio de Janeiro,RJ
106,D200 Gotas 20 mL,"ECOFITUS LABORATÓRIONUTRACÊUTICO LTDA",12945,120,11.556,20031299B01,02/07/2020,"km 707,1,",MG
107,DAMATER OMEGA x 30,"GRUNENTHAL DO BRASILFARMACEUTICA LTDA",1100001918,60,66724,0094-B/20-1181,17/04/2020,"JOAQUIMGOMES",AL
108,DAMATER OMEGA x 30,"GRUNENTHAL DO BRASILFARMACEUTICA LTDA",1100001918,144,66720,0094-B/20-1181,17/04/2020,"JOAQUIMGOMES",AL
Ordem,Produto*,Empresa*,No de Série/ Lote*,"Quantidade Roubada/Furtada/ Extraviada*",No Nota Fiscal*,No Boletim de Ocorrência*,Data do roubo ou extravio*,Cidade,UF
109,DAMATER OMEGA x 60,"GRUNENTHAL DO BRASILFARMACEUTICA LTDA",1100001919,144,66720,0094-B/20-1181,17/04/2020,"JOAQUIMGOMES",AL
110,DAMATER OSTEO x  60,"GRUNENTHAL DO BRASILFARMACEUTICA LTDA",19110036,140,66720,0094-B/20-1181,17/04/2020,"JOAQUIMGOMES",AL
111,DAMATER OSTEO x 60,"GRUNENTHAL DO BRASILFARMACEUTICA LTDA",19110036,35,66724,0094-B/20-1181,17/04/2020,"JOAQUIMGOMES",AL
112,DCAL 600 + D3 COMP REV X 60 (AL),"UNIÃO QUÍMICA FARMACÊUTICANACIONAL S/A",1935773,2 UN,000219359-1,350/2020,20/01/2020,ITAQUERA,SP
113,DCAL 600 + D3 COMP REV X 60 (AL),"ANOVIS INDUSTRIAL FARMACEUTICALTDA",1920579,2,381279-1,N°14484801,07/04/2020,"Aparecida deGoiânia",GO
114,DCAL 600 + D3 COMP REV X 60 (AL),"UNIÃO QUÍMICA FARMACÊUTICANAIONAL",2019779,2,159.972,16078925,31/07/2020,SÃO PAULO,SP
115,DCAL 600 + D3 COMP REV X 60 (AL),"UNIÃO QUÍMICA FARMACÊUTICANAIONAL",2019779,6,159.972,16078925,31/07/2020,SÃO PAULO,SP
116,DCAL 600 + D3 COMP REV X 60 (AL),"UNIÃO QUÍMICA FARMACÊUTICANAIONAL",2019779,3,159.972,16078925,31/07/2020,SÃO PAULO,SP
117,DCAL 600 + D3 COMP REV X 60 (AL),"UNIÃO QUÍMICA FARMACÊUTICANACIONAL S/A",2019779,3 UN,000278926-1,16238742,24/08/2020,BIRIGUI,SP
118,DCAL 600 + D3 COMP REV X 60 (AL),"UNIÃO QUÍMICA FARMACÊUTICANACIONAL",1930618,1 CARTUCHO,1.204.027,1816194/2020,16/06/2020,GUARULHOS,SP
119,"ENSURE PLUS CHOCOLATE 200MLNOVO",ABBOTT LABORATORIOS BRASIL LTDA,10335NR,12,11346544,161/2020 e 2610/2020,13/03/2020,MONGAGUA,SP
120,"ENTEROFIGON SOL ABACAXIFLACONETE 1X60",KLEY HERTZ FARMACÊUTICA S.A.,165166,2,730.905,2199/2021,15/09/2020,SÃO PAULO,SP
121,"ENTEROFIGON SOL ABACAXIFLACONETE 1X60",KLEY HERTZ FARMACÊUTICA S.A.,165166,2,730.912,2199/2021,15/09/2020,SÃO PAULO,SP
122,"EQUALIV OMEGA 3 ULTRA CAPS X 60CA","ALTHAIA S.A. INDUSTRIAFARMACEUTICA",20040107,12 UNIDADES (CARTUCHOS),20788,20I0319138572,13/11/2020,"101, KM 80.7 -",PE
123,"EQUALIV OMEGA 3 ULTRA CAPS X 60CA","ALTHAIA S.A. INDUSTRIAFARMACEUTICA",20070304,12 UNIDADES (CARTUCHOS),20788,20I0319138572,13/11/2020,"101, KM 80.7 -",PE
124,EQUALIV UPGRADE ENERGY X473ML,"ALTHAIA S.A. INDUSTRIAFARMACEUTICA",20010109A,10 frascos,15602,2020-032353627-001,06/07/2020,Vasconcelos,MG
125,EQUALIV UPGRADE ENERGY X473ML,"ALTHAIA S.A. INDUSTRIAFARMACEUTICA",20030047,10 UNIDADES (CARTUCHOS),20788,20I0319138572,13/11/2020,"101, KM 80.7 -",PE
126,EST3 ESPAGUETE T-3 ( 3 MIN ),NISSIN FOODS DO BRASIL,02/04/21 C,640,0287195,038 - 03428/2020,23/07/2020,Duque de Caxias,RJ
127,EST5 ESPAGUETE T-5 ( 5 MIN ),NISSIN FOODS DO BRASIL,19/11/2020 C,20 UNIDADES,0275262,M2350-2020-00000411,04/03/2020,"SÃO SEBASTIÃODA BELA VISTA",MG
128,EST5 ESPAGUETE T-5 ( 5 MIN ),NISSIN FOODS DO BRASIL,20/11/2020 C,40 UNIDADES,0275262,M2350-2020-00000411,04/03/2020,"SÃO SEBASTIÃODA BELA VISTA",MG
129,EST5 ESPAGUETE T-5 ( 5 MIN ),NISSIN FOODS DO BRASIL,21/11/2020 C,300 UNIDADES,0275262,M2350-2020-00000411,04/03/2020,"SÃO SEBASTIÃODA BELA VISTA",MG
130,EST5 ESPAGUETE T-5 ( 5 MIN ),NISSIN FOODS DO BRASIL,22/11/2020 C,280 UNIDADES,0275262,M2350-2020-00000411,04/03/2020,"SÃO SEBASTIÃODA BELA VISTA",MG
131,EST5 ESPAGUETE T-5 ( 5 MIN ),NISSIN FOODS DO BRASIL,09/04/21 C,3160,0287195,038 - 03428/2020,23/07/2020,Duque de Caxias,RJ
132,FEMINIS 30 CAP,EUROFARMA LABORATORIOS S.A.,320028,400,166607,"Comunicação de Ocorrência PolicialNo 2194081200402003000",02/04/2020,ITATIAIUÇU,MG
133,FERROVITAN COM COLINA SOL 60 ML,EUROFARMA LABORATORIOS S.A.,510031,1,11309338,2114/2020,06/03/2020,GUARUJÁ,SP
134,FLEX-S SACHE 4G X 30 (AL),"UNIÃO QUÍMICA FARMACÊUTICANACIONAL",2004678,16 CARTUCHOS,404582,20-03025,27/04/2020,SALVADOR,BA
135,FLORASTOR CAP X 12 (AL),"UNIÃO QUÍMICA FARMACÊUTICANACIONAL S/A",1937521,12 UN,000217156-1,143/2020,10/01/2020,Capão Redondo,SP
136,FLORASTOR CAP X 12 (AL),"UNIÃO QUÍMICA FARMACÊUTICANACIONAL S/A",1937521,3 UN,000218100-1,44/2020 e 49/2020 Complementar,11 e 14/01/2020,Brotas,SP
137,FLORASTOR CAP X 12 (AL),"UNIÃO QUÍMICA FARMACÊUTICANACIONAL S/A",1937521,8 UN,000218133-1,44/2020 e 49/2020 Complementar,11 e 14/01/2020,Brotas,SP
138,FLORASTOR CAP X 12 (AL),"UNIÃO QUÍMICA FARMACÊUTICANACIONAL S/A",1937521,3 UN,000217685-1,240/2020,15/01/2020,CAMPO LIMPO,SP
139,FLORASTOR CAP X 12 (AL),"UNIÃO QUÍMICA FARMACÊUTICANAIONAL",2005542,3,159.972,16078925,31/07/2020,SÃO PAULO,SP
140,FLORASTOR CAP X 12 (AL),"UNIÃO QUÍMICA FARMACÊUTICANAIONAL",2005542,3,159.972,16078925,31/07/2020,SÃO PAULO,SP
141,FLORASTOR CAP X 12 (AL),"UNIÃO QUÍMICA FARMACÊUTICANAIONAL",2005542,3,159.972,16078925,31/07/2020,SÃO PAULO,SP
142,FLORASTOR CAP X 12 (AL),"UNIÃO QUÍMICA FARMACÊUTICANAIONAL",2005542,1,159.972,16078925,31/07/2020,SÃO PAULO,SP
143,FLORASTOR CAP X 12 (AL),"UNIÃO QUÍMICA FARMACÊUTICANAIONAL",2005542,6,159.972,16078925,31/07/2020,SÃO PAULO,SP
144,FLORASTOR CAP X 12 (AL),"UNIÃO QUÍMICA FARMACÊUTICANAIONAL",2005542,6,159.972,16078925,31/07/2020,SÃO PAULO,SP
Ordem,Produto*,Empresa*,No de Série/ Lote*,"Quantidade Roubada/Furtada/ Extraviada*",No Nota Fiscal*,No Boletim de Ocorrência*,Data do roubo ou extravio*,Cidade,UF
145,FLORASTOR CAP X 12 (AL),"UNIÃO QUÍMICA FARMACÊUTICANACIONAL",2007804,6 UN,292084-1,3697/2020,01/10/2020,São Paulo,SP
146,FLORASTOR CAP X 12 (AL),"UNIÃO QUÍMICA FARMACÊUTICANACIONAL",2005543,6 UN,000283481-1,16455213,01/09/2020,São Paulo,SP
147,FLORASTOR CAP X 12 (AL),"UNIÃO QUÍMICA FARMACÊUTICANACIONAL",2012681,1,172.406,17163033,18/11/2020,UBERLÂNDIA,MG
148,FLORASTOR CAP X 12 (AL),"UNIÃO QUÍMICA FARMACÊUTICANACIONAL S/A",2012682,36 UN,000308464-1,7368/2020 e 7391/2020,28/11/2020,"ITAQUAQUECETUBA",SP
149,FLORASTOR CAP X 12 (AL),"UNIÃO QUÍMICA FARMACÊUTICANACIONAL S/A",2012682,6 UN,000308459-1,7368/2020 e 7391/2020,28/11/2020,"ITAQUAQUECETUBA",SP
150,FLORASTOR CAP X 12 (AL),"UNIÃO QUÍMICA FARMACÊUTICANACIONAL S/A",2012682,36 UN,000308796-1,7368/2020 e 7391/2020,28/11/2020,"ITAQUAQUECETUBA",SP
151,FLORASTOR CAP X 12 (AL),"UNIÃO QUÍMICA FARMACÊUTICANACIONAL",2023500,36 UN,000310659-1,1884088/2020,03/12/2020,SÃO PAULO,SP
152,FLORASTOR SACHE 4G X 6 (AL),"UNIÃO QUÍMICA FARMACÊUTICANACIONAL S/A",1940257,3 UN,000218203-1,44/2020 e 49/2020 Complementar,11 e 14/01/2020,Brotas,SP
153,FLORASTOR SACHE 4G X 6 (AL),"UNIÃO QUÍMICA FARMACÊUTICANACIONAL S/A",1940257,6 UN,000217643-1,240/2020,15/01/2020,CAMPO LIMPO,SP
154,FLORASTOR SACHE 4G X 6 (AL),"UNIÃO QUÍMICA FARMACÊUTICANACIONAL S/A",1940257,3 UN,000267128-1,535/2020,08/07/2020,Guarujá,RJ
155,FLORASTOR SACHE 4G X 6 (AL),"UNIÃO QUÍMICA FARMACÊUTICANAIONAL",2014257,3,159.972,16078925,31/07/2020,SÃO PAULO,SP
156,FLORASTOR SACHE 4G X 6 (AL),"UNIÃO QUÍMICA FARMACÊUTICANAIONAL",2014257,3,159.972,16078925,31/07/2020,SÃO PAULO,SP
157,FLORASTOR SACHE 4G X 6 (AL),"UNIÃO QUÍMICA FARMACÊUTICANAIONAL",2014257,1,159.972,16078925,31/07/2020,SÃO PAULO,SP
158,FLORASTOR SACHE 4G X 6 (AL),"UNIÃO QUÍMICA FARMACÊUTICANAIONAL",2014257,1,159.972,16078925,31/07/2020,SÃO PAULO,SP
159,FLORASTOR SACHE 4G X 6 (AL),"UNIÃO QUÍMICA FARMACÊUTICANAIONAL",2014257,3,159.972,16078925,31/07/2020,SÃO PAULO,SP
160,FLORASTOR SACHE 4G X 6 (AL),"UNIÃO QUÍMICA FARMACÊUTICANAIONAL",2014257,2,159.972,16078925,31/07/2020,SÃO PAULO,SP
161,FLORASTOR SACHE 4G X 6 (AL),"UNIÃO QUÍMICA FARMACÊUTICANAIONAL",2014257,2,159.972,16078925,31/07/2020,SÃO PAULO,SP
162,FLORASTOR SACHE 4G X 6 (AL),"UNIÃO QUÍMICA FARMACÊUTICANAIONAL",2014257,1,159.972,16078925,31/07/2020,SÃO PAULO,SP
163,FLORASTOR SACHE 4G X 6 (AL),"UNIÃO QUÍMICA FARMACÊUTICANACIONAL S/A",2014951,48 UN,000300386-1,4316/2020,03/11/2020,CAMPINAS,SP
164,FLORASTOR SACHE 4G X 6 (AL),"UNIÃO QUÍMICA FARMACÊUTICANACIONAL S/A",2014951,12 UN,000300487-1,4316/2020,03/11/2020,CAMPINAS,SP
165,FLORASTOR SACHE 4G X 6 (AL),"UNIÃO QUÍMICA FARMACÊUTICANACIONAL",1930444,8 CARTUCHOS,1.204.027,1816194/2020,16/06/2020,GUARULHOS,SP
166,FLORASTOR SACHE 4G X 6 (AL),"UNIÃO QUÍMICA FARMACÊUTICANACIONAL S/A",2014951,18 UN,000308464-1,7368/2020 e 7391/2020,28/11/2020,"ITAQUAQUECETUBA",SP
167,FLORASTOR SACHE 4G X 6 (AL),"UNIÃO QUÍMICA FARMACÊUTICANACIONAL S/A",2014951,18 UN,000308796-1,7368/2020 e 7391/2020,28/11/2020,"ITAQUAQUECETUBA",SP
168,FLORASTOR SACHE 4G X 6 (AL),"UNIÃO QUÍMICA FARMACÊUTICANACIONAL",2014951,18 UN,000310659-1,1884088/2020,03/12/2020,SÃO PAULO,SP
169,FONT D CAP MOLE X 60 (AL),"UNIÃO QUIMICA FARMACEUTICANACIONAL S/A",1927882,6,381279-1,N°14484801,07/04/2020,"Aparecida deGoiânia",GO
170,FONT D CAP MOLE X 60 (AL),"UNIÃO QUÍMICA FARMACÊUTICANAIONAL",2021971,6,159.972,16078925,31/07/2020,SÃO PAULO,SP
171,FONT D CAP MOLE X 60 (AL),"UNIÃO QUÍMICA FARMACÊUTICANAIONAL",2021971,3,159.972,16078925,31/07/2020,SÃO PAULO,SP
172,FONT D CAP MOLE X 60 (AL),"UNIÃO QUÍMICA FARMACÊUTICANAIONAL",2021971,1,159.972,16078925,31/07/2020,SÃO PAULO,SP
173,FONT D CAP MOLE X 60 (AL),"UNIÃO QUÍMICA FARMACÊUTICANAIONAL",2021971,1,159.972,16078925,31/07/2020,SÃO PAULO,SP
174,FONT D CAP MOLE X 60 (AL),"UNIÃO QUÍMICA FARMACÊUTICANAIONAL",2021971,1,159.972,16078925,31/07/2020,SÃO PAULO,SP
175,FONT D CAP MOLE X 60 (AL),"UNIÃO QUÍMICA FARMACÊUTICANAIONAL",2021971,6,159.972,16078925,31/07/2020,SÃO PAULO,SP
176,FONT D GOTAS FR 10ML (AL),"UNIÃO QUÍMICA FARMACÊUTICANACIONAL",2030275L,3,172.406,17163033,18/11/2020,UBERLÂNDIA,MG
177,FONT D GOTAS FR 20ML (AL),"UNIÃO QUÍMICA FARMACÊUTICANACIONAL S/A",1927720,3 UN,000218100-1,44/2020 e 49/2020 Complementar,11 e 14/01/2020,Brotas,SP
178,FONT D GOTAS FR 20ML (AL),"UNIÃO QUÍMICA FARMACÊUTICANAIONAL",2025786,3,159.972,16078925,31/07/2020,SÃO PAULO,SP
179,FONT D GOTAS FR 20ML (AL),"UNIÃO QUÍMICA FARMACÊUTICANAIONAL",2025786,2,159.972,16078925,31/07/2020,SÃO PAULO,SP
180,FONT D GOTAS FR 20ML (AL),"UNIÃO QUÍMICA FARMACÊUTICANAIONAL",2025786,6,159.972,16078925,31/07/2020,SÃO PAULO,SP
Ordem,Produto*,Empresa*,No de Série/ Lote*,"Quantidade Roubada/Furtada/ Extraviada*",No Nota Fiscal*,No Boletim de Ocorrência*,Data do roubo ou extravio*,Cidade,UF
181,FONT D GOTAS FR 20ML (AL),"UNIÃO QUÍMICA FARMACÊUTICANAIONAL",2025786,3,159.972,16078925,31/07/2020,SÃO PAULO,SP
182,FONT D GOTAS FR 20ML (AL),"UNIÃO QUÍMICA FARMACÊUTICANAIONAL",2025786,2,159.972,16078925,31/07/2020,SÃO PAULO,SP
183,FONT D GOTAS FR 20ML (AL),"UNIÃO QUÍMICA FARMACÊUTICANAIONAL",2025786,3,159.972,16078925,31/07/2020,SÃO PAULO,SP
184,FONT D GOTAS FR 20ML (AL),"UNIÃO QUÍMICA FARMACÊUTICANAIONAL",2025786,3,159.972,16078925,31/07/2020,SÃO PAULO,SP
185,FONT D GOTAS FR 20ML (AL),"UNIÃO QUÍMICA FARMACÊUTICANAIONAL",2025786,1,159.972,16078925,31/07/2020,SÃO PAULO,SP
186,FONT D GOTAS FR 20ML (AL),"UNIÃO QUÍMICA FARMACÊUTICANAIONAL",2025786,1,159.972,16078925,31/07/2020,SÃO PAULO,SP
187,FONT D GOTAS FR 20ML (AL),"UNIÃO QUÍMICA FARMACÊUTICANAIONAL",2025786,4,159.972,16078925,31/07/2020,SÃO PAULO,SP
188,FONT D GOTAS FR 20ML (AL),"UNIÃO QUÍMICA FARMACÊUTICANAIONAL",2025786,2,159.972,16078925,31/07/2020,SÃO PAULO,SP
189,FONT D GOTAS FR 20ML (AL),"UNIÃO QUÍMICA FARMACÊUTICANAIONAL",2028997,3,165.606,2020-042771923-001,04/09/2020,CONTAGEM,MG
190,FUNCHIMED PO FR X 5G,"NUTRACOM INDUSTRIA E COMÉRCIOLTDA",1917061,6,446667,2020-016912409-001,08/04/2020,"BELOHORIZONTE",MG
191,KIT CALCIODEX ECONOMICO,KLEY HERTZ FARMACÊUTICA S.A.,167238,4,730.909,2199/2021,15/09/2020,SÃO PAULO,SP
192,KIT LAMEN C/6UN (6LAGO),NISSIN FOODS DO BRASIL,19/11/2020 E,32400 UNIDADES,0275262,M2350-2020-00000411,04/03/2020,"SÃO SEBASTIÃODA BELA VISTA",MG
193,KIT LAMEN C/6UN (6LAGO),NISSIN FOODS DO BRASIL,27/11/2020 E,4320 UNIDADES,0275262,M2350-2020-00000411,04/03/2020,"SÃO SEBASTIÃODA BELA VISTA",MG
194,"KIT LAVIRAN AZ+MULHER 2FR X90+HAIR X 30","NUTRACOM INDUSTRIA E COMÉRCIOLTDA",1914477,3,450796,2020-019499094-001,24/04/2020,"RIBEIRÃO DASNEVES",MG
195,"KIT LAVIRAN VIT REJUV CAPILARCAP+SH+SPR","NUTRACOM INDUSTRIA E COMÉRCIOLTDA",1922261,1,450796,2020-019499094-001,24/04/2020,"RIBEIRÃO DASNEVES",MG
196,"KIT LAVITA BEAUTY CAPS + CRCELULITE","NUTRACOM INDUSTRIA E COMÉRCIOLTDA",1912761,1,450796,2020-019499094-001,24/04/2020,"RIBEIRÃO DASNEVES",MG
197,"KIT LAVITAN AZ MAIS 2FR X 90 + HAIR X30","NUTRACOM INDUTRIA E COMERCIOLTDA",1919717,80,-,55858,16/02/2020,UMBAUBA,SE
198,"KIT LAVITAN AZ MAIS 2FR X 90 + HAIR X30","NUTRACOM INDUSTRIA E COMÉRCIOLTDA",1907207,4,450796,2020-019499094-001,24/04/2020,"RIBEIRÃO DASNEVES",MG
199,"KIT LAVITAN AZ MAIS 2FR X 90 + HAIR X30","NUTRACOM INDUSTRIA E COMÉRCIOLTDA",1919715,1,451093,2020-019499094-001,24/04/2020,"RIBEIRÃO DASNEVES",MG
200,"KIT LAVITAN AZ MAIS 2FR X90 + HAIR X30","NUTRACOM INDUSTRIA E COMÉRCIOLTDA",1919715,4,446440,2020-016912409-001,08/04/2020,"BELOHORIZONTE",MG
201,"KIT LAVITAN AZ MULH ER COMP REVFR C/ 60","CIMED INDUSTRIA DE MEDICAMENTOSLTDA",1919743,4,431174,2020 012574867 - 001,11/03/2020,"BELOHORIZONTE",MG
202,"KIT LAVITAN AZ MULHER COM PREVFRC/60","CIMED INDUSTRIA DE MEDICAMENTOSLTDA",1919743,24,431363,2020 012574867 - 001,11/03/2020,"BELOHORIZONTE",MG
203,"KIT LAVITAN MULTI HOMEM 2FRX30 +OMEGA","NUTRACOM INDUSTRIA E COMÉRCIOLTDA",1913162,4,446440,2020-016912409-001,08/04/2020,"BELOHORIZONTE",MG
204,"KIT LAVITAN VIT AZ MULHER 3FRX60(PROMO)","NUTRACOM INDUSTRIA E COMÉRCIOLTDA",2002676,6,446440,2020-016912409-001,08/04/2020,"BELOHORIZONTE",MG
205,"KIT LAVITAN VIT AZ MULHER 3FRX60(PROMO)","NUTRACOM INDUSTRIA E COMÉRCIOLTDA",2002676,3,450796,2020-019499094-001,24/04/2020,"RIBEIRÃO DASNEVES",MG
206,"KIT LAVITAN VIT AZ MULHER 3FRX60(PROMO)","NUTRACOM INDUSTRIA E COMÉRCIOLTDA",2002676,3,451093,2020-019499094-001,24/04/2020,"RIBEIRÃO DASNEVES",MG
207,"KIT LAVITAN VIT AZ+MUL 2FR X90+HAIRX 30","NUTRACOM INDUSTRIA E COMÉRCIOLTDA",1920497,4,446440,2020-016912409-001,08/04/2020,"BELOHORIZONTE",MG
208,"KIT LAVITAN VIT AZ+MULH 2FR X90 +HAIR X30","NUTRACOM INDUSTRIA E COMÉRCIOLTDA",1914477,1,451093,2020-019499094-001,24/04/2020,"RIBEIRÃO DASNEVES",MG
209,"KIT LAVITAN VIT HAIR CAPS 2 X 20(PROMO)","NUTRACOM INDUSTRIA E COMÉRCIOLTDA",2002333,20,450799,2020-019499094-001,24/04/2020,"RIBEIRÃO DASNEVES",MG
210,"KIT LAVITAN VIT HAIR CAPS 3 X30(PROMO)","NUTRACOM INDUSTRIA E COMÉRCIOLTDA",2002332,6,446440,2020-016912409-001,08/04/2020,"BELOHORIZONTE",MG
211,"KIT LAVITAN VIT HAIR CAPS 3X30(PROMO)","CIMED INDUSTRIA DE MEDICAMENTOSLTDA",2002332,3,437094,2020-01472225-001,24/03/2020,"RIBEIRÃO DASNEVES",MG
212,"KIT LAVITAN VIT HAIR CAPS 3X30(PROMO)","NUTRACOM INDUSTRIA E COMÉRCIOLTDA",2002333,5,451093,2020-019499094-001,24/04/2020,"RIBEIRÃO DASNEVES",MG
213,"KIT LAVITAN VIT HAIR CAPS 3X30(PROMO)","NUTRACOM INDUSTRIA E COMÉRCIOLTDA",2002332,3,437.094,2020-01472225-001,24/03/2020,"RIBEIRÃO DASNEVES",MG
214,"KIT LAVITAN VIT OMEGA 3 FR X60(PROMO)","NUTRACOM INDUSTRIA E COMÉRCIOLTDA",1923448,6,446440,2020-016912409-001,08/04/2020,"BELOHORIZONTE",MG
215,"KIT LAVITAN VIT OMEGA 3 FR X60(PROMO)","NUTRACOM INDUSTRIA E COMÉRCIOLTDA",1923448,2,451093,2020-019499094-001,24/04/2020,"RIBEIRÃO DASNEVES",MG
216,KIT LAVITAN VIT REDUTOR CELULITES,"NUTRACOM INDUTRIA E COMERCIOLTDA",1912761,3,406195,2020-001376043-001,09/01/2020,"RIBEIRÃO DASNEVES",MG
Ordem,Produto*,Empresa*,No de Série/ Lote*,"Quantidade Roubada/Furtada/ Extraviada*",No Nota Fiscal*,No Boletim de Ocorrência*,Data do roubo ou extravio*,Cidade,UF
217,KIT NOSSO SABOR C/6UN (6LNGO),NISSIN FOODS DO BRASIL,07/12/2020 2,28250 UNIDADES,0044841,2020/08211.0-235421,26/03/2020,"TEOTÔNIOVILELA",AL
218,LAAL LAMEN FRANGO COM ALHO,NISSIN FOODS DO BRASIL,21/09/2020 2,1500 UNIDADES,0044137,20E2141000464,10/02/2020,GRAVATÁ,PE
219,LABA LAMEN BACON,NISSIN FOODS DO BRASIL,06/12/2020 B,1000 UNIDADES,0044841,2020/08211.0-235421,26/03/2020,"TEOTÔNIOVILELA",AL
220,LAC 0 COMP MAST 3 BL ALU ALU X 10,"NUTRACOM INDUTRIA E COMERCIOLTDA",1918768,1,406195,2020-001376043-001,09/01/2020,"RIBEIRÃO DASNEVES",MG
221,LACN LAMEN CARNE,NISSIN FOODS DO BRASIL,17/11/2020 A,5600 UNIDADES,0275262,M2350-2020-00000411,04/03/2020,"SÃO SEBASTIÃODA BELA VISTA",MG
222,LACN LAMEN CARNE,NISSIN FOODS DO BRASIL,27/11/2020 A,5600 UNIDADES,0275262,M2350-2020-00000411,04/03/2020,"SÃO SEBASTIÃODA BELA VISTA",MG
223,LACN LAMEN CARNE,NISSIN FOODS DO BRASIL,28/11/2020 A,2800 UNIDADES,0275262,M2350-2020-00000411,04/03/2020,"SÃO SEBASTIÃODA BELA VISTA",MG
224,LACN LAMEN CARNE,NISSIN FOODS DO BRASIL,14/04/21 A,1650,0287195,038 - 03428/2020,23/07/2020,Duque de Caxias,RJ
225,LACN LAMEN CARNE,NISSIN FOODS DO BRASIL,17/04/21 A,53200,0287195,038 - 03428/2020,23/07/2020,Duque de Caxias,RJ
226,LACS LAMEN COSTELA,NISSIN FOODS DO BRASIL,12/10/2020 2,1500 UNIDADES,0044137,20E2141000464,10/02/2020,GRAVATÁ,PE
227,LACT LAMEN CARNE C/TOMATE,NISSIN FOODS DO BRASIL,23/10/2020 2,500 UNIDADES,0044137,20E2141000464,10/02/2020,GRAVATÁ,PE
228,LACT LAMEN CARNE C/TOMATE,NISSIN FOODS DO BRASIL,09/04/21 B,8200,0287195,038 - 03428/2020,23/07/2020,Duque de Caxias,RJ
229,"LAFA LAMEN FRANGO ASSADOC/TOQUE DE LIMAO",NISSIN FOODS DO BRASIL,19/11/2020 B,2400 UNIDADES,0275262,M2350-2020-00000411,04/03/2020,"SÃO SEBASTIÃODA BELA VISTA",MG
230,"LAFA LAMEN FRANGO ASSADOC/TOQUE DE LIMAO",NISSIN FOODS DO BRASIL,22/11/2020 A,400 UNIDADES,0275262,M2350-2020-00000411,04/03/2020,"SÃO SEBASTIÃODA BELA VISTA",MG
231,"LAFA LAMEN FRANGO ASSADOC/TOQUE DE LIMAO",NISSIN FOODS DO BRASIL,01/04/21 B,11200,0287195,038 - 03428/2020,23/07/2020,Duque de Caxias,RJ
232,LAGH LAMEN GALINHA,NISSIN FOODS DO BRASIL,03/11/2020 1,20000 UNIDADES,0044137,20E2141000464,10/02/2020,GRAVATÁ,PE
233,LAGH LAMEN GALINHA,NISSIN FOODS DO BRASIL,18/11/2020 A,2800 UNIDADES,0275262,M2350-2020-00000411,04/03/2020,"SÃO SEBASTIÃODA BELA VISTA",MG
234,LAGH LAMEN GALINHA,NISSIN FOODS DO BRASIL,26/11/2020 B,5600 UNIDADES,0275262,M2350-2020-00000411,04/03/2020,"SÃO SEBASTIÃODA BELA VISTA",MG
235,LAGO LAMEN GALINHA CAIPIRA,NISSIN FOODS DO BRASIL,04/11/2020 2,69750 UNIDADES,0044137,20E2141000464,10/02/2020,GRAVATÁ,PE
236,LAGO LAMEN GALINHA CAIPIRA,NISSIN FOODS DO BRASIL,20/11/2020 A,750 UNIDADES,0275262,M2350-2020-00000411,04/03/2020,"SÃO SEBASTIÃODA BELA VISTA",MG
237,LAGO LAMEN GALINHA CAIPIRA,NISSIN FOODS DO BRASIL,22/11/2020 B,550 UNIDADES,0275262,M2350-2020-00000411,04/03/2020,"SÃO SEBASTIÃODA BELA VISTA",MG
238,LAGO LAMEN GALINHA CAIPIRA,NISSIN FOODS DO BRASIL,22/11/2020 G,500 UNIDADES,0275262,M2350-2020-00000411,04/03/2020,"SÃO SEBASTIÃODA BELA VISTA",MG
239,LAGO LAMEN GALINHA CAIPIRA,NISSIN FOODS DO BRASIL,26/11/2020 A,3500 UNIDADES,0275262,M2350-2020-00000411,04/03/2020,"SÃO SEBASTIÃODA BELA VISTA",MG
240,LAGO LAMEN GALINHA CAIPIRA,NISSIN FOODS DO BRASIL,27/11/2020 A,1300 UNIDADES,0275262,M2350-2020-00000411,04/03/2020,"SÃO SEBASTIÃODA BELA VISTA",MG
241,LAGO LAMEN GALINHA CAIPIRA,NISSIN FOODS DO BRASIL,27/11/2020 B,2250 UNIDADES,0275262,M2350-2020-00000411,04/03/2020,"SÃO SEBASTIÃODA BELA VISTA",MG
242,LAGO LAMEN GALINHA CAIPIRA,NISSIN FOODS DO BRASIL,28/11/2020 A,1700 UNIDADES,0275262,M2350-2020-00000411,04/03/2020,"SÃO SEBASTIÃODA BELA VISTA",MG
243,LAGO LAMEN GALINHA CAIPIRA,NISSIN FOODS DO BRASIL,28/11/2020 E,8000 UNIDADES,0275262,M2350-2020-00000411,04/03/2020,"SÃO SEBASTIÃODA BELA VISTA",MG
244,LAGO LAMEN GALINHA CAIPIRA,NISSIN FOODS DO BRASIL,29/11/2020 A,1050 UNIDADES,0275262,M2350-2020-00000411,04/03/2020,"SÃO SEBASTIÃODA BELA VISTA",MG
245,LAGO LAMEN GALINHA CAIPIRA,NISSIN FOODS DO BRASIL,20/12/2020 2,76350 UNIDADES,0044841,2020/08211.0-235421,26/03/2020,"TEOTÔNIOVILELA",AL
246,LALL LAMEN LEGUMES,NISSIN FOODS DO BRASIL,03/11/2020 1,100 UNIDADES,0044137,20E2141000464,10/02/2020,GRAVATÁ,PE
247,LALL LAMEN LEGUMES,NISSIN FOODS DO BRASIL,21/11/2020 B,2800 UNIDADES,0275262,M2350-2020-00000411,04/03/2020,"SÃO SEBASTIÃODA BELA VISTA",MG
248,LAPI LAMEN PICANHA,NISSIN FOODS DO BRASIL,13/10/2020 2,1000 UNIDADES,0044137,20E2141000464,10/02/2020,GRAVATÁ,PE
249,LAPI LAMEN PICANHA,NISSIN FOODS DO BRASIL,10/04/21 B,6800,0287195,038 - 03428/2020,23/07/2020,Duque de Caxias,RJ
250,"LAVITAN 5G COMP EFEV TB X 10 FRUTVERM","NUTRACOM INDUSTRIA E COMÉRCIOLTDA",2020008,54 UNIDADES,,20E0230000428,03/11/2020,LAJEDO,PE
251,"LAVITAN 5G COMP EFEV TB X 10 FRUTVERM","NUTRACOM INDUSTRIA E COMÉRCIOLTDA",2006721,54,58307,20020676B01,27/04/2020,DIVINO,MG
252,"LAVITAN 5G COMP EFEV TB X 10GUA+CAF","NUTRACOM INDUSTRIA E COMÉRCIOLTDA",2020001,54 UNIDADES,,20E0230000428,03/11/2020,LAJEDO,PE
Ordem,Produto*,Empresa*,No de Série/ Lote*,"Quantidade Roubada/Furtada/ Extraviada*",No Nota Fiscal*,No Boletim de Ocorrência*,Data do roubo ou extravio*,Cidade,UF
253,"LAVITAN AZ ORIGINAL COMP REV FRC/60","NUTRACOM INDUSTRIA E COMÉRCIOLTDA",1912561,2,450797,2020-019499094-001,24/04/2020,"RIBEIRÃO DASNEVES",MG
254,"LAVITAN CABELOS E UNHAS CAP 4 BLX15","CIMED INDUSTRIA DE MEDICAMENTOSLTDA",1919113,6,437094,2020-01472225-001,24/03/2020,"RIBEIRÃO DASNEVES",MG
255,"LAVITAN CABELOS E UNHAS CAP 4 BLX15","NUTRACOM INDUSTRIA E COMÉRCIOLTDA",1919113,6,437.094,2020-01472225-001,24/03/2020,"RIBEIRÃO DASNEVES",MG
256,LAVITAN CALCIO MDK 3 BL X 10 CPRV,"NUTRACOM INDUSTRIA E COMÉRCIOLTDA",2020585,18 UNIDADES,547.418,2020-055465836-001,17/11/2020,BETIM,MG
257,"LAVITAN COLAGENO TIPO II 2 BL X 15CAPS","NUTRACOM INDUSTRIA E COMÉRCIOLTDA",2018771,100 UNIDADES,,20E0230000428,03/11/2020,LAJEDO,PE
258,LAVITAN CRANBERRY CAPS FR X 30,"NUTRACOM INDUSTRIA E COMÉRCIOLTDA",1916782,2,446287,2020-016912409-001,08/04/2020,"BELOHORIZONTE",MG
259,LAVITAN CRANBERRY CAPS FR X 30,"NUTRACOM INDUSTRIA E COMÉRCIOLTDA",2021229,3 UNIDADES,547.418,2020-055465836-001,17/11/2020,BETIM,MG
260,LAVITAN ESPORTE COMP REV FR X 60,"NUTRACOM INDUSTRIA E COMÉRCIOLTDA",1907000,4,446440,2020-016912409-001,08/04/2020,"BELOHORIZONTE",MG
261,LAVITAN ESPORTE COMP REV FR X 60,"NUTRACOM INDUSTRIA E COMÉRCIOLTDA",1910805,2,451093,2020-019499094-001,24/04/2020,"RIBEIRÃO DASNEVES",MG
262,"LAVITAN INF SOL OR FR 240ML TUTFRUT","CIMED INDUSTRIA DE MEDICAMENTOSLTDA",2001693,3,431363,2020 012574867 - 001,11/03/2020,"BELOHORIZONTE",MG
263,LAVITAN MAIS VISÃO CAPS FRC/60,"CIMED INDUSTRIA DE MEDICAMENTOSLTDA",1923495,1,431363,2020 012574867 - 001,11/03/2020,"BELOHORIZONTE",MG
264,"LAVITAN MULTI HOMEM 5G FR X 60CPRV","NUTRACOM INDUSTRIA E COMÉRCIOLTDA",2004058,4,446440,2020-016912409-001,08/04/2020,"BELOHORIZONTE",MG
265,"LAVITAN MULTI HOMEM 5G FR X 60CPRV","NUTRACOM INDUSTRIA E COMÉRCIOLTDA",2004058,3,446731,2020-016912409-001,08/04/2020,"BELOHORIZONTE",MG
266,"LAVITAN MULTI MULHER 5G FR X 60CPRV","NUTRACOM INDUSTRIA E COMÉRCIOLTDA",2004398,4,446440,2020-016912409-001,08/04/2020,"BELOHORIZONTE",MG
267,"LAVITAN MULTI MULHER 5G FR X 60CPRV","NUTRACOM INDUSTRIA E COMÉRCIOLTDA",2004398,3,446731,2020-016912409-001,08/04/2020,"BELOHORIZONTE",MG
268,"LAVITAN MULTI MULHER 5G FR X 60CPRV","NUTRACOM INDUSTRIA E COMÉRCIOLTDA",2020426,240 UNIDADES,,20E0230000428,03/11/2020,LAJEDO,PE
269,"LAVITAN MULTI MULHER 5G FR X 60CPRV","NUTRACOM INDUSTRIA E COMÉRCIOLTDA",2020590,2 UNIDADES,547.181,2020-055465836-001,17/11/2020,BETIM,MG
270,"LAVITAN MULTI MULHER 5G FR X 60CPRV","NUTRACOM INDUSTRIA E COMÉRCIOLTDA",2020590,6 UNIDADES,547.181,2020-055465836-001,17/11/2020,BETIM,MG
271,"LAVITAN OMEGA 3 MAIS CAPS GELMOLE PTX90","CIMED INDUSTRIA DE MEDICAMENTOSLTDA",1921844,6,437094,2020-01472225-001,24/03/2020,"RIBEIRÃO DASNEVES",MG
272,"LAVITAN OMEGA 3 MAIS CAPS GELMOLE PTX90","NUTRACOM INDUSTRIA E COMÉRCIOLTDA",1921844,1,451384,2020-019499094-001,24/04/2020,"RIBEIRÃO DASNEVES",MG
273,"LAVITAN OMEGA 3 MAIS CAPS GELMOLE PTX90","NUTRACOM INDUSTRIA E COMÉRCIOLTDA",1921844,6,437.094,2020-01472225-001,24/03/2020,"RIBEIRÃO DASNEVES",MG
274,LAVITAN OMEGA CAP FR C/ 60,"NUTRACOM INDUSTRIA E COMÉRCIOLTDA",1918698,6,446440,2020-016912409-001,08/04/2020,"BELOHORIZONTE",MG
275,LAVITAN OMEGA CAP FRC 60,"NUTRACOM INDUSTRIA E COMÉRCIOLTDA",1918698,6,450796,2020-019499094-001,24/04/2020,"RIBEIRÃO DASNEVES",MG
276,LAVITAN PRIMULA FEMME 60 CAPS,"NUTRACOM INDUSTRIA E COMÉRCIOLTDA",2020141,2 UNIDADES,547.418,2020-055465836-001,17/11/2020,BETIM,MG
277,"LAVITAN TONICO SOL OR FR 400 MLSBR TRAD","NUTRACOM INDUSTRIA E COMÉRCIOLTDA",2019746,24 UNIDADES,,20E0230000428,03/11/2020,LAJEDO,PE
278,"LAVITAN TONICO SOL OR FR 400 MLSBR TRAD","NUTRACOM INDUSTRIA E COMÉRCIOLTDA",2019746,1 UNIDADE,547.418,2020-055465836-001,17/11/2020,BETIM,MG
279,"LAVITAN TONICO SOL OR FR 400 MLSBR TRAD","NUTRACOM INDUSTRIA E COMÉRCIOLTDA",2019749,1 UNIDADE,547.418,2020-055465836-001,17/11/2020,BETIM,MG
280,"LAVITAN TONICO SOL OR FR 400 MLSBR TRAD","NUTRACOM INDUSTRIA E COMÉRCIOLTDA",2019750,13 UNIDADES,547.418,2020-055465836-001,17/11/2020,BETIM,MG
281,"LAVITAN TONICO SOL OR FR 400MLSBR CHOC","NUTRACOM INDUSTRIA E COMÉRCIOLTDA",2017271,6 UNIDADES,547.418,2020-055465836-001,17/11/2020,BETIM,MG
282,"LAVITAN TONICO SOL OR FR 400MLSBR MOR","NUTRACOM INDUSTRIA E COMÉRCIOLTDA",2017269,12 UNIDADES,547.418,2020-055465836-001,17/11/2020,BETIM,MG
283,"LAVITAN VIT AZ MULHER COMP REV FRC/ 60","NUTRACOM INDUSTRIA E COMÉRCIOLTDA",2001961,12,446287,2020-016912409-001,08/04/2020,"BELOHORIZONTE",MG
284,"LAVITAN VIT AZ MULHER COMP REV FRC/ 60","NUTRACOM INDUSTRIA E COMÉRCIOLTDA",1919875,1,446351,2020-016912409-001,08/04/2020,"BELOHORIZONTE",MG
285,"LAVITAN VIT AZ MULHER COMP REV FRC/ 60","NUTRACOM INDUSTRIA E COMÉRCIOLTDA",2001961,4,446440,2020-016912409-001,08/04/2020,"BELOHORIZONTE",MG
286,"LAVITAN VIT AZ MULHER COMP REV FRC/ 60","NUTRACOM INDUSTRIA E COMÉRCIOLTDA",2020977,200 UNIDADES,,20E0230000428,03/11/2020,LAJEDO,PE
287,"LAVITAN VIT AZ MULHER COMP REV FRC/ 60","NUTRACOM INDUSTRIA E COMÉRCIOLTDA",2021819,8 UNIDADES,547.418,2020-055465836-001,17/11/2020,BETIM,MG
288,"LAVITAN VIT AZ MULHER COMP REV FRC/ 60","NUTRACOM INDUSTRIA E COMÉRCIOLTDA",2021378,4 UNIDADES,547.418,2020-055465836-001,17/11/2020,BETIM,MG
Ordem,Produto*,Empresa*,No de Série/ Lote*,"Quantidade Roubada/Furtada/ Extraviada*",No Nota Fiscal*,No Boletim de Ocorrência*,Data do roubo ou extravio*,Cidade,UF
289,"LAVITAN VIT AZ MULHER COMP REV FRC/ 90","NUTRACOM INDUSTRIA E COMÉRCIOLTDA",1819660,4,446440,2020-016912409-001,08/04/2020,"BELOHORIZONTE",MG
290,"LAVITAN VIT AZ MULHER COMP REV FRC/ 90","NUTRACOM INDUSTRIA E COMÉRCIOLTDA",2020051,15 UNIDADES,547.418,2020-055465836-001,17/11/2020,BETIM,MG
291,"LAVITAN VIT AZ MULHER COMP REV FRC/60","NUTRACOM INDUSTRIA E COMÉRCIOLTDA",2001961,3,449163,2020-018151005-001,16/04/2020,CONTAGEM,MG
292,"LAVITAN VIT AZ MULHER COMP REV FRC/90","NUTRACOM INDUSTRIA E COMÉRCIOLTDA",1921588,2,448970,2020-018151005-001,16/04/2020,CONTAGEM,MG
293,"LAVITAN VIT AZ MULHER COMP VER FRC/60","NUTRACOM INDUSTRIA E COMÉRCIOLTDA",2014700,20,503.725,2020-038578129-001,11/08/2020,CONTAGEM,MG
294,"LAVITAN VIT AZ ORIGINAL COMP REVFR C/ 60","CIMED INDUSTRIA DE MEDICAMENTOSLTDA",1912561,24,431363,2020 012574867 - 001,11/03/2020,"BELOHORIZONTE",MG
295,"LAVITAN VIT AZ ORIGINAL COMP REVFR C/60","NUTRACOM INDUSTRIA E COMÉRCIOLTDA",2000063,6,446440,2020-016912409-001,08/04/2020,"BELOHORIZONTE",MG
296,"LAVITAN VIT AZ ORIGINAL COMP REVFR C/60","NUTRACOM INDUSTRIA E COMÉRCIOLTDA",2000063,12,446731,2020-016912409-001,08/04/2020,"BELOHORIZONTE",MG
297,"LAVITAN VIT AZ ORIGINAL COMP REVFR C/60","NUTRACOM INDUSTRIA E COMÉRCIOLTDA",2020149,12 UNIDADES,547.418,2020-055465836-001,17/11/2020,BETIM,MG
298,"LAVITAN VIT AZ ORIGINAL COMP REVFR C/90","NUTRACOM INDUSTRIA E COMÉRCIOLTDA",1913227,4,446351,2020-016912409-001,08/04/2020,"BELOHORIZONTE",MG
299,"LAVITAN VIT AZ ORIGINAL COMP REVFR C/90","NUTRACOM INDUSTRIA E COMÉRCIOLTDA",1913227,6,446440,2020-016912409-001,08/04/2020,"BELOHORIZONTE",MG
300,"LAVITAN VIT AZ ORIGINAL COMP REVFR C/90","NUTRACOM INDUSTRIA E COMÉRCIOLTDA",2019656,168 UNIDADES,,20E0230000428,03/11/2020,LAJEDO,PE
301,"LAVITAN VIT AZ ORIGINAL COMP REVFR C/90","NUTRACOM INDUSTRIA E COMÉRCIOLTDA",2019654,12 UNIDADES,547.418,2020-055465836-001,17/11/2020,BETIM,MG
302,LAVITAN VIT CABELOS E UNHAS CAP 2,"NUTRACOM INDUSTRIA E COMÉRCIOL X15LTDA",2014048,6,503.725,2020-038578129-001,11/08/2020,CONTAGEM,MG
303,"LAVITAN VIT CABELOS E UNHAS CAP 4BL X 15","NUTRACOM INDUSTRIA E COMÉRCIOLTDA",1919535,3,451093,2020-019499094-001,24/04/2020,"RIBEIRÃO DASNEVES",MG
304,"LAVITAN VIT CABELOS E UNHAS CAP 4BL X 15","NUTRACOM INDUSTRIA E COMÉRCIOLTDA",1919535,3,448970,2020-018151005-001,16/04/2020,CONTAGEM,MG
305,"LAVITAN VIT CABELOS E UNHAS CAP 4BL X15","NUTRACOM INDUSTRIA E COMÉRCIOLTDA",1919113,12,446389,2020-016912409-001,08/04/2020,"BELOHORIZONTE",MG
306,"LAVITAN VIT CABELOS E UNHAS CAP 4BL X15","NUTRACOM INDUSTRIA E COMÉRCIOLTDA",2020679,18 UNIDADES,547.418,2020-055465836-001,17/11/2020,BETIM,MG
307,"LAVITAN VIT CALCIO + D3 COMP FRC/60","NUTRACOM INDUSTRIA E COMÉRCIOLTDA",1909071,4,446440,2020-016912409-001,08/04/2020,"BELOHORIZONTE",MG
308,"LAVITAN VIT CAOELOS E UNHAS CAP 2BL XI5","CIMED INDUSTRIA DE MEDICAMENTOSLTDA",2000425,24,431363,2020 012574867 - 001,11/03/2020,"BELOHORIZONTE",MG
309,"LAVITAN VIT INF COMP MAST FR 60TUT FRUT","NUTRACOM INDUSTRIA E COMÉRCIOLTDA",1921626,12,446405,2020-016912409-001,08/04/2020,"BELOHORIZONTE",MG
310,"LAVITAN VIT INF COMP MAST FR 60TUT FRUT","NUTRACOM INDUSTRIA E COMÉRCIOLTDA",1921626,6,446770,2020-016912409-001,08/04/2020,"BELOHORIZONTE",MG
311,"LAVITAN VIT INF COMP MAST FR 60TUT FRUT","NUTRACOM INDUSTRIA E COMÉRCIOLTDA",2018126,6 UNIDADES,547.418,2020-055465836-001,17/11/2020,BETIM,MG
312,"LAVITAN VIT INF SOL OR FR 240ML SBRLAR","NUTRACOM INDUSTRIA E COMÉRCIOLTDA",1918947,6,446287,2020-016912409-001,08/04/2020,"BELOHORIZONTE",MG
313,"LAVITAN VIT INF SOL OR FR 240ML SBRLAR","NUTRACOM INDUSTRIA E COMÉRCIOLTDA",1918947,4,446303,2020-016912409-001,08/04/2020,"BELOHORIZONTE",MG
314,"LAVITAN VIT INF SOL OR FR 240ML SBRLAR","NUTRACOM INDUSTRIA E COMÉRCIOLTDA",1918947,30,446405,2020-016912409-001,08/04/2020,"BELOHORIZONTE",MG
315,"LAVITAN VIT INF SOL OR FR 240ML SBRLAR","NUTRACOM INDUSTRIA E COMÉRCIOLTDA",1918947,6,446440,2020-016912409-001,08/04/2020,"BELOHORIZONTE",MG
316,"LAVITAN VIT INF SOL OR FR 240ML SBRLAR","NUTRACOM INDUSTRIA E COMÉRCIOLTDA",1918947,6,446731,2020-016912409-001,08/04/2020,"BELOHORIZONTE",MG
317,"LAVITAN VIT INF SOL OR FR 240ML SBRLAR","NUTRACOM INDUSTRIA E COMÉRCIOLTDA",1918947,12,446770,2020-016912409-001,08/04/2020,"BELOHORIZONTE",MG
318,LAVITAN VIT INF SOL OR FR 240ML SBR,"NUTRACOM INDUSTRIA E COMÉRCIOARLTDA",2013566,3,503.725,2020-038578129-001,11/08/2020,CONTAGEM,MG
319,"LAVITAN VIT INF SOL OR FR 240ML TUTFRUT","NUTRACOM INDUSTRIA E COMÉRCIOLTDA",1920871,30,446405,2020-016912409-001,08/04/2020,"BELOHORIZONTE",MG
320,"LAVITAN VIT INF SOL OR FR 240ML TUTFRUT","NUTRACOM INDUSTRIA E COMÉRCIOLTDA",1920871,6,446440,2020-016912409-001,08/04/2020,"BELOHORIZONTE",MG
321,"LAVITAN VIT INF SOL OR FR 240ML TUTFRUT","NUTRACOM INDUSTRIA E COMÉRCIOLTDA",1920871,6,446731,2020-016912409-001,08/04/2020,"BELOHORIZONTE",MG
322,"LAVITAN VIT INF SOL OR FR 240ML TUTFRUT","NUTRACOM INDUSTRIA E COMÉRCIOLTDA",1920871,12,446770,2020-016912409-001,08/04/2020,"BELOHORIZONTE",MG
323,"LAVITAN VIT INF SOL OR FR 240ML TUTFRUT","NUTRACOM INDUSTRIA E COMÉRCIOLTDA",1923647,10,448970,2020-018151005-001,16/04/2020,CONTAGEM,MG
324,LAVITAN VIT INF SOL OR FR 240ML TUT,"NUTRACOM INDUSTRIA E COMÉRCIORUTLTDA",2013656,3,503.725,2020-038578129-001,11/08/2020,CONTAGEM,MG
Ordem,Produto*,Empresa*,No de Série/ Lote*,"Quantidade Roubada/Furtada/ Extraviada*",No Nota Fiscal*,No Boletim de Ocorrência*,Data do roubo ou extravio*,Cidade,UF
325,"LAVITAN VIT INF SOL OR FR 240ML TUTFRUT","NUTRACOM INDUSTRIA E COMÉRCIOLTDA",2018730,6 UNIDADES,547.418,2020-055465836-001,17/11/2020,BETIM,MG
326,"LAVITAN VIT INFANTIL COMP MAST FRC/ 60","NUTRACOM INDUSTRIA E COMÉRCIOLTDA",2006105,6,446287,2020-016912409-001,08/04/2020,"BELOHORIZONTE",MG
327,"LAVITAN VIT INFANTIL COMP MAST FRC/ 60","NUTRACOM INDUSTRIA E COMÉRCIOLTDA",2006105,12,446405,2020-016912409-001,08/04/2020,"BELOHORIZONTE",MG
328,"LAVITAN VIT INFANTIL COMP MAST FRC/ 60","NUTRACOM INDUSTRIA E COMÉRCIOLTDA",2006105,6,446770,2020-016912409-001,08/04/2020,"BELOHORIZONTE",MG
329,"LAVITAN VIT INFANTIL COMPMASTFRC/60","CIMED INDUSTRIA DE MEDICAMENTOSLTDA",1920175,3,431363,2020 012574867 - 001,11/03/2020,"BELOHORIZONTE",MG
330,"LAVITAN VIT MEMORIA COMP REV FRC/60","NUTRACOM INDUSTRIA E COMÉRCIOLTDA",1914495,4,446440,2020-016912409-001,08/04/2020,"BELOHORIZONTE",MG
331,LAVITAN VIT MEMORIA COMP VER,"NUTRACOM INDUTRIA E COMERCIOLTDA",1912858,3,406195,2020-001376043-001,09/01/2020,"RIBEIRÃO DASNEVES",MG
332,"LAVITAN VIT ORIGINAL COMP REV FRC/60","NUTRACOM INDUSTRIA E COMÉRCIOLTDA",1919020,2,449163,2020-018151005-001,16/04/2020,CONTAGEM,MG
333,"LAVITAN VIT ORIGINAL COMP REV FRC/90","NUTRACOM INDUSTRIA E COMÉRCIOLTDA",1921462,1,449163,2020-018151005-001,16/04/2020,CONTAGEM,MG
334,LAVITAN VIT TESTO PERF COMP 2131 X,"NUTRACOM INDUSTRIA E COMÉRCIO5LTDA",2014086,3,503.725,2020-038578129-001,11/08/2020,CONTAGEM,MG
335,"LAVITAN VIT VITALIDADES COM REV FRC/60","CIMED INDUSTRIA DE MEDICAMENTOSLTDA",1921918,1,431363,2020 012574867 - 001,11/03/2020,"BELOHORIZONTE",MG
336,LAVITAN VIT-D SOL OR FR 30ML,"NUTRACOM INDUSTRIA E COMÉRCIOLTDA",1922124,6,446731,2020-016912409-001,08/04/2020,"BELOHORIZONTE",MG
337,"LCCB LAMEN CREMOSO COSTELAC/MOLHO DE CHURRASCO",NISSIN FOODS DO BRASIL,10/11/2020 B,2800 UNIDADES,0275262,M2350-2020-00000411,04/03/2020,"SÃO SEBASTIÃODA BELA VISTA",MG
338,"LCSF LAMEN CREMOSOESTROGONOFE DE FRANGO",NISSIN FOODS DO BRASIL,10/11/2020 B,2800 UNIDADES,0275262,M2350-2020-00000411,04/03/2020,"SÃO SEBASTIÃODA BELA VISTA",MG
339,"LCSF LAMEN CREMOSOESTROGONOFE DE FRANGO",NISSIN FOODS DO BRASIL,03/04/21 B,5600,0287195,038 - 03428/2020,23/07/2020,Duque de Caxias,RJ
340,LEIBA CAP BLISTER X 12 (AL),"UNIÃO QUÍMICA FARMACÊUTICANACIONAL S/A",1931101,1 UN,000216346-1,13475525,15/01/2020,Goiás,GO
341,LEIBA CAP BLISTER X 12 (AL),"UNIÃO QUÍMICA FARMACÊUTICANACIONAL S/A",1931101,1 UN,000216533-1,02_2020,03/01/2020,Campinas,SP
342,LEIBA CAP BLISTER X 12 (AL),"UNIÃO QUÍMICA FARMACÊUTICANACIONAL S/A",1931101,5 UN,000218130-1,44/2020 e 49/2020 Complementar,11 e 14/01/2020,Brotas,SP
343,LEIBA CAP BLISTER X 12 (AL),"UNIÃO QUÍMICA FARMACÊUTICANACIONAL S/A",1940261,1 UN,000219226-1,274/2020,17/01/2020,Grajaú,SP
344,LEIBA CAP BLISTER X 12 (AL),"UNIÃO QUÍMICA FARMACÊUTICANACIONAL S/A",1940262,6 UN,000236291-1,732/2020,20/03/2020,"SÃO BERNARDODO CAMPO",SP
345,LEIBA CAP BLISTER X 12 (AL),"UNIÃO QUIMICA FARMACEUTICANACIONAL S/A",1940262,2,381279-1,N°14484801,07/04/2020,"Aparecida deGoiânia",GO
346,LEIBA CAP BLISTER X 12 (AL),"UNIÃO QUÍMICA FARMACÊUTICANAIONAL",2004805,3,159.972,16078925,31/07/2020,SÃO PAULO,SP
347,LEIBA CAP BLISTER X 12 (AL),"UNIÃO QUÍMICA FARMACÊUTICANACIONAL",2007800,2 UN,000283481-1,16455213,01/09/2020,São Paulo,SP
348,LEIBA CAP BLISTER X 12 (AL),"UNIÃO QUÍMICA FARMACÊUTICANACIONAL S/A",2007800,1 UN,000300284-1,4316/2020,03/11/2020,CAMPINAS,SP
349,LEIBA LARANJA SACHE 4G X 6 (AL),"UNIÃO QUÍMICA FARMACÊUTICANACIONAL S/A",1937526,1 UN,000215208-1,13370507,06/01/2020,Goiás,GO
350,LEIBA LARANJA SACHE 4G X 6 (AL),"UNIÃO QUÍMICA FARMACÊUTICANACIONAL S/A",1937526,1 UN,000216346-1,13475525,15/01/2020,Goiás,GO
351,LEIBA LARANJA SACHE 4G X 6 (AL),"UNIÃO QUÍMICA FARMACÊUTICANACIONAL S/A",1945725,8 UN,000236607-1,732/2020,20/03/2020,"SÃO BERNARDODO CAMPO",SP
352,LEIBA LARANJA SACHE 4G X 6 (AL),"UNIÃO QUIMICA FARMACEUTICANACIONAL S/A",2000392,2,381279-1,N°14484801,07/04/2020,"Aparecida deGoiânia",GO
353,LHCA LAMEN HOT CALABRESA,NISSIN FOODS DO BRASIL,16/10/2020 1,500 UNIDADES,0044137,20E2141000464,10/02/2020,GRAVATÁ,PE
354,LHCD LAMEN HOT CARNE DESFIADA,NISSIN FOODS DO BRASIL,29/11/2020 G,2800 UNIDADES,0275262,M2350-2020-00000411,04/03/2020,"SÃO SEBASTIÃODA BELA VISTA",MG
355,LHCD LAMEN HOT CARNE DESFIADA,NISSIN FOODS DO BRASIL,11/04/21 G,2800,0287195,038 - 03428/2020,23/07/2020,Duque de Caxias,RJ
356,LHMX LAMEN HOT MEXICANO,NISSIN FOODS DO BRASIL,21/11/2020 G,2800 UNIDADES,0275262,M2350-2020-00000411,04/03/2020,"SÃO SEBASTIÃODA BELA VISTA",MG
357,LHMX LAMEN HOT MEXICANO,NISSIN FOODS DO BRASIL,01/11/2020 G,2800 UNIDADES,0275262,M2350-2020-00000411,04/03/2020,"SÃO SEBASTIÃODA BELA VISTA",MG
358,LHQC LAMEN HOT QUEIJO COALHO,NISSIN FOODS DO BRASIL,28/02/21 G,2800,0287195,038 - 03428/2020,23/07/2020,Duque de Caxias,RJ
359,LLGO LIGHT GALINHA CAIPIRA,NISSIN FOODS DO BRASIL,18/09/2020 H,50 UNIDADES,0044137,20E2141000464,10/02/2020,GRAVATÁ,PE
360,LLLL LIGHT LEGUMES,NISSIN FOODS DO BRASIL,17/09/2020 H,50 UNIDADES,0044137,20E2141000464,10/02/2020,GRAVATÁ,PE
Ordem,Produto*,Empresa*,No de Série/ Lote*,"Quantidade Roubada/Furtada/ Extraviada*",No Nota Fiscal*,No Boletim de Ocorrência*,Data do roubo ou extravio*,Cidade,UF
361,LNCN LAMEN NOSSO SB CARNE,NISSIN FOODS DO BRASIL,23/10/2020 1,16050 UNIDADES,0044137,20E2141000464,10/02/2020,GRAVATÁ,PE
362,LNCN LAMEN NOSSO SB CARNE,NISSIN FOODS DO BRASIL,20/12/2020 1,45250 UNIDADES,0044841,2020/08211.0-235421,26/03/2020,"TEOTÔNIOVILELA",AL
363,"LNGO LAMEN NOSSO SB GALINHACAIPIRA",NISSIN FOODS DO BRASIL,31/10/2020 1,50750 UNIDADES,0044137,20E2141000464,10/02/2020,GRAVATÁ,PE
364,"LNGO LAMEN NOSSO SB GALINHACAIPIRA",NISSIN FOODS DO BRASIL,23/12/2020 2,48000UNIDADES,0044841,2020/08211.0-235421,26/03/2020,"TEOTÔNIOVILELA",AL
365,"LSCJ LAMEN SUAVE CANJA DEGALINHA",NISSIN FOODS DO BRASIL,03/12/2020 H,1500 UNIDADES,0044841,2020/08211.0-235421,26/03/2020,"TEOTÔNIOVILELA",AL
366,LSCN LAMEN SUAVE CARNE(VIT),NISSIN FOODS DO BRASIL,26/11/2020 G,8400 UNIDADES,0275262,M2350-2020-00000411,04/03/2020,"SÃO SEBASTIÃODA BELA VISTA",MG
367,"LSFJ LAMEN SUAVE CALDINHO DEFEIJAO",NISSIN FOODS DO BRASIL,12/12/2020 H,500 UNIDADES,0044841,2020/08211.0-235421,26/03/2020,"TEOTÔNIOVILELA",AL
368,LSGH LAMEN SUAVE GALINHA(VIT),NISSIN FOODS DO BRASIL,18/11/2020 G,2800 UNIDADES,0275262,M2350-2020-00000411,04/03/2020,"SÃO SEBASTIÃODA BELA VISTA",MG
369,LSGH LAMEN SUAVE GALINHA(VIT),NISSIN FOODS DO BRASIL,20/11/2020 G,5600 UNIDADES,0275262,M2350-2020-00000411,04/03/2020,"SÃO SEBASTIÃODA BELA VISTA",MG
370,LSGH LAMEN SUAVE GALINHA(VIT),NISSIN FOODS DO BRASIL,15/04/21 G,14000,0287195,038 - 03428/2020,23/07/2020,Duque de Caxias,RJ
371,LSTM LAMEN SUAVE TOMATE(VIT),NISSIN FOODS DO BRASIL,13/10/2020 1,2500 UNIDADES,0044137,20E2141000464,10/02/2020,GRAVATÁ,PE
372,LSTM LAMEN SUAVE TOMATE(VIT),NISSIN FOODS DO BRASIL,18/11/2020 B,5600 UNIDADES,0275262,M2350-2020-00000411,04/03/2020,"SÃO SEBASTIÃODA BELA VISTA",MG
373,LSTM LAMEN SUAVE TOMATE(VIT),NISSIN FOODS DO BRASIL,28/11/2020 G,2800 UNIDADES,0275262,M2350-2020-00000411,04/03/2020,"SÃO SEBASTIÃODA BELA VISTA",MG
374,LSTM LAMEN SUAVE TOMATE(VIT),NISSIN FOODS DO BRASIL,14/04/21 G,8400,0287195,038 - 03428/2020,23/07/2020,Duque de Caxias,RJ
375,MEN 40 1000MG 60 CAPS,KATIGUA,1170920,20,84.614,2020-055419157-001,10/11/2020,ALVES DA,MG
376,Milmune Concentrado 30 comprimidos,"ECOFITUS LABORATÓRIONUTRACÊUTICO LTDA",12865,108,11.556,20031299B01,02/07/2020,"km 707,1,",MG
377,Milmune Concentrado 30 comprimidos,"ECOFITUS LABORATÓRIONUTRACÊUTICO LTDA",12868,216,11.556,20031299B01,02/07/2020,"km 707,1,",MG
378,"NAN COMFOR 1 FORM INF 800GN1BR/NEST",DISLAB - GO,9272046041,6UN,212293,5317/2019,11/12/2019,SÃO PAULO,SP
379,Neovite Lutein 60,Bl Indústria Ótica Ltda,1993DT267,96 unidades,142856,14420748,01/04/2020,GOIÂNIA,GO
380,Neovite Lutein 60,Bl Indústria Ótica Ltda,3411GT267,12 unidades,151.793,16245870,03/09/2020,Km153. Jardim,GO
381,NESLAC COMP LAC 800G N1 BR/NEST,DISLAB - GO,9259046041,2UN,212293,5317/2019,11/12/2019,SÃO PAULO,SP
382,"NESTOGENO 1 FORM INF 800GN2BR/NEST",DISLAB - GO,9201046041,3UN,212258,5317/2019,11/12/2019,SÃO PAULO,SP
383,"NESTOGENO 2 FORM INF 800GN2BR/NEST",DISLAB - GO,9294046041,10UN,212293,5317/2019,11/12/2019,SÃO PAULO,SP
384,Neurofort Cognis 60 cápsulas,"ECOFITUS LABORATÓRIONUTRACÊUTICO LTDA",13016,60,11.556,20031299B01,02/07/2020,"km 707,1,",MG
385,Neuromax Mullher 60 cápsulas,"ECOFITUS LABORATÓRIONUTRACÊUTICO LTDA",12856,150,11.556,20031299B01,02/07/2020,"km 707,1,",MG
386,Neuromax Multi 60 cápsulas,"ECOFITUS LABORATÓRIONUTRACÊUTICO LTDA",12927,150,11.556,20031299B01,02/07/2020,"km 707,1,",MG
387,NOUVE SILICIO ORGANICO CT 60 CAP,TIARAJU ALIMENTOS E COSMETICOS,008I0519,24,706817,20E0180000763,11/03/2020,LOCAL.,PE
388,OFOLATO COMP CT BL 60X30,COSMED IND COSM MED S/A,735,240,706723,20E0180000763,11/03/2020,LOCAL.,PE
389,OFOLATO CT BL 90 COMP,COSMED IND COSM MED S/A,805,96,706723,20E0180000763,11/03/2020,LOCAL.,PE
390,OFOLATO D 1000UI CT BL X 30 CPRS,COSMED IND COSM MED S/A,852,552,706725,20E0180000763,11/03/2020,LOCAL.,PE
391,OFOLATO D 1000UI CT BL X 90 CPRS,COSMED IND COSM MED S/A,847,264,706725,20E0180000763,11/03/2020,LOCAL.,PE
392,OFOLATO D 2000UI CT BL X 30 CPRS,COSMED IND COSM MED S/A,880,192,706725,20E0180000763,11/03/2020,LOCAL.,PE
393,OFOLATO D 2000UI CT BL X 90 CPRS,COSMED IND COSM MED S/A,876,264,706725,20E0180000763,11/03/2020,LOCAL.,PE
394,"OFOLATO DFER 1000UI CT BL X 30 CPREV",COSMED IND COSM MED S/A,889,96,701145,2020 / 240152,21/02/2020,"Bittencourt , BR",PR
395,"OFOLATO DFER 1000UI CT BL X 30 CPREV",COSMED IND COSM MED S/A,890,336,706725,20E0180000763,11/03/2020,LOCAL.,PE
396,"OFOLATO DFER 2000UI CT BL X 30 CPREV",COSMED IND COSM MED S/A,895,96,701145,2020 / 240152,21/02/2020,"Bittencourt , BR",PR
Ordem,Produto*,Empresa*,No de Série/ Lote*,"Quantidade Roubada/Furtada/ Extraviada*",No Nota Fiscal*,No Boletim de Ocorrência*,Data do roubo ou extravio*,Cidade,UF
397,"OFOLATO DFER 2000UI CT BL X 30 CPREV",COSMED IND COSM MED S/A,895,288,706725,20E0180000763,11/03/2020,LOCAL.,PE
398,Ogestan Gold,Besins Healthcare,1912002A,60,7980,0094-B/20-1181,17/04/2020,40 KM DO,-
399,Ogestan Gold,Besins Healthcare,1912002A,12,8002,0094-B/20-1181,17/04/2020,40 KM DO,-
400,Ogestan Plus,Besins Healthcare,1910008,60,7980,0094-B/20-1181,17/04/2020,40 KM DO,-
401,Ogestan Plus,Besins Healthcare,2003003,24,7988,0094-B/20-1181,17/04/2020,40 KM DO,-
402,Ogestan Plus,Besins Healthcare,2003003,36,7989,0094-B/20-1181,17/04/2020,40 KM DO,-
403,Ogestan Plus,Besins Healthcare,2003003,36,8002,0094-B/20-1181,17/04/2020,40 KM DO,-
404,Ogestan Pre,Besins Healthcare,2003006A,48,7980,0094-B/20-1181,17/04/2020,40 KM DO,-
405,OSTEOTRI 4x15 CP,KLEY HERTZ FARMACÊUTICA S.A.,156635,2,730.714,2199/2020,14/09/2020,SÃO PAULO,SP
406,OXIBERRY SACHE 5G X 30 (AL),"UNIÃO QUÍMICA FARMACÊUTICANACIONAL S/A",2001150,1 UN,000236607-1,732/2020,20/03/2020,"SÃO BERNARDODO CAMPO",SP
407,OXIBERRY SACHE 5G X 30 (AL),"UNIÃO QUÍMICA FARMACÊUTICANAIONAL",2020278,1,159.972,16078925,31/07/2020,SÃO PAULO,SP
408,OXIBERRY SACHE 5G X 30 (AL),"UNIÃO QUÍMICA FARMACÊUTICANAIONAL",2020278,1,159.972,16078925,31/07/2020,SÃO PAULO,SP
409,OXIBERRY SACHE 5G X 30 (AL),"UNIÃO QUÍMICA FARMACÊUTICANAIONAL",2020278,1,159.972,16078925,31/07/2020,SÃO PAULO,SP
410,PANTOGAR MEN C/30 CAPS,BIOLAB SANUS FARMACEUTICA LTDA,1044609,1,11299401,2114/2020,06/03/2020,GUARUJÁ,SP
411,PERLATE 30CPR,EUROFARMA LABORATORIOS S.A.,653681,50,166665,"Comunicação de Ocorrência PolicialNo 2194081200402003000",02/04/2020,ITATIAIUÇU,MG
412,PEROSTEO KM 30T AB MAST,EUROFARMA LABORATORIOS S.A.,653970,50,166665,"Comunicação de Ocorrência PolicialNo 2194081200402003000",02/04/2020,ITATIAIUÇU,MG
413,PONDICILINA MEL-LIMAO PAST x 12,"UNIÃO QUÍMICA FARMACÊUTICANACIONAL S/A",1931203,10 UN,000218130-1,44/2020 e 49/2020 Complementar,11 e 14/01/2020,Brotas,SP
414,PONDICILINA MENTA PAST X 12,"UNIÃO QUÍMICA FARMACÊUTICANACIONAL S/A",1937625,10 UN,000218130-1,44/2020 e 49/2020 Complementar,11 e 14/01/2020,Brotas,SP
415,PONDICILINA MENTA PAST X 12,"UNIÃO QUÍMICA FARMACÊUTICANACIONAL S/A",2001895,1 UN,000276361-1,16823045,31/08/2020,São Paulo,SP
416,"POWER VITA SPORT COMP REV FR 60P MENOS","NUTRACOM INDUSTRIA E COMÉRCIOLTDA",2018818,200 UNIDADES,,20E0230000428,03/11/2020,LAJEDO,PE
417,"POWER VITA SPORT COMP REV FR 60P MENOS","NUTRACOM INDUSTRIA E COMÉRCIOLTDA",2018819,100 UNIDADES,,20E0230000428,03/11/2020,LAJEDO,PE
418,"POWER VITA SPORT COMP REV FR 60P MENOS","NUTRACOM INDUSTRIA E COMÉRCIOLTDA",2018821,3200 UNIDADES,,20E0230000428,03/11/2020,LAJEDO,PE
419,"POWER VITA SPORT COMP REV FR 60P MENOS","NUTRACOM INDUSTRIA E COMÉRCIOLTDA",2018822,15000 UNIDADES,,20E0230000428,03/11/2020,LAJEDO,PE
420,"POWER VITA SPORT COMP REV FR 60P MENOS","NUTRACOM INDUSTRIA E COMÉRCIOLTDA",2018824,9000 UNIDADES,,20E0230000428,03/11/2020,LAJEDO,PE
421,"POWER VITA SPORT COMP REV FR 60P MENOS","NUTRACOM INDUSTRIA E COMÉRCIOLTDA",2018825,2500 UNIDADES,,20E0230000428,03/11/2020,LAJEDO,PE
422,"POWER VITA SPORT COMP REV FR 60P MENOS","NUTRACOM INDUSTRIA E COMÉRCIOLTDA",2018827,1600 UNIDADES,,20E0230000428,03/11/2020,LAJEDO,PE
423,"POWER VITA SPORT COMP REV FR 60P MENOS","NUTRACOM INDUSTRIA E COMÉRCIOLTDA",2018856,3000 UNIDADES,,20E0230000428,03/11/2020,LAJEDO,PE
424,"POWER VITA SPORT COMP REV FR 60P MENOS","NUTRACOM INDUSTRIA E COMÉRCIOLTDA",2018857,7300 UNIDADES,,20E0230000428,03/11/2020,LAJEDO,PE
425,"POWER VITA SPORT COMP REV FR 60P MENOS","NUTRACOM INDUSTRIA E COMÉRCIOLTDA",2018858,16100 UNIDADES,,20E0230000428,03/11/2020,LAJEDO,PE
426,"POWER VITA SPORT COMP REV FR 60P MENOS","NUTRACOM INDUSTRIA E COMÉRCIOLTDA",2020916,3000 UNIDADES,,20E0230000428,03/11/2020,LAJEDO,PE
427,PROAPETIT BC 240 ML,PHARLAB,330520,3,58555,2020-038578129-001,11/08/2020,COM RUA PIO,MG
428,REDOXITOS LARANJA 25 UNIDADES,BAYER S A,9312,2,11327834,161/2020 e 2610/2020,13/03/2020,MONGAGUA,SP
429,"REDUBIO QUITOSANA 500MG CAP 3 BLX 20","NUTRACOM INDUSTRIA E COMÉRCIOLTDA",2000324,3,450796,2020-019499094-001,24/04/2020,"RIBEIRÃO DASNEVES",MG
430,"REDUBIO QUITOSANA 500MG CAP 3 BLX 20","NUTRACOM INDUSTRIA E COMÉRCIOLTDA",2001335,6,451310,2020-019499094-001,24/04/2020,"RIBEIRÃO DASNEVES",MG
431,"REDUBIO SHAKE 210G PO SAC SBRBAU","NUTRACOM INDUSTRIA E COMÉRCIOLTDA",1916323,2,451310,2020-019499094-001,24/04/2020,"RIBEIRÃO DASNEVES",MG
432,"REDUBIO SHAKE 210G PO SAC SBRCHOC","NUTRACOM INDUSTRIA E COMÉRCIOLTDA",1916571,2,451310,2020-019499094-001,24/04/2020,"RIBEIRÃO DASNEVES",MG
Ordem,Produto*,Empresa*,No de Série/ Lote*,"Quantidade Roubada/Furtada/ Extraviada*",No Nota Fiscal*,No Boletim de Ocorrência*,Data do roubo ou extravio*,Cidade,UF
433,"REDUBIO SHAKE 210G PO SAC SBRMOR","NUTRACOM INDUSTRIA E COMÉRCIOLTDA",1916472,2,451310,2020-019499094-001,24/04/2020,"RIBEIRÃO DASNEVES",MG
434,REGENESIS 30 CAPS,Exeltis Laboratório Farmaceutico,1200001996,42 unidades,11390,858/2020,14/02/2020,GUARULHOS,SP
435,REGENESIS 60 CPS,Exeltis Laboratório Farmaceutico,1200001918,30 unidades,11390,858/2020,14/02/2020,GUARULHOS,SP
436,REGENESIS 90 CAPS,Exeltis Laboratório Farmaceutico,1200002177,408 unidades,11390,858/2020,14/02/2020,GUARULHOS,SP
437,REGENESIS PREMIUM 60 CAPS,Exeltis Laboratório Farmaceutico,L190283,50 unidades,11390,858/2020,14/02/2020,GUARULHOS,SP
438,SUPLEKIDS 1,KLEY HERTZ FARMACÊUTICA S.A.,168573,4,730.843,2199/2020,14/09/2020,SÃO PAULO,SP
439,SUPLEKIDS 2,KLEY HERTZ FARMACÊUTICA S.A.,165284,4,730.843,2199/2020,14/09/2020,SÃO PAULO,SP
440,SUPRA D MAX GOTAS 2000 UI 1X10,KLEY HERTZ FARMACÊUTICA S.A.,170389,1000,730.558,2199/2020,14/09/2020,SÃO PAULO,SP
441,THBO TALHARIM BOLONHESA,NISSIN FOODS DO BRASIL,15/10/2020 1,1500 UNIDADES,0044137,20E2141000464,10/02/2020,GRAVATÁ,PE
442,THBO TALHARIM BOLONHESA,NISSIN FOODS DO BRASIL,02/11/2020 B,1800 UNIDADES,0275262,M2350-2020-00000411,04/03/2020,"SÃO SEBASTIÃODA BELA VISTA",MG
443,THBO TALHARIM BOLONHESA,NISSIN FOODS DO BRASIL,12/11/2020 B,200 UNIDADES,0275262,M2350-2020-00000411,04/03/2020,"SÃO SEBASTIÃODA BELA VISTA",MG
444,THCT TALHARIM CARNE COM TOMATE,NISSIN FOODS DO BRASIL,10/09/2020 1,1000 UNIDADES,0044137,20E2141000464,10/02/2020,GRAVATÁ,PE
445,THFG TALHARIM FRANGO,NISSIN FOODS DO BRASIL,11/11/2020 B,2000 UNIDADES,0275262,M2350-2020-00000411,04/03/2020,"SÃO SEBASTIÃODA BELA VISTA",MG
446,THFG TALHARIM FRANGO,NISSIN FOODS DO BRASIL,17/12/2020 1,4700 UNIDADES,0044841,2020/08211.0-235421,26/03/2020,"TEOTÔNIOVILELA",AL
447,THFG TALHARIM FRANGO,NISSIN FOODS DO BRASIL,18/12/2020 1,2800 UNIDADES,0044841,2020/08211.0-235421,26/03/2020,"TEOTÔNIOVILELA",AL
448,"THMB TALHARIM BROCOLIS AO MOLHOBRANCO",NISSIN FOODS DO BRASIL,08/04/21 B,4000,0287195,038 - 03428/2020,23/07/2020,Duque de Caxias,RJ
449,TRIMUNE C+D+ZINCO 500MG 30CAPS,KATIGUA,240620,3,84.623,2020-055419157-001,10/11/2020,ALVES DA,MG
450,VITA JR SOL ORAL FR C/ 120 ML (AL),"UNIÃO QUÍMICA FARMACÊUTICANACIONAL S/A",1945507,3 UN,000218100-1,44/2020 e 49/2020 Complementar,11 e 14/01/2020,Brotas,SP
451,VITA JR SOL ORAL FR C/ 120 ML (AL),"UNIÃO QUÍMICA FARMACÊUTICANACIONAL S/A",1945507,12 UN,000219226-1,274/2020,17/01/2020,Grajaú,MA
452,VITA JR SOL ORAL FR C/ 120 ML (AL),"UNIÃO QUÍMICA FARMACÊUTICANACIONAL S/A",1945507,6 UN,000217685-1,240/2020,15/01/2020,CAMPO LIMPO,SP
453,VITA JR SOL ORAL FR C/ 120 ML (AL),"UNIÃO QUIMICA FARMACEUTICANACIONAL S/A",2004235,12,381279-1,N°14484801,07/04/2020,"Aparecida deGoiânia",GO
454,VITA JR SOL ORAL FR C/ 120 ML (AL),"UNIÃO QUÍMICA FARMACÊUTICANACIONAL S/A",2004235,25 UN,000240377-1,14652159,22/04/2020,Goiás,GO
455,VITA JR SOL ORAL FR C/ 120 ML (AL),"UNIÃO QUÍMICA FARMACÊUTICANACIONAL",2028555,6 UN,000283481-1,16455213,01/09/2020,São Paulo,SP
456,VITA JR SOL ORAL FR C/ 120 ML (AL),"UNIÃO QUÍMICA FARMACÊUTICANACIONAL",2028689,6 UN,000310659-1,1884088/2020,03/12/2020,SÃO PAULO,SP
457,VITA SENIOR CAP X 30 (AL),"UNIÃO QUÍMICA FARMACÊUTICANACIONAL S/A",1921309,2 UN,000216346-1,13475525,15/01/2020,Goiás,GO
458,VITA SENIOR CAP X 30 (AL),"UNIÃO QUÍMICA FARMACÊUTICANACIONAL S/A",2009661,3 UN,000245216-1,1251,22/04/2020,Itanhaem,SP
459,VITA SENIOR CAP X 30 (AL),"UNIÃO QUÍMICA FARMACÊUTICANAIONAL",2017950,2,159.972,16078925,31/07/2020,SÃO PAULO,SP
460,VITA SENIOR CAP X 30 (AL),"UNIÃO QUÍMICA FARMACÊUTICANACIONAL",2024863,1 UN,000283481-1,16455213,01/09/2020,São Paulo,SP
461,VITA SENIOR CAP X 30 (AL),"UNIÃO QUÍMICA FARMACÊUTICANACIONAL S/A",1921309,2 UN,000276361-1,16823045,31/08/2020,São Paulo,SP
462,VITA SUPRAZ COM REV X 60 (AL),"UNIÃO QUÍMICA FARMACÊUTICANAIONAL",2026699,6,159.972,16078925,31/07/2020,SÃO PAULO,SP
463,VITA SUPRAZ COM REV X 60 (AL),"UNIÃO QUÍMICA FARMACÊUTICANAIONAL",2026699,2,159.972,16078925,31/07/2020,SÃO PAULO,SP
464,VITA SUPRAZ COM REV X 60 (AL),"UNIÃO QUÍMICA FARMACÊUTICANAIONAL",2026699,6,159.972,16078925,31/07/2020,SÃO PAULO,SP
465,VITA SUPRAZ COMP REV x 30 (AL),"UNIÃO QUÍMICA FARMACÊUTICANACIONAL S/A",1930825,1 UN,000219359-1,350/2020,20/01/2020,ITAQUERA,SP
466,VITA SUPRAZ COMP REV X 30 (AL),"UNIÃO QUÍMICA FARMACÊUTICANACIONAL S/A",1944233,6 UN,000245216-1,1251,22/04/2020,Itanhaem,SP
467,VITA SUPRAZ HAIR X 60 CAP DURA,"UNIÃO QUÍMICA FARMACÊUTICANACIONAL S/A",1949499,90 CARTUCHOS,393773,2020-019131958-001,23/03/2020,POUSO ALEGRE,MG
468,VITA SUPRAZ HAIR X 60 CAP DURA,"UNIÃO QUÍMICA FARMACÊUTICANAIONAL",2004399,2,159.972,16078925,31/07/2020,SÃO PAULO,SP
Ordem,Produto*,Empresa*,No de Série/ Lote*,"Quantidade Roubada/Furtada/ Extraviada*",No Nota Fiscal*,No Boletim de Ocorrência*,Data do roubo ou extravio*,Cidade,UF
469,VITA SUPRAZ HAIR X 60 CAP DURA,"UNIÃO QUÍMICA FARMACÊUTICANAIONAL",2004399,3,159.972,16078925,31/07/2020,SÃO PAULO,SP
470,VITA SUPRAZ HAIR X 60 CAP DURA,"UNIÃO QUÍMICA FARMACÊUTICANAIONAL",2004399,2,159.972,16078925,31/07/2020,SÃO PAULO,SP
471,VITA SUPRAZ HAIR X 60 CAP DURA,"UNIÃO QUÍMICA FARMACÊUTICANAIONAL",2007211,4,165.606,2020-042771923-001,04/09/2020,CONTAGEM,MG
472,"VITA SUPRAZ HOMEM COM REV X 60(AL)","UNIÃO QUÍMICA FARMACÊUTICANACIONAL S/A",1938813L,6 UN,000218100-1,44/2020 e 49/2020 Complementar,11 e 14/01/2020,Brotas,SP
473,"VITA SUPRAZ HOMEM COM REV X 60(AL)","UNIÃO QUÍMICA FARMACÊUTICANACIONAL S/A",1938813L,3 UN,000218150-1,44/2020 e 49/2020 Complementar,11 e 14/01/2020,Brotas,SP
474,"VITA SUPRAZ HOMEM COM REV X 60(AL)","UNIÃO QUÍMICA FARMACÊUTICANACIONAL S/A",1938813L,6 UN,000218203-1,44/2020 e 49/2020 Complementar,11 e 14/01/2020,Brotas,SP
475,"VITA SUPRAZ HOMEM COM REV X 60(AL)","UNIÃO QUÍMICA FARMACÊUTICANACIONAL S/A",1938813L,1 UN,000219359-1,350/2020,20/01/2020,ITAQUERA,SP
476,"VITA SUPRAZ HOMEM COM REV X 60(AL)","UNIÃO QUÍMICA FARMACÊUTICANAIONAL",2018730,6,159.972,16078925,31/07/2020,SÃO PAULO,SP
477,"VITA SUPRAZ HOMEM COM REV X 60(AL)","UNIÃO QUÍMICA FARMACÊUTICANAIONAL",2018730,2,159.972,16078925,31/07/2020,SÃO PAULO,SP
478,"VITA SUPRAZ HOMEM COM REV X 60(AL)","UNIÃO QUÍMICA FARMACÊUTICANAIONAL",2018730,45,159.972,16078925,31/07/2020,SÃO PAULO,SP
479,"VITA SUPRAZ HOMEM COM REV X 60(AL)","UNIÃO QUÍMICA FARMACÊUTICANAIONAL",2018730,4,159.972,16078925,31/07/2020,SÃO PAULO,SP
480,"VITA SUPRAZ HOMEM COM REV X 60(AL)","UNIÃO QUÍMICA FARMACÊUTICANAIONAL",2010081L,2,159.972,16078925,31/07/2020,SÃO PAULO,SP
481,"VITA SUPRAZ HOMEM COM REV X 60(AL)","UNIÃO QUÍMICA FARMACÊUTICANACIONAL",2018730,3 UN,000274769-1,16296859,04/08/2020,São Paulo,SP
482,"VITA SUPRAZ HOMEM COM REV X 60(AL)","UNIÃO QUÍMICA FARMACÊUTICANACIONAL",2010081L,2,147.128,16078925,21/08/2020,UBERLÂNDIA,MG
483,"VITA SUPRAZ HOMEM COM REV X 60(AL)","UNIÃO QUÍMICA FARMACÊUTICANACIONAL",2035816,3,172.406,17163033,18/11/2020,UBERLÂNDIA,MG
484,"VITA SUPRAZ MULHER COM REV X 60(AL)","UNIÃO QUÍMICA FARMACÊUTICANACIONAL S/A",1944844,4 UN,000215208-1,13370507,06/01/2020,Goiás,GO
485,"VITA SUPRAZ MULHER COM REV X 60(AL)","UNIÃO QUÍMICA FARMACÊUTICANACIONAL S/A",1944844,12 UN,000217177-1,143/2020,10/01/2020,Capão Redondo,SP
486,"VITA SUPRAZ MULHER COM REV X 60(AL)","UNIÃO QUÍMICA FARMACÊUTICANACIONAL S/A",1944844,3 UN,000218150-1,44/2020 e 49/2020 Complementar,11 e 14/01/2020,Brotas,SP
487,"VITA SUPRAZ MULHER COM REV X 60(AL)","UNIÃO QUÍMICA FARMACÊUTICANAIONAL",2016713L,6,159.972,16078925,31/07/2020,SÃO PAULO,SP
488,"VITA SUPRAZ MULHER COM REV X 60(AL)","UNIÃO QUÍMICA FARMACÊUTICANAIONAL",2016713L,3,159.972,16078925,31/07/2020,SÃO PAULO,SP
489,"VITA SUPRAZ MULHER COM REV X 60(AL)","UNIÃO QUÍMICA FARMACÊUTICANAIONAL",2016713L,1,159.972,16078925,31/07/2020,SÃO PAULO,SP
490,"VITA SUPRAZ MULHER COM REV X 60(AL)","UNIÃO QUÍMICA FARMACÊUTICANAIONAL",2016713L,3,159.972,16078925,31/07/2020,SÃO PAULO,SP
491,"VITA SUPRAZ MULHER COM REV X 60(AL)","UNIÃO QUÍMICA FARMACÊUTICANAIONAL",2016713L,4,159.972,16078925,31/07/2020,SÃO PAULO,SP
492,"VITA SUPRAZ MULHER COM REV X 60(AL)","UNIÃO QUÍMICA FARMACÊUTICANAIONAL",2016713L,2,159.972,16078925,31/07/2020,SÃO PAULO,SP
493,"VITA SUPRAZ MULHER COM REV X 60(AL)","UNIÃO QUÍMICA FARMACÊUTICANAIONAL",2016713L,6,159.972,16078925,31/07/2020,SÃO PAULO,SP
494,"VITA SUPRAZ MULHER COM REV X 60(AL)","UNIÃO QUÍMICA FARMACÊUTICANAIONAL",2016713L,2,159.972,16078925,31/07/2020,SÃO PAULO,SP
495,"VITA SUPRAZ MULHER COM REV X 60(AL)","UNIÃO QUÍMICA FARMACÊUTICANAIONAL",2000672L,2,159.972,16078925,31/07/2020,SÃO PAULO,SP
496,"VITA SUPRAZ MULHER COM REV X 60(AL)","UNIÃO QUÍMICA FARMACÊUTICANACIONAL",2000672L,2,147.128,16078925,21/08/2020,UBERLÂNDIA,MG
497,"VITA SUPRAZ MULHER COM REV X 60(AL)","UNIÃO QUÍMICA FARMACÊUTICANACIONAL S/A",2024327,2 UN,000286951-1,16805592,21/09/2020,"PRESIDENTEPRUDENTE",SP
498,"VITA SUPRAZ MULHER COM REV X 60(AL)","UNIÃO QUÍMICA FARMACÊUTICANACIONAL S/A",2035004,3 UN,000300475-1,4316/2020,03/11/2020,CAMPINAS,SP
499,"VITA SUPRAZ MULHER COM REV X 60(AL)","UNIÃO QUÍMICA FARMACÊUTICANACIONAL S/A",2035004,2 UN,000300593-1,4316/2020,03/11/2020,CAMPINAS,SP
500,"VITA SUPRAZ MULHER COM REV X 60(AL)","UNIÃO QUÍMICA FARMACÊUTICANACIONAL S/A",2035004,2 UN,000300284-1,4316/2020,03/11/2020,CAMPINAS,SP
501,"VITA SUPRAZ MULHER COM REV X 60(AL)","UNIÃO QUÍMICA FARMACÊUTICANACIONAL",2027314,2,172.406,17163033,18/11/2020,UBERLÂNDIA,MG
502,VITAMINA D CIMED 1.000 UI X 30 CPRV,"NUTRACOM INDUSTRIA E COMÉRCIOLTDA",1920167,4,446303,2020-016912409-001,08/04/2020,"BELOHORIZONTE",MG
503,VITAMINA D CIMED 1.000 UI X 30 CPRV,"NUTRACOM INDUSTRIA E COMÉRCIOLTDA",1920167,12,446405,2020-016912409-001,08/04/2020,"BELOHORIZONTE",MG
504,VITAMINA D CIMED 1.000 UI X 30 CPRV,"NUTRACOM INDUSTRIA E COMÉRCIOLTDA",1920167,24,446667,2020-016912409-001,08/04/2020,"BELOHORIZONTE",MG
Ordem,Produto*,Empresa*,No de Série/ Lote*,"Quantidade Roubada/Furtada/ Extraviada*",No Nota Fiscal*,No Boletim de Ocorrência*,Data do roubo ou extravio*,Cidade,UF
505,VITAMINA D CIMED 1.000 UI X 30 CPRV,"NUTRACOM INDUSTRIA E COMÉRCIOLTDA",1920167,12,446731,2020-016912409-001,08/04/2020,"BELOHORIZONTE",MG
506,VITAMINA D CIMED 1.000 UI X 30 CPRV,"NUTRACOM INDUSTRIA E COMÉRCIOLTDA",2008532,3 UNIDADES,547.181,2020-055465836-001,17/11/2020,BETIM,MG
507,VITAONE CALCIO 600 MG COMP FR X 60,"NUTRACOM INDUTRIA E COMERCIOLTDA",1921010,12,405990,2020-001376043-001,09/01/2020,"RIBEIRÃO DASNEVES",MG
508,VITAONE OMEGA CAP FR C/ 60,"NUTRACOM INDUTRIA E COMERCIOLTDA",1922005,30,405990,2020-001376043-001,09/01/2020,"RIBEIRÃO DASNEVES",MG
509,VITAWIN KIDS 150ML,SANOFI MEDLEY FARMACEUTICA LTDA,9RA07779,1,11306869,2114/2020,06/03/2020,GUARUJÁ,SP
510,"VITAXON C AÇÃO PROLONGADA 500MG24CPR",AIRELA,20G0220,6,84.623,2020-055419157-001,10/11/2020,ALVES DA,MG
511,"VOXX 100% PRO ISO PO SAC 900G SBRBAU","NUTRACOM INDUSTRIA E COMÉRCIOLTDA",2016431,48 UNIDADES,,20E0230000428,03/11/2020,LAJEDO,PE
512,VOXX CAFFEINE CAPS PT C/ 100,"NUTRACOM INDUSTRIA E COMÉRCIOLTDA",2018826,96 UNIDADES,,20E0230000428,03/11/2020,LAJEDO,PE
513,"VOXX ELITE MASS PO SAC 2560 KGSBR BAU","NUTRACOM INDUSTRIA E COMÉRCIOLTDA",1917659,1,450796,2020-019499094-001,24/04/2020,"RIBEIRÃO DASNEVES",MG
514,"VOXX ELITE MASS PO SAC 2560 KGSBR CHOC","NUTRACOM INDUSTRIA E COMÉRCIOLTDA",2002040,1,450796,2020-019499094-001,24/04/2020,"RIBEIRÃO DASNEVES",MG
515,"VOXX ELITE MASS PO SAC 2560 KGSBR MOR","NUTRACOM INDUSTRIA E COMÉRCIOLTDA",2001923,1,450796,2020-019499094-001,24/04/2020,"RIBEIRÃO DASNEVES",MG
516,YKS4 YAKISSOBA DESIDRATADO 500G,NISSIN FOODS DO BRASIL,14/10/2020 H,750 UNIDADES,0044137,20E2141000464,10/02/2020,GRAVATÁ,PE
517,Zafolat,Abbott Laboratórios do Brasil Ltda.,1102090,6 caixas,260.017,4.807/2020-0,20/10/2020,Guará,DF
518,Zafolat,Abbott Laboratórios do Brasil Ltda.,1102090,08 caixas,000260218,"2099/20202112/2020",12/11/2020,São Paulo,SP
